id_absencia,id_colaborador,data_absencia,tipo_absencia,justificada,dias_ausencia,horas_ausencia
1,1,2025-11-23,Atestado,1,3,24
2,1,2025-05-10,Falta injustificada,0,1,8
3,1,2025-03-22,Atestado,1,2,16
4,2,2022-09-04,Atestado,1,3,24
5,2,2023-06-07,Falta injustificada,0,1,8
6,2,2020-07-11,Atraso,1,0,1
7,2,2022-03-31,Licença curta,1,2,16
8,3,2025-08-01,Atestado,1,3,24
9,3,2025-11-04,Atestado,1,1,8
10,3,2025-02-01,Atestado,1,2,16
11,4,2020-11-12,Atestado,1,1,8
12,4,2023-07-12,Atestado,1,3,24
13,4,2022-05-11,Atraso,1,0,1
14,4,2020-09-25,Atestado,1,3,24
15,4,2022-05-11,Atraso,1,0,1
16,4,2021-10-13,Licença curta,1,4,32
17,4,2021-09-24,Licença curta,1,3,24
18,6,2022-09-22,Atraso,1,0,2
19,6,2022-09-02,Falta injustificada,0,3,24
20,6,2022-11-28,Atraso,1,0,1
21,6,2025-06-14,Atraso,1,0,2
22,6,2023-08-05,Falta injustificada,0,3,24
23,6,2021-10-11,Atraso,1,0,2
24,6,2022-08-25,Atestado,1,1,8
25,6,2022-01-01,Atestado,1,2,16
26,6,2021-10-05,Atestado,1,1,8
27,7,2024-08-10,Atestado,1,3,24
28,7,2023-12-31,Atestado,1,1,8
29,7,2022-04-11,Licença curta,1,4,32
30,7,2024-03-13,Atraso,1,0,2
31,7,2022-11-26,Atestado,1,2,16
32,7,2021-11-28,Atestado,1,3,24
33,8,2020-08-17,Atraso,1,0,2
34,8,2022-04-04,Atestado,1,1,8
35,8,2019-12-31,Atraso,1,0,2
36,8,2019-06-09,Atraso,1,0,1
37,9,2021-12-23,Atestado,1,3,24
38,9,2022-04-14,Atestado,1,3,24
39,9,2023-06-18,Falta injustificada,0,1,8
40,9,2019-12-11,Atraso,1,0,1
41,9,2018-10-23,Falta injustificada,0,2,16
42,10,2024-05-01,Falta injustificada,0,1,8
43,10,2025-04-07,Licença curta,1,2,16
44,11,2021-02-13,Atestado,1,2,16
45,11,2024-07-20,Atestado,1,1,8
46,11,2025-02-26,Licença curta,1,4,32
47,11,2023-08-29,Atestado,1,2,16
48,11,2022-05-18,Atraso,1,0,2
49,11,2021-01-13,Atestado,1,2,16
50,11,2021-08-19,Atestado,1,1,8
51,11,2025-05-29,Falta injustificada,0,1,8
52,11,2025-04-07,Falta injustificada,0,2,16
53,12,2025-01-30,Atestado,1,3,24
54,12,2025-03-24,Atestado,1,2,16
55,12,2023-11-19,Falta injustificada,0,1,8
56,12,2022-07-02,Atestado,1,1,8
57,12,2024-09-14,Falta injustificada,0,2,16
58,12,2023-04-14,Atestado,1,2,16
59,12,2022-04-10,Atestado,1,3,24
60,13,2024-11-05,Atraso,1,0,1
61,13,2022-12-20,Falta injustificada,0,2,16
62,13,2023-08-29,Atestado,1,2,16
63,14,2022-03-27,Atestado,1,1,8
64,15,2025-10-14,Atraso,1,0,2
65,15,2025-04-11,Falta injustificada,0,2,16
66,16,2024-07-11,Falta injustificada,0,2,16
67,16,2023-08-30,Atestado,1,2,16
68,16,2025-05-03,Atraso,1,0,3
69,16,2024-02-28,Atestado,1,3,24
70,16,2024-10-17,Atestado,1,1,8
71,17,2024-06-26,Atraso,1,0,1
72,17,2022-03-19,Atraso,1,0,1
73,17,2023-11-29,Falta injustificada,0,3,24
74,17,2022-03-28,Atraso,1,0,3
75,17,2023-06-19,Atestado,1,3,24
76,17,2025-04-12,Atestado,1,1,8
77,18,2025-12-24,Atestado,1,2,16
78,18,2024-07-11,Atestado,1,2,16
79,18,2023-10-14,Falta injustificada,0,3,24
80,18,2023-11-09,Falta injustificada,0,1,8
81,19,2025-03-25,Atestado,1,1,8
82,20,2025-12-23,Licença curta,1,3,24
83,21,2025-08-24,Atraso,1,0,1
84,21,2025-05-16,Atestado,1,1,8
85,22,2025-07-01,Atestado,1,1,8
86,22,2025-10-02,Atestado,1,2,16
87,22,2025-07-03,Atestado,1,3,24
88,22,2025-03-16,Atraso,1,0,1
89,22,2025-01-11,Atestado,1,3,24
90,22,2024-10-05,Falta injustificada,0,3,24
91,23,2025-07-12,Atestado,1,3,24
92,24,2025-05-01,Falta injustificada,0,2,16
93,25,2024-11-03,Falta injustificada,0,3,24
94,25,2025-07-08,Falta injustificada,0,2,16
95,25,2025-02-19,Falta injustificada,0,3,24
96,25,2024-10-25,Atraso,1,0,1
97,26,2020-08-16,Atestado,1,1,8
98,26,2019-11-09,Atraso,1,0,2
99,27,2023-07-27,Atestado,1,1,8
100,27,2024-08-24,Licença curta,1,2,16
101,27,2025-02-18,Falta injustificada,0,3,24
102,27,2025-08-13,Atraso,1,0,2
103,27,2025-11-21,Atestado,1,2,16
104,27,2023-02-16,Atestado,1,2,16
105,27,2024-11-27,Falta injustificada,0,3,24
106,27,2021-08-20,Licença curta,1,2,16
107,27,2022-07-06,Atestado,1,1,8
108,27,2024-07-19,Atraso,1,0,4
109,27,2025-07-11,Falta injustificada,0,3,24
110,27,2025-10-31,Licença curta,1,2,16
111,27,2025-07-15,Atestado,1,1,8
112,28,2024-08-28,Atestado,1,1,8
113,28,2023-06-29,Atestado,1,3,24
114,28,2022-08-02,Falta injustificada,0,2,16
115,30,2024-09-23,Atestado,1,1,8
116,30,2022-01-08,Atestado,1,3,24
117,30,2023-04-07,Atestado,1,2,16
118,30,2023-02-17,Atestado,1,2,16
119,30,2023-07-30,Falta injustificada,0,1,8
120,30,2019-10-22,Atraso,1,0,4
121,30,2025-06-09,Falta injustificada,0,2,16
122,30,2021-02-22,Atestado,1,2,16
123,30,2020-05-31,Licença curta,1,4,32
124,30,2025-11-14,Atraso,1,0,2
125,30,2020-04-23,Falta injustificada,0,1,8
126,30,2025-12-29,Licença curta,1,4,32
127,30,2020-12-11,Falta injustificada,0,2,16
128,30,2020-01-24,Atestado,1,1,8
129,30,2024-07-22,Falta injustificada,0,3,24
130,31,2024-08-16,Atestado,1,2,16
131,31,2025-01-06,Atestado,1,2,16
132,31,2025-12-27,Falta injustificada,0,2,16
133,31,2022-07-24,Atraso,1,0,4
134,31,2022-04-14,Atestado,1,2,16
135,31,2024-02-13,Falta injustificada,0,1,8
136,31,2025-06-08,Licença curta,1,3,24
137,31,2023-05-02,Atestado,1,1,8
138,31,2020-02-12,Falta injustificada,0,3,24
139,31,2022-04-27,Atraso,1,0,1
140,31,2022-01-17,Atraso,1,0,3
141,31,2022-09-07,Atestado,1,1,8
142,31,2021-03-29,Atestado,1,3,24
143,31,2019-06-01,Atestado,1,1,8
144,31,2018-02-19,Atestado,1,1,8
145,31,2025-04-11,Atestado,1,1,8
146,32,2022-11-16,Atestado,1,3,24
147,32,2024-10-18,Atestado,1,3,24
148,32,2024-07-08,Atraso,1,0,4
149,32,2022-10-31,Atestado,1,1,8
150,32,2022-11-03,Atestado,1,3,24
151,32,2024-05-26,Falta injustificada,0,2,16
152,32,2025-12-20,Falta injustificada,0,3,24
153,33,2025-07-21,Falta injustificada,0,3,24
154,33,2024-11-12,Licença curta,1,5,40
155,33,2025-10-15,Atraso,1,0,1
156,34,2023-07-14,Atraso,1,0,2
157,34,2024-12-19,Atestado,1,2,16
158,34,2023-02-02,Falta injustificada,0,2,16
159,34,2021-04-22,Falta injustificada,0,1,8
160,34,2023-07-16,Atestado,1,3,24
161,34,2018-11-10,Atestado,1,3,24
162,34,2024-05-12,Atestado,1,3,24
163,34,2021-06-06,Falta injustificada,0,3,24
164,34,2024-05-27,Atraso,1,0,4
165,34,2021-10-17,Atestado,1,2,16
166,34,2024-11-25,Atraso,1,0,1
167,34,2025-03-28,Falta injustificada,0,2,16
168,35,2020-03-24,Falta injustificada,0,1,8
169,35,2025-04-09,Atestado,1,3,24
170,35,2023-12-26,Falta injustificada,0,1,8
171,35,2025-04-02,Atraso,1,0,1
172,35,2020-09-30,Atestado,1,1,8
173,35,2025-10-03,Atraso,1,0,3
174,35,2022-12-26,Atestado,1,2,16
175,35,2025-08-25,Atestado,1,1,8
176,35,2025-09-20,Falta injustificada,0,3,24
177,35,2020-11-04,Falta injustificada,0,1,8
178,35,2025-02-24,Atestado,1,3,24
179,36,2021-04-01,Falta injustificada,0,3,24
180,36,2023-11-17,Licença curta,1,2,16
181,36,2024-03-24,Atraso,1,0,4
182,36,2020-06-30,Atestado,1,2,16
183,36,2025-06-19,Atraso,1,0,1
184,36,2025-08-20,Falta injustificada,0,3,24
185,36,2024-02-03,Atestado,1,2,16
186,36,2024-05-01,Atestado,1,2,16
187,36,2023-08-14,Atraso,1,0,3
188,36,2022-04-03,Atestado,1,1,8
189,37,2025-05-23,Atestado,1,3,24
190,37,2025-09-11,Atestado,1,2,16
191,37,2025-07-27,Atestado,1,3,24
192,37,2022-12-15,Atestado,1,1,8
193,37,2025-01-08,Atestado,1,2,16
194,37,2024-09-26,Atraso,1,0,2
195,37,2022-06-11,Licença curta,1,2,16
196,37,2025-03-05,Falta injustificada,0,2,16
197,37,2025-08-18,Licença curta,1,2,16
198,37,2023-02-07,Falta injustificada,0,2,16
199,37,2021-12-15,Falta injustificada,0,1,8
200,37,2024-04-30,Licença curta,1,2,16
201,37,2025-11-21,Falta injustificada,0,2,16
202,39,2023-03-16,Falta injustificada,0,1,8
203,39,2025-03-30,Licença curta,1,4,32
204,39,2023-05-02,Atestado,1,2,16
205,39,2021-11-14,Falta injustificada,0,3,24
206,39,2022-06-01,Atestado,1,3,24
207,39,2022-10-08,Falta injustificada,0,3,24
208,39,2025-12-07,Falta injustificada,0,1,8
209,39,2025-06-26,Atestado,1,2,16
210,39,2023-11-12,Atestado,1,1,8
211,39,2023-04-04,Falta injustificada,0,3,24
212,39,2023-02-11,Atestado,1,2,16
213,39,2022-10-21,Atestado,1,3,24
214,39,2021-12-22,Atraso,1,0,1
215,40,2022-05-24,Falta injustificada,0,1,8
216,40,2025-11-23,Atraso,1,0,4
217,40,2021-04-14,Licença curta,1,3,24
218,40,2025-03-02,Atraso,1,0,1
219,40,2023-04-02,Atestado,1,2,16
220,40,2024-10-15,Atestado,1,2,16
221,40,2021-10-21,Atestado,1,3,24
222,40,2022-12-09,Falta injustificada,0,3,24
223,40,2024-01-17,Falta injustificada,0,1,8
224,41,2021-02-13,Falta injustificada,0,3,24
225,41,2022-08-17,Atestado,1,1,8
226,41,2025-12-16,Atestado,1,2,16
227,41,2020-01-22,Atestado,1,1,8
228,41,2020-08-20,Atestado,1,2,16
229,41,2023-03-25,Atraso,1,0,4
230,41,2024-02-05,Atestado,1,2,16
231,41,2024-02-05,Atestado,1,3,24
232,41,2024-09-23,Falta injustificada,0,1,8
233,41,2023-01-06,Licença curta,1,5,40
234,41,2024-01-29,Atestado,1,2,16
235,41,2020-05-20,Atestado,1,3,24
236,42,2023-07-24,Atestado,1,1,8
237,42,2022-09-28,Atestado,1,2,16
238,42,2023-04-07,Atraso,1,0,1
239,42,2024-12-04,Atestado,1,2,16
240,42,2024-02-04,Atestado,1,3,24
241,42,2021-05-09,Atraso,1,0,2
242,42,2021-09-01,Atestado,1,3,24
243,42,2024-09-11,Atestado,1,2,16
244,43,2025-08-12,Licença curta,1,4,32
245,43,2025-05-05,Atestado,1,2,16
246,43,2025-02-24,Atestado,1,1,8
247,43,2025-02-12,Atraso,1,0,1
248,43,2025-07-01,Atestado,1,2,16
249,44,2023-12-03,Atestado,1,3,24
250,44,2025-11-12,Falta injustificada,0,1,8
251,44,2025-06-24,Atestado,1,2,16
252,44,2023-07-29,Atestado,1,2,16
253,44,2025-08-20,Atestado,1,1,8
254,44,2022-08-12,Atestado,1,1,8
255,44,2022-08-19,Falta injustificada,0,2,16
256,44,2023-02-11,Atraso,1,0,3
257,44,2025-07-05,Atestado,1,1,8
258,45,2025-04-01,Licença curta,1,4,32
259,45,2023-12-24,Atestado,1,3,24
260,45,2024-05-03,Atestado,1,2,16
261,45,2023-10-31,Falta injustificada,0,1,8
262,46,2025-05-06,Falta injustificada,0,3,24
263,47,2021-03-06,Atestado,1,1,8
264,47,2022-07-31,Atestado,1,3,24
265,48,2021-06-03,Atestado,1,3,24
266,48,2021-05-27,Atestado,1,1,8
267,48,2021-07-07,Atestado,1,2,16
268,48,2022-02-16,Atestado,1,1,8
269,48,2022-02-14,Atestado,1,2,16
270,48,2023-05-12,Atestado,1,2,16
271,48,2020-11-27,Licença curta,1,5,40
272,48,2023-02-27,Atestado,1,2,16
273,48,2023-09-07,Falta injustificada,0,2,16
274,48,2021-11-15,Atestado,1,1,8
275,48,2023-03-02,Atestado,1,1,8
276,48,2024-05-07,Atestado,1,2,16
277,48,2023-10-15,Atestado,1,1,8
278,49,2024-11-23,Atestado,1,2,16
279,49,2024-09-02,Atestado,1,2,16
280,49,2024-05-14,Licença curta,1,5,40
281,49,2024-09-25,Atestado,1,3,24
282,49,2025-04-10,Atestado,1,1,8
283,49,2025-12-24,Atestado,1,2,16
284,49,2024-06-23,Atraso,1,0,1
285,49,2024-07-29,Atraso,1,0,1
286,50,2024-03-24,Atestado,1,2,16
287,50,2020-08-12,Atestado,1,3,24
288,50,2025-05-19,Atraso,1,0,1
289,50,2019-05-11,Atestado,1,2,16
290,50,2021-01-25,Atestado,1,1,8
291,50,2018-07-22,Atestado,1,1,8
292,50,2018-12-15,Atraso,1,0,1
293,50,2024-07-28,Licença curta,1,4,32
294,50,2023-03-02,Licença curta,1,2,16
295,50,2023-09-30,Atestado,1,1,8
296,50,2025-06-27,Atestado,1,3,24
297,50,2018-03-05,Atraso,1,0,1
298,51,2023-07-03,Falta injustificada,0,3,24
299,52,2022-05-27,Atestado,1,2,16
300,52,2019-09-21,Licença curta,1,4,32
301,52,2022-05-30,Atraso,1,0,2
302,52,2024-06-19,Atraso,1,0,1
303,52,2018-01-24,Atraso,1,0,1
304,52,2023-10-21,Atestado,1,3,24
305,52,2023-07-11,Falta injustificada,0,2,16
306,52,2022-11-30,Atestado,1,2,16
307,52,2018-10-23,Licença curta,1,3,24
308,52,2018-01-22,Atestado,1,2,16
309,52,2025-10-02,Licença curta,1,5,40
310,52,2019-05-20,Licença curta,1,4,32
311,52,2021-10-05,Atestado,1,3,24
312,52,2021-06-02,Atraso,1,0,1
313,52,2022-07-07,Licença curta,1,2,16
314,52,2025-02-10,Atestado,1,3,24
315,52,2019-01-15,Falta injustificada,0,2,16
316,52,2024-01-07,Atestado,1,2,16
317,52,2018-12-04,Atestado,1,2,16
318,52,2021-04-10,Atestado,1,3,24
319,52,2020-04-19,Atestado,1,1,8
320,52,2024-03-29,Atraso,1,0,2
321,52,2018-06-19,Falta injustificada,0,2,16
322,53,2023-10-25,Atraso,1,0,4
323,53,2024-06-02,Atestado,1,3,24
324,54,2024-07-02,Falta injustificada,0,1,8
325,55,2025-11-05,Atestado,1,3,24
326,55,2025-01-31,Atraso,1,0,1
327,55,2025-06-11,Atraso,1,0,2
328,55,2024-04-25,Atestado,1,3,24
329,55,2025-04-22,Falta injustificada,0,3,24
330,55,2024-08-11,Atestado,1,1,8
331,55,2024-03-06,Atestado,1,1,8
332,57,2018-12-02,Atestado,1,3,24
333,57,2025-04-14,Atestado,1,1,8
334,57,2024-02-14,Atestado,1,2,16
335,57,2019-05-06,Licença curta,1,4,32
336,57,2024-03-28,Atestado,1,3,24
337,57,2023-09-04,Atraso,1,0,2
338,57,2018-10-27,Falta injustificada,0,1,8
339,57,2022-06-10,Atestado,1,1,8
340,57,2022-06-04,Licença curta,1,2,16
341,57,2023-03-08,Atestado,1,1,8
342,58,2024-10-27,Falta injustificada,0,3,24
343,58,2025-02-20,Atestado,1,3,24
344,60,2025-04-09,Atestado,1,3,24
345,60,2025-09-16,Licença curta,1,3,24
346,60,2025-12-13,Atraso,1,0,3
347,60,2024-01-04,Atestado,1,1,8
348,60,2022-11-28,Atestado,1,3,24
349,61,2021-09-19,Atestado,1,2,16
350,61,2024-08-04,Atraso,1,0,3
351,61,2021-01-12,Atestado,1,2,16
352,61,2024-05-23,Atestado,1,1,8
353,61,2022-04-15,Atraso,1,0,1
354,61,2024-11-09,Falta injustificada,0,3,24
355,61,2021-08-28,Atestado,1,1,8
356,61,2021-11-21,Atestado,1,3,24
357,61,2021-03-16,Licença curta,1,4,32
358,62,2025-07-30,Licença curta,1,2,16
359,62,2023-07-15,Atraso,1,0,1
360,63,2024-12-21,Falta injustificada,0,1,8
361,63,2024-11-10,Atestado,1,1,8
362,63,2022-02-21,Atraso,1,0,1
363,63,2022-03-09,Atestado,1,2,16
364,63,2024-11-18,Licença curta,1,3,24
365,64,2019-10-30,Atestado,1,1,8
366,64,2023-11-25,Atestado,1,2,16
367,64,2023-08-18,Atraso,1,0,2
368,64,2022-10-04,Licença curta,1,2,16
369,64,2025-07-31,Atestado,1,3,24
370,64,2020-08-29,Atestado,1,2,16
371,64,2021-07-06,Atraso,1,0,2
372,64,2019-08-19,Atestado,1,3,24
373,64,2021-01-24,Atestado,1,2,16
374,64,2019-10-30,Atestado,1,1,8
375,64,2022-03-11,Atestado,1,1,8
376,64,2023-10-11,Licença curta,1,3,24
377,65,2023-08-20,Atestado,1,3,24
378,65,2021-05-02,Atestado,1,2,16
379,65,2022-03-20,Falta injustificada,0,3,24
380,65,2019-12-10,Atraso,1,0,1
381,65,2020-12-24,Falta injustificada,0,1,8
382,65,2023-09-14,Falta injustificada,0,1,8
383,65,2019-08-30,Atestado,1,2,16
384,65,2020-05-22,Atestado,1,1,8
385,66,2019-11-07,Atestado,1,1,8
386,66,2020-10-08,Atestado,1,3,24
387,66,2022-12-14,Falta injustificada,0,2,16
388,67,2025-10-26,Atraso,1,0,2
389,69,2021-11-13,Atraso,1,0,1
390,69,2019-11-29,Atraso,1,0,2
391,69,2020-05-10,Atestado,1,1,8
392,69,2020-09-19,Atestado,1,3,24
393,69,2021-09-22,Atestado,1,2,16
394,69,2020-07-16,Licença curta,1,3,24
395,69,2019-05-31,Atestado,1,3,24
396,69,2020-03-17,Licença curta,1,5,40
397,69,2019-09-11,Atestado,1,3,24
398,70,2022-09-09,Atraso,1,0,1
399,70,2022-10-27,Atestado,1,2,16
400,70,2021-11-09,Atraso,1,0,1
401,70,2023-05-30,Atraso,1,0,1
402,70,2022-07-04,Atestado,1,1,8
403,70,2022-03-05,Atestado,1,3,24
404,70,2022-02-10,Atestado,1,3,24
405,71,2022-11-05,Atestado,1,3,24
406,71,2023-08-30,Atestado,1,1,8
407,71,2023-06-02,Atestado,1,3,24
408,71,2024-07-06,Atraso,1,0,1
409,71,2021-12-25,Falta injustificada,0,2,16
410,71,2021-02-10,Licença curta,1,3,24
411,71,2021-06-12,Falta injustificada,0,1,8
412,71,2024-08-28,Atraso,1,0,1
413,71,2025-07-19,Atestado,1,2,16
414,71,2023-08-09,Atraso,1,0,2
415,71,2021-10-21,Falta injustificada,0,1,8
416,71,2024-07-28,Falta injustificada,0,1,8
417,71,2021-02-12,Atestado,1,3,24
418,71,2022-11-09,Atestado,1,2,16
419,71,2021-12-28,Atraso,1,0,2
420,72,2023-07-17,Atraso,1,0,1
421,72,2022-07-06,Atestado,1,2,16
422,72,2024-07-24,Atestado,1,2,16
423,72,2021-05-06,Atestado,1,1,8
424,72,2025-04-03,Licença curta,1,2,16
425,72,2024-02-12,Atestado,1,1,8
426,72,2021-12-27,Atestado,1,1,8
427,72,2023-10-28,Licença curta,1,2,16
428,72,2021-07-02,Atestado,1,1,8
429,72,2025-02-23,Atraso,1,0,1
430,72,2023-08-06,Atestado,1,3,24
431,72,2024-05-09,Licença curta,1,4,32
432,72,2023-06-15,Atestado,1,1,8
433,72,2025-04-17,Falta injustificada,0,3,24
434,73,2025-12-21,Atestado,1,2,16
435,73,2022-03-24,Atestado,1,1,8
436,74,2024-08-15,Atestado,1,1,8
437,74,2023-05-06,Falta injustificada,0,1,8
438,74,2025-02-08,Falta injustificada,0,1,8
439,74,2024-11-25,Atestado,1,1,8
440,74,2023-03-17,Atestado,1,2,16
441,74,2025-07-06,Licença curta,1,2,16
442,74,2025-03-28,Atraso,1,0,1
443,74,2023-08-10,Falta injustificada,0,1,8
444,75,2023-02-02,Atraso,1,0,1
445,75,2022-03-22,Falta injustificada,0,1,8
446,75,2021-11-04,Atestado,1,2,16
447,75,2020-06-08,Atestado,1,2,16
448,76,2021-11-02,Atestado,1,3,24
449,76,2023-09-06,Atestado,1,2,16
450,76,2021-12-05,Atestado,1,2,16
451,76,2021-02-01,Atestado,1,1,8
452,76,2020-04-30,Licença curta,1,4,32
453,76,2021-03-11,Atestado,1,1,8
454,76,2024-11-17,Atestado,1,2,16
455,76,2024-05-08,Atestado,1,1,8
456,76,2023-07-07,Falta injustificada,0,1,8
457,76,2022-12-20,Atestado,1,3,24
458,76,2021-06-02,Atestado,1,3,24
459,76,2021-07-26,Atestado,1,3,24
460,76,2025-11-10,Atestado,1,1,8
461,76,2020-08-18,Atestado,1,2,16
462,77,2024-04-19,Falta injustificada,0,2,16
463,77,2020-11-15,Atestado,1,3,24
464,77,2023-10-04,Falta injustificada,0,2,16
465,77,2021-07-30,Atestado,1,1,8
466,77,2023-04-01,Falta injustificada,0,3,24
467,77,2021-03-19,Atraso,1,0,4
468,77,2021-03-24,Atestado,1,2,16
469,77,2023-04-26,Atestado,1,3,24
470,77,2020-12-09,Atestado,1,3,24
471,77,2020-02-13,Licença curta,1,2,16
472,77,2023-02-18,Licença curta,1,2,16
473,77,2018-11-24,Atestado,1,2,16
474,77,2024-02-07,Atestado,1,1,8
475,77,2023-03-22,Atestado,1,3,24
476,77,2022-11-14,Atestado,1,2,16
477,77,2019-07-19,Atestado,1,2,16
478,77,2024-01-01,Atestado,1,1,8
479,78,2020-02-01,Atestado,1,3,24
480,78,2019-04-17,Falta injustificada,0,3,24
481,78,2023-09-18,Atestado,1,1,8
482,78,2020-08-22,Atestado,1,2,16
483,78,2022-06-21,Atestado,1,1,8
484,78,2020-03-03,Atestado,1,1,8
485,78,2024-07-14,Falta injustificada,0,3,24
486,78,2022-07-28,Atestado,1,1,8
487,78,2024-04-21,Atestado,1,3,24
488,78,2025-09-12,Atestado,1,1,8
489,78,2024-04-03,Atraso,1,0,2
490,78,2024-05-09,Falta injustificada,0,1,8
491,78,2023-09-13,Falta injustificada,0,1,8
492,78,2023-04-23,Atestado,1,3,24
493,78,2024-05-11,Atestado,1,3,24
494,78,2019-03-03,Falta injustificada,0,3,24
495,78,2019-12-12,Atestado,1,2,16
496,78,2022-11-20,Atestado,1,3,24
497,79,2020-02-06,Falta injustificada,0,2,16
498,79,2024-07-05,Falta injustificada,0,2,16
499,79,2025-10-25,Atestado,1,3,24
500,79,2022-01-21,Atestado,1,3,24
501,79,2020-08-22,Atestado,1,3,24
502,79,2023-07-02,Atestado,1,3,24
503,80,2022-10-11,Atestado,1,3,24
504,80,2024-07-06,Atestado,1,2,16
505,81,2025-10-05,Falta injustificada,0,1,8
506,81,2021-05-28,Atestado,1,2,16
507,81,2022-10-31,Atestado,1,2,16
508,81,2024-04-02,Falta injustificada,0,1,8
509,81,2022-10-31,Atestado,1,2,16
510,81,2021-10-06,Atestado,1,3,24
511,81,2023-12-01,Atestado,1,3,24
512,81,2021-02-27,Atestado,1,3,24
513,81,2024-10-04,Atestado,1,1,8
514,81,2021-07-23,Atestado,1,2,16
515,81,2022-02-13,Atestado,1,3,24
516,81,2021-06-02,Atestado,1,3,24
517,81,2023-06-19,Licença curta,1,3,24
518,82,2022-08-28,Atestado,1,3,24
519,82,2022-09-13,Falta injustificada,0,1,8
520,82,2020-03-25,Atraso,1,0,1
521,82,2020-05-30,Licença curta,1,4,32
522,82,2021-04-04,Atestado,1,3,24
523,82,2020-10-21,Atestado,1,2,16
524,82,2018-09-27,Atraso,1,0,1
525,82,2018-10-15,Atestado,1,2,16
526,82,2020-05-15,Atestado,1,2,16
527,82,2021-02-27,Atestado,1,3,24
528,82,2021-05-21,Atestado,1,1,8
529,82,2021-01-25,Atestado,1,3,24
530,83,2021-04-19,Falta injustificada,0,3,24
531,83,2021-09-16,Atestado,1,3,24
532,83,2021-10-24,Atestado,1,2,16
533,84,2023-08-29,Atestado,1,3,24
534,84,2023-03-10,Falta injustificada,0,3,24
535,84,2025-01-04,Atestado,1,1,8
536,84,2022-03-07,Atraso,1,0,1
537,84,2023-09-10,Licença curta,1,2,16
538,85,2024-02-16,Atestado,1,2,16
539,85,2024-04-06,Licença curta,1,4,32
540,85,2024-02-14,Atestado,1,1,8
541,85,2024-03-30,Atestado,1,2,16
542,86,2021-08-09,Falta injustificada,0,3,24
543,86,2021-10-22,Atraso,1,0,1
544,86,2023-10-05,Atestado,1,1,8
545,86,2025-11-18,Atestado,1,1,8
546,86,2023-11-24,Falta injustificada,0,3,24
547,87,2021-08-23,Licença curta,1,4,32
548,87,2023-11-08,Atestado,1,3,24
549,87,2024-07-20,Atraso,1,0,3
550,87,2022-04-04,Atraso,1,0,2
551,87,2024-03-04,Atestado,1,2,16
552,87,2023-11-15,Atestado,1,2,16
553,88,2025-07-01,Atraso,1,0,4
554,88,2025-05-15,Atraso,1,0,1
555,88,2024-06-29,Atestado,1,2,16
556,88,2024-09-23,Atestado,1,1,8
557,89,2023-11-22,Falta injustificada,0,1,8
558,89,2025-04-15,Atraso,1,0,2
559,89,2025-08-21,Atestado,1,2,16
560,89,2024-12-25,Atestado,1,3,24
561,89,2024-10-16,Atestado,1,3,24
562,89,2025-08-22,Falta injustificada,0,2,16
563,89,2025-03-11,Atestado,1,3,24
564,89,2025-09-11,Atestado,1,3,24
565,89,2025-04-25,Atestado,1,3,24
566,90,2025-05-01,Atestado,1,2,16
567,90,2024-07-16,Atestado,1,3,24
568,90,2023-07-30,Atestado,1,2,16
569,90,2023-10-19,Atestado,1,2,16
570,91,2025-08-07,Atestado,1,2,16
571,91,2025-09-13,Licença curta,1,4,32
572,93,2019-12-16,Licença curta,1,3,24
573,93,2023-05-22,Falta injustificada,0,2,16
574,93,2024-07-16,Atestado,1,1,8
575,93,2021-03-25,Licença curta,1,4,32
576,93,2021-06-21,Licença curta,1,3,24
577,93,2021-02-23,Licença curta,1,3,24
578,94,2022-08-14,Licença curta,1,2,16
579,94,2020-05-30,Atestado,1,2,16
580,94,2021-05-15,Atraso,1,0,1
581,94,2024-11-22,Atestado,1,2,16
582,94,2024-02-05,Atestado,1,1,8
583,94,2022-04-02,Atestado,1,3,24
584,95,2025-12-07,Atestado,1,1,8
585,95,2025-06-20,Atestado,1,2,16
586,95,2021-11-10,Atestado,1,1,8
587,95,2022-03-09,Atestado,1,2,16
588,95,2024-01-22,Atraso,1,0,1
589,95,2019-10-29,Atestado,1,3,24
590,95,2021-05-21,Atestado,1,1,8
591,95,2018-04-14,Atestado,1,2,16
592,95,2023-08-09,Atestado,1,1,8
593,95,2023-02-21,Atestado,1,2,16
594,95,2019-10-03,Atraso,1,0,4
595,95,2018-01-19,Atraso,1,0,1
596,95,2024-02-17,Atestado,1,3,24
597,96,2025-06-07,Atestado,1,3,24
598,96,2025-05-01,Falta injustificada,0,2,16
599,96,2025-04-25,Atraso,1,0,3
600,97,2025-01-27,Atraso,1,0,1
601,97,2024-07-26,Atestado,1,3,24
602,97,2023-05-16,Atraso,1,0,1
603,97,2025-03-14,Atestado,1,3,24
604,97,2025-01-01,Atestado,1,2,16
605,97,2023-11-28,Falta injustificada,0,3,24
606,97,2023-04-11,Atestado,1,3,24
607,97,2024-04-20,Atraso,1,0,1
608,97,2023-01-27,Licença curta,1,3,24
609,98,2025-02-16,Atestado,1,1,8
610,98,2022-05-28,Atestado,1,1,8
611,98,2023-06-16,Atestado,1,3,24
612,98,2021-06-03,Atestado,1,2,16
613,98,2022-12-16,Atestado,1,1,8
614,98,2022-08-11,Falta injustificada,0,1,8
615,98,2025-10-08,Atestado,1,3,24
616,98,2021-02-20,Atestado,1,3,24
617,98,2024-11-08,Atraso,1,0,4
618,98,2021-06-10,Atestado,1,2,16
619,98,2021-02-22,Atestado,1,1,8
620,98,2019-11-21,Licença curta,1,5,40
621,98,2019-12-06,Atestado,1,3,24
622,98,2023-05-17,Licença curta,1,3,24
623,98,2024-06-13,Atestado,1,2,16
624,98,2025-09-18,Atraso,1,0,1
625,99,2025-10-31,Atestado,1,3,24
626,99,2019-09-04,Licença curta,1,4,32
627,99,2023-07-04,Atestado,1,1,8
628,99,2023-11-04,Atraso,1,0,1
629,99,2023-03-12,Licença curta,1,5,40
630,100,2024-05-31,Atraso,1,0,1
631,100,2020-05-14,Atestado,1,2,16
632,100,2024-02-06,Atestado,1,2,16
633,100,2023-09-08,Falta injustificada,0,2,16
634,100,2021-03-19,Atraso,1,0,4
635,100,2022-08-26,Atestado,1,3,24
636,102,2022-12-05,Atestado,1,3,24
637,102,2022-11-20,Atestado,1,2,16
638,102,2022-09-16,Atraso,1,0,2
639,103,2021-01-11,Atraso,1,0,2
640,103,2023-12-13,Falta injustificada,0,3,24
641,103,2023-11-03,Atestado,1,1,8
642,103,2020-02-28,Atestado,1,1,8
643,103,2021-07-11,Licença curta,1,4,32
644,103,2024-07-08,Atraso,1,0,1
645,103,2025-01-31,Atestado,1,2,16
646,105,2024-02-21,Licença curta,1,5,40
647,105,2024-03-15,Atraso,1,0,2
648,105,2023-12-22,Falta injustificada,0,2,16
649,105,2025-09-30,Licença curta,1,4,32
650,105,2025-02-12,Atestado,1,1,8
651,105,2025-07-07,Atestado,1,2,16
652,105,2025-12-12,Licença curta,1,3,24
653,106,2024-03-21,Atestado,1,1,8
654,106,2025-12-29,Licença curta,1,5,40
655,106,2024-06-21,Atestado,1,3,24
656,107,2024-09-12,Atestado,1,1,8
657,107,2025-08-18,Atraso,1,0,2
658,108,2025-09-23,Atestado,1,2,16
659,109,2024-08-20,Atestado,1,2,16
660,109,2025-07-13,Atestado,1,1,8
661,109,2023-01-30,Atraso,1,0,2
662,109,2022-12-12,Atestado,1,1,8
663,109,2024-05-27,Atestado,1,2,16
664,109,2025-07-31,Atraso,1,0,2
665,110,2022-06-18,Atraso,1,0,3
666,110,2025-06-07,Atestado,1,3,24
667,110,2023-05-19,Atestado,1,2,16
668,110,2022-10-09,Atestado,1,2,16
669,110,2025-08-15,Atestado,1,3,24
670,111,2021-12-19,Atraso,1,0,4
671,111,2020-10-02,Atestado,1,1,8
672,111,2024-11-18,Atestado,1,2,16
673,111,2023-05-11,Atraso,1,0,3
674,111,2020-12-19,Atraso,1,0,1
675,111,2023-12-14,Atestado,1,3,24
676,111,2022-08-15,Falta injustificada,0,3,24
677,111,2023-04-16,Licença curta,1,5,40
678,111,2025-06-18,Atestado,1,2,16
679,111,2024-02-12,Licença curta,1,5,40
680,111,2024-06-26,Atestado,1,1,8
681,111,2022-09-08,Licença curta,1,2,16
682,112,2024-02-09,Atestado,1,1,8
683,112,2025-11-30,Atestado,1,1,8
684,112,2023-06-22,Atestado,1,2,16
685,112,2025-03-28,Atraso,1,0,2
686,113,2020-03-20,Atestado,1,2,16
687,113,2020-07-12,Atestado,1,1,8
688,113,2021-10-03,Atestado,1,2,16
689,113,2023-05-28,Atestado,1,3,24
690,113,2022-09-10,Atestado,1,1,8
691,113,2021-12-13,Atestado,1,2,16
692,113,2024-08-21,Falta injustificada,0,3,24
693,113,2019-07-24,Falta injustificada,0,3,24
694,114,2020-05-23,Atestado,1,3,24
695,114,2020-04-10,Atestado,1,1,8
696,114,2024-12-07,Atestado,1,1,8
697,114,2024-04-26,Atestado,1,2,16
698,114,2021-10-07,Falta injustificada,0,3,24
699,114,2021-08-06,Atestado,1,2,16
700,114,2025-11-27,Atestado,1,3,24
701,114,2025-12-09,Atestado,1,2,16
702,114,2019-04-18,Falta injustificada,0,3,24
703,115,2024-08-07,Licença curta,1,4,32
704,115,2025-12-19,Falta injustificada,0,1,8
705,115,2021-06-03,Falta injustificada,0,1,8
706,115,2024-04-03,Atestado,1,2,16
707,115,2023-06-10,Falta injustificada,0,2,16
708,115,2023-08-29,Atestado,1,2,16
709,116,2024-12-28,Atraso,1,0,2
710,117,2023-09-25,Falta injustificada,0,1,8
711,118,2019-12-17,Atestado,1,3,24
712,118,2020-01-03,Falta injustificada,0,1,8
713,119,2025-11-23,Atestado,1,3,24
714,119,2025-10-20,Atestado,1,3,24
715,120,2023-10-26,Falta injustificada,0,2,16
716,120,2025-10-05,Atestado,1,1,8
717,121,2021-09-05,Atraso,1,0,2
718,121,2021-11-04,Atestado,1,1,8
719,121,2025-10-01,Atestado,1,2,16
720,121,2023-11-13,Falta injustificada,0,3,24
721,123,2023-12-16,Atestado,1,1,8
722,123,2024-05-27,Atestado,1,3,24
723,123,2024-11-09,Atestado,1,2,16
724,123,2022-11-21,Atestado,1,3,24
725,123,2023-08-19,Atestado,1,1,8
726,123,2022-08-03,Atraso,1,0,2
727,124,2020-11-03,Falta injustificada,0,1,8
728,124,2019-12-12,Atestado,1,3,24
729,124,2020-11-21,Falta injustificada,0,2,16
730,124,2019-10-03,Licença curta,1,3,24
731,124,2019-10-23,Atestado,1,1,8
732,124,2023-02-11,Atestado,1,3,24
733,124,2019-08-08,Atestado,1,1,8
734,124,2018-07-24,Licença curta,1,5,40
735,124,2023-03-09,Atraso,1,0,3
736,124,2018-10-29,Atestado,1,1,8
737,124,2019-07-23,Licença curta,1,2,16
738,124,2025-09-30,Atestado,1,3,24
739,124,2024-12-31,Atestado,1,1,8
740,124,2023-08-11,Atraso,1,0,4
741,124,2019-09-07,Atestado,1,2,16
742,124,2018-11-01,Atestado,1,1,8
743,125,2023-02-03,Falta injustificada,0,3,24
744,125,2019-10-29,Atestado,1,1,8
745,125,2021-02-05,Falta injustificada,0,3,24
746,125,2022-01-05,Atestado,1,3,24
747,125,2021-12-14,Atraso,1,0,4
748,125,2021-10-12,Atestado,1,3,24
749,125,2023-08-26,Atraso,1,0,1
750,125,2020-01-14,Atraso,1,0,1
751,126,2020-12-13,Licença curta,1,3,24
752,126,2025-03-09,Atestado,1,3,24
753,126,2025-09-21,Licença curta,1,4,32
754,126,2025-10-06,Falta injustificada,0,3,24
755,126,2022-05-24,Atestado,1,2,16
756,126,2021-05-05,Atestado,1,3,24
757,126,2024-10-27,Falta injustificada,0,3,24
758,126,2023-11-18,Falta injustificada,0,1,8
759,126,2023-04-11,Falta injustificada,0,3,24
760,126,2020-10-28,Atestado,1,1,8
761,126,2025-01-14,Atestado,1,3,24
762,126,2024-09-21,Licença curta,1,2,16
763,128,2020-03-16,Atraso,1,0,3
764,129,2023-06-05,Atestado,1,3,24
765,129,2023-04-14,Licença curta,1,4,32
766,129,2023-03-04,Atestado,1,3,24
767,130,2025-01-15,Falta injustificada,0,3,24
768,130,2025-03-04,Atestado,1,1,8
769,131,2025-06-10,Falta injustificada,0,3,24
770,131,2025-05-26,Licença curta,1,4,32
771,131,2025-09-17,Atestado,1,3,24
772,132,2024-02-08,Falta injustificada,0,2,16
773,132,2024-01-19,Falta injustificada,0,1,8
774,133,2023-10-25,Atestado,1,2,16
775,133,2024-03-15,Atestado,1,1,8
776,133,2024-09-16,Atestado,1,1,8
777,133,2024-02-10,Licença curta,1,2,16
778,134,2024-08-15,Licença curta,1,2,16
779,134,2025-06-22,Atestado,1,1,8
780,134,2025-10-10,Falta injustificada,0,1,8
781,134,2025-08-22,Licença curta,1,4,32
782,134,2024-06-23,Atraso,1,0,4
783,134,2025-12-26,Atestado,1,3,24
784,134,2023-02-02,Atestado,1,1,8
785,135,2023-05-24,Atraso,1,0,1
786,135,2025-04-02,Atestado,1,1,8
787,135,2024-01-12,Falta injustificada,0,2,16
788,135,2024-11-02,Atraso,1,0,1
789,135,2023-03-19,Atestado,1,3,24
790,135,2024-09-10,Atestado,1,1,8
791,135,2025-12-04,Atestado,1,2,16
792,135,2022-12-22,Atraso,1,0,3
793,135,2024-07-06,Atestado,1,1,8
794,135,2020-06-30,Atestado,1,2,16
795,136,2024-11-01,Falta injustificada,0,2,16
796,136,2022-01-13,Atestado,1,1,8
797,136,2024-10-22,Atraso,1,0,1
798,137,2025-05-01,Atestado,1,3,24
799,138,2020-02-24,Atestado,1,2,16
800,138,2023-11-19,Licença curta,1,2,16
801,138,2020-04-22,Atraso,1,0,1
802,138,2020-07-30,Falta injustificada,0,2,16
803,138,2023-06-18,Atestado,1,3,24
804,138,2025-08-04,Licença curta,1,2,16
805,138,2020-11-11,Atestado,1,1,8
806,138,2023-01-18,Falta injustificada,0,1,8
807,138,2022-10-08,Atestado,1,1,8
808,138,2025-08-22,Atestado,1,2,16
809,138,2020-05-06,Atestado,1,1,8
810,138,2023-09-25,Atestado,1,3,24
811,138,2024-07-26,Atraso,1,0,2
812,138,2022-02-03,Licença curta,1,4,32
813,138,2023-06-17,Atestado,1,2,16
814,139,2025-07-05,Atestado,1,3,24
815,139,2025-09-08,Atestado,1,2,16
816,139,2025-07-10,Atestado,1,3,24
817,139,2025-03-26,Falta injustificada,0,1,8
818,139,2025-12-02,Atestado,1,2,16
819,139,2024-12-29,Atestado,1,1,8
820,140,2022-05-07,Atestado,1,2,16
821,140,2023-01-15,Licença curta,1,3,24
822,140,2023-05-29,Licença curta,1,3,24
823,141,2021-04-20,Atestado,1,1,8
824,141,2025-04-10,Falta injustificada,0,1,8
825,141,2025-10-16,Atraso,1,0,1
826,141,2021-07-08,Licença curta,1,5,40
827,141,2024-12-08,Atestado,1,1,8
828,141,2022-02-20,Atestado,1,2,16
829,142,2025-06-28,Falta injustificada,0,3,24
830,142,2024-09-16,Atestado,1,1,8
831,142,2024-08-23,Falta injustificada,0,3,24
832,143,2024-06-30,Atestado,1,1,8
833,143,2025-09-07,Licença curta,1,5,40
834,143,2025-07-14,Atestado,1,1,8
835,144,2021-06-26,Atestado,1,3,24
836,144,2023-10-11,Atraso,1,0,2
837,144,2023-09-10,Licença curta,1,4,32
838,144,2024-04-10,Atestado,1,2,16
839,144,2024-04-03,Atestado,1,3,24
840,144,2018-05-23,Atestado,1,1,8
841,144,2023-01-07,Atestado,1,1,8
842,144,2022-06-30,Licença curta,1,5,40
843,144,2021-09-20,Falta injustificada,0,2,16
844,145,2023-03-18,Atraso,1,0,1
845,145,2023-04-22,Atestado,1,1,8
846,145,2020-11-29,Atestado,1,1,8
847,146,2025-10-08,Atraso,1,0,4
848,146,2025-01-21,Atraso,1,0,1
849,146,2024-09-01,Atestado,1,2,16
850,147,2024-05-12,Atestado,1,1,8
851,147,2023-09-12,Atestado,1,3,24
852,147,2024-02-16,Atestado,1,2,16
853,147,2022-07-24,Atraso,1,0,3
854,147,2025-02-19,Atestado,1,3,24
855,147,2024-09-11,Atestado,1,3,24
856,147,2025-01-19,Falta injustificada,0,3,24
857,147,2024-12-20,Atestado,1,3,24
858,147,2024-07-31,Atestado,1,2,16
859,147,2025-02-05,Atestado,1,1,8
860,148,2025-01-13,Atraso,1,0,1
861,148,2019-12-24,Atestado,1,2,16
862,148,2022-04-22,Atestado,1,2,16
863,148,2025-12-24,Atestado,1,2,16
864,148,2023-04-23,Licença curta,1,4,32
865,148,2022-12-12,Falta injustificada,0,1,8
866,148,2019-09-02,Atestado,1,3,24
867,148,2019-11-10,Atraso,1,0,3
868,148,2020-10-16,Atraso,1,0,1
869,148,2023-06-18,Atestado,1,2,16
870,148,2025-11-25,Falta injustificada,0,1,8
871,149,2023-11-26,Atraso,1,0,1
872,149,2024-05-05,Atestado,1,1,8
873,149,2024-11-16,Licença curta,1,4,32
874,149,2024-01-31,Atestado,1,2,16
875,149,2024-01-06,Falta injustificada,0,1,8
876,149,2022-10-25,Atestado,1,1,8
877,149,2022-09-16,Atraso,1,0,2
878,149,2023-07-30,Atestado,1,3,24
879,149,2021-01-10,Atestado,1,3,24
880,149,2020-10-23,Falta injustificada,0,2,16
881,151,2021-06-17,Atestado,1,2,16
882,151,2022-01-30,Falta injustificada,0,1,8
883,152,2024-03-12,Atestado,1,2,16
884,152,2018-07-30,Falta injustificada,0,2,16
885,152,2025-07-14,Falta injustificada,0,2,16
886,152,2024-07-11,Falta injustificada,0,3,24
887,152,2022-11-18,Atestado,1,2,16
888,152,2018-05-21,Atestado,1,3,24
889,152,2023-06-04,Atestado,1,3,24
890,152,2018-05-29,Atestado,1,2,16
891,152,2022-05-24,Licença curta,1,5,40
892,153,2025-02-09,Falta injustificada,0,3,24
893,153,2024-06-24,Falta injustificada,0,2,16
894,154,2019-04-05,Atestado,1,3,24
895,154,2025-09-16,Falta injustificada,0,1,8
896,154,2021-11-27,Falta injustificada,0,2,16
897,154,2023-10-11,Atestado,1,3,24
898,154,2021-12-11,Falta injustificada,0,1,8
899,154,2025-01-12,Falta injustificada,0,2,16
900,154,2022-03-19,Atraso,1,0,2
901,154,2023-01-10,Atraso,1,0,1
902,154,2020-05-26,Falta injustificada,0,2,16
903,154,2025-04-06,Licença curta,1,2,16
904,154,2024-02-23,Atestado,1,1,8
905,154,2021-05-12,Atraso,1,0,2
906,154,2021-02-10,Atestado,1,1,8
907,154,2021-06-21,Falta injustificada,0,3,24
908,154,2022-08-24,Atestado,1,1,8
909,155,2025-04-28,Atestado,1,3,24
910,155,2022-05-03,Atestado,1,3,24
911,155,2025-01-23,Atestado,1,1,8
912,155,2025-02-20,Atestado,1,2,16
913,155,2023-05-09,Atraso,1,0,4
914,156,2019-06-27,Atestado,1,3,24
915,156,2024-09-08,Atestado,1,2,16
916,156,2023-07-10,Atestado,1,1,8
917,156,2022-08-17,Falta injustificada,0,1,8
918,156,2022-02-12,Atestado,1,3,24
919,156,2022-02-04,Falta injustificada,0,2,16
920,156,2024-10-14,Falta injustificada,0,2,16
921,156,2020-12-22,Atestado,1,2,16
922,156,2023-03-30,Atestado,1,2,16
923,156,2024-07-05,Atestado,1,2,16
924,157,2025-10-24,Atestado,1,1,8
925,157,2019-11-19,Atestado,1,3,24
926,157,2025-06-18,Licença curta,1,3,24
927,157,2025-04-09,Falta injustificada,0,1,8
928,157,2024-11-30,Atestado,1,2,16
929,157,2025-08-25,Atestado,1,3,24
930,157,2024-07-15,Atestado,1,3,24
931,157,2020-05-06,Falta injustificada,0,3,24
932,158,2024-10-26,Atestado,1,2,16
933,158,2025-07-21,Atestado,1,1,8
934,158,2024-12-06,Atestado,1,1,8
935,159,2024-11-27,Atestado,1,3,24
936,159,2024-12-06,Atestado,1,2,16
937,159,2024-06-20,Falta injustificada,0,2,16
938,159,2024-04-22,Atestado,1,1,8
939,160,2024-12-23,Licença curta,1,3,24
940,160,2023-09-26,Atestado,1,2,16
941,160,2023-01-12,Atestado,1,3,24
942,160,2022-04-28,Atestado,1,2,16
943,160,2025-04-10,Atestado,1,3,24
944,160,2022-09-30,Atestado,1,2,16
945,160,2022-10-05,Atestado,1,1,8
946,160,2022-04-07,Falta injustificada,0,1,8
947,160,2021-07-30,Atestado,1,1,8
948,160,2025-11-22,Atestado,1,2,16
949,160,2024-01-10,Atraso,1,0,1
950,160,2024-02-23,Falta injustificada,0,3,24
951,161,2024-01-02,Atestado,1,2,16
952,161,2019-07-12,Falta injustificada,0,1,8
953,161,2020-11-24,Atestado,1,2,16
954,161,2020-08-22,Atestado,1,1,8
955,161,2022-01-04,Atraso,1,0,1
956,161,2022-03-24,Atraso,1,0,2
957,161,2025-04-15,Atestado,1,1,8
958,161,2019-08-02,Falta injustificada,0,3,24
959,162,2024-05-11,Atestado,1,1,8
960,162,2019-07-13,Atestado,1,1,8
961,162,2022-06-06,Licença curta,1,4,32
962,162,2019-08-16,Falta injustificada,0,2,16
963,162,2022-12-26,Atestado,1,3,24
964,162,2019-12-03,Falta injustificada,0,2,16
965,162,2020-06-26,Atestado,1,1,8
966,162,2020-03-01,Falta injustificada,0,3,24
967,162,2024-07-09,Falta injustificada,0,1,8
968,162,2024-10-05,Atestado,1,3,24
969,162,2025-06-02,Atraso,1,0,2
970,162,2024-10-19,Falta injustificada,0,2,16
971,162,2024-06-23,Atestado,1,1,8
972,162,2021-07-31,Atraso,1,0,4
973,162,2025-08-20,Atestado,1,1,8
974,162,2022-06-04,Atestado,1,2,16
975,163,2024-02-17,Atestado,1,3,24
976,163,2022-05-27,Atestado,1,2,16
977,163,2022-03-14,Atestado,1,1,8
978,163,2020-12-14,Atestado,1,1,8
979,163,2022-02-26,Falta injustificada,0,2,16
980,163,2024-09-07,Falta injustificada,0,2,16
981,164,2022-09-09,Atestado,1,3,24
982,164,2021-07-30,Falta injustificada,0,2,16
983,164,2024-04-03,Falta injustificada,0,2,16
984,164,2025-03-09,Atestado,1,1,8
985,164,2023-01-15,Falta injustificada,0,3,24
986,164,2023-08-22,Atestado,1,2,16
987,165,2024-06-21,Atestado,1,2,16
988,165,2023-11-26,Falta injustificada,0,2,16
989,165,2025-10-03,Atestado,1,3,24
990,165,2025-02-25,Atestado,1,2,16
991,165,2023-03-18,Atestado,1,3,24
992,165,2023-04-15,Atestado,1,3,24
993,165,2023-05-25,Falta injustificada,0,3,24
994,165,2024-06-07,Licença curta,1,4,32
995,166,2025-10-13,Atestado,1,2,16
996,166,2025-06-11,Atestado,1,3,24
997,167,2020-04-21,Atestado,1,3,24
998,167,2019-08-18,Atestado,1,3,24
999,167,2019-12-14,Atestado,1,2,16
1000,168,2023-12-14,Atestado,1,1,8
1001,168,2024-01-01,Falta injustificada,0,2,16
1002,168,2022-12-20,Atraso,1,0,1
1003,168,2020-08-09,Atraso,1,0,1
1004,168,2022-03-27,Atestado,1,2,16
1005,168,2021-12-14,Atestado,1,1,8
1006,168,2024-07-07,Falta injustificada,0,3,24
1007,168,2023-02-25,Atestado,1,3,24
1008,168,2024-02-25,Falta injustificada,0,1,8
1009,168,2022-09-01,Atraso,1,0,2
1010,169,2024-08-10,Atestado,1,2,16
1011,169,2025-09-14,Falta injustificada,0,3,24
1012,170,2023-09-22,Atestado,1,2,16
1013,170,2025-06-07,Atestado,1,2,16
1014,170,2021-12-21,Atestado,1,1,8
1015,170,2025-04-29,Atestado,1,2,16
1016,170,2024-03-31,Licença curta,1,2,16
1017,170,2023-05-20,Atraso,1,0,2
1018,170,2023-10-08,Falta injustificada,0,3,24
1019,170,2025-07-01,Atraso,1,0,1
1020,170,2025-12-20,Atestado,1,3,24
1021,170,2025-07-18,Atestado,1,2,16
1022,170,2023-12-14,Atraso,1,0,1
1023,170,2025-04-22,Licença curta,1,2,16
1024,171,2023-03-15,Falta injustificada,0,3,24
1025,171,2023-12-10,Atestado,1,3,24
1026,171,2025-05-25,Falta injustificada,0,3,24
1027,171,2023-09-03,Atestado,1,1,8
1028,171,2025-02-26,Falta injustificada,0,1,8
1029,171,2024-08-15,Atestado,1,2,16
1030,171,2023-05-16,Atraso,1,0,3
1031,171,2023-07-13,Atestado,1,1,8
1032,171,2024-04-23,Atestado,1,3,24
1033,172,2025-08-13,Atestado,1,3,24
1034,172,2025-11-22,Atraso,1,0,4
1035,172,2022-05-06,Atestado,1,3,24
1036,172,2025-06-17,Atestado,1,2,16
1037,172,2023-05-29,Atestado,1,2,16
1038,172,2024-04-18,Falta injustificada,0,3,24
1039,173,2024-08-21,Atraso,1,0,1
1040,173,2024-10-25,Atestado,1,1,8
1041,173,2025-05-31,Atestado,1,3,24
1042,174,2022-02-14,Falta injustificada,0,2,16
1043,174,2020-09-04,Licença curta,1,2,16
1044,174,2023-02-05,Atestado,1,2,16
1045,174,2020-06-28,Atestado,1,2,16
1046,175,2023-03-27,Atestado,1,3,24
1047,175,2022-05-18,Atestado,1,1,8
1048,175,2021-04-01,Atestado,1,3,24
1049,175,2024-09-30,Atraso,1,0,2
1050,175,2024-07-20,Atestado,1,3,24
1051,175,2022-05-27,Atestado,1,1,8
1052,175,2023-09-18,Atraso,1,0,2
1053,175,2022-03-26,Atestado,1,2,16
1054,175,2025-01-19,Atestado,1,1,8
1055,176,2023-05-30,Falta injustificada,0,2,16
1056,176,2025-01-01,Falta injustificada,0,2,16
1057,176,2024-12-14,Falta injustificada,0,2,16
1058,176,2023-09-09,Atraso,1,0,1
1059,176,2023-07-10,Atestado,1,2,16
1060,176,2023-10-01,Licença curta,1,2,16
1061,176,2023-04-24,Atestado,1,3,24
1062,177,2025-01-25,Atestado,1,2,16
1063,177,2024-04-05,Licença curta,1,5,40
1064,177,2020-07-02,Atraso,1,0,2
1065,177,2021-09-09,Atestado,1,3,24
1066,177,2021-06-14,Atestado,1,1,8
1067,177,2022-02-27,Licença curta,1,4,32
1068,177,2024-09-18,Atestado,1,2,16
1069,177,2020-08-19,Atestado,1,2,16
1070,177,2021-06-28,Atestado,1,3,24
1071,177,2021-08-03,Atraso,1,0,3
1072,179,2023-02-11,Atraso,1,0,2
1073,179,2025-08-08,Atestado,1,3,24
1074,179,2022-08-03,Falta injustificada,0,2,16
1075,179,2022-07-16,Atestado,1,2,16
1076,179,2025-12-20,Atestado,1,1,8
1077,179,2021-09-08,Atraso,1,0,1
1078,179,2023-02-26,Atestado,1,2,16
1079,179,2022-11-06,Licença curta,1,5,40
1080,179,2022-12-02,Atestado,1,2,16
1081,179,2024-10-17,Atestado,1,3,24
1082,179,2025-02-26,Atestado,1,2,16
1083,179,2022-01-03,Atestado,1,1,8
1084,179,2024-02-27,Falta injustificada,0,1,8
1085,180,2024-09-04,Atestado,1,3,24
1086,180,2024-11-19,Falta injustificada,0,3,24
1087,180,2024-05-13,Falta injustificada,0,3,24
1088,181,2024-10-13,Atestado,1,3,24
1089,182,2024-10-10,Falta injustificada,0,3,24
1090,183,2022-05-05,Atestado,1,1,8
1091,183,2020-07-15,Atestado,1,3,24
1092,183,2020-02-16,Atraso,1,0,1
1093,183,2020-01-20,Atestado,1,2,16
1094,183,2022-02-06,Atraso,1,0,2
1095,183,2024-09-30,Atestado,1,2,16
1096,183,2019-12-24,Atestado,1,1,8
1097,183,2022-04-24,Falta injustificada,0,3,24
1098,183,2023-09-28,Licença curta,1,4,32
1099,183,2023-11-23,Atraso,1,0,1
1100,184,2025-11-07,Atestado,1,2,16
1101,184,2019-10-22,Atestado,1,3,24
1102,184,2018-10-14,Falta injustificada,0,3,24
1103,184,2020-05-02,Falta injustificada,0,2,16
1104,184,2020-03-24,Atestado,1,3,24
1105,184,2023-11-07,Atestado,1,2,16
1106,184,2023-07-29,Licença curta,1,3,24
1107,184,2019-05-01,Atraso,1,0,1
1108,184,2021-11-18,Licença curta,1,5,40
1109,184,2019-11-30,Falta injustificada,0,2,16
1110,184,2019-08-20,Atestado,1,2,16
1111,185,2024-04-20,Falta injustificada,0,1,8
1112,186,2024-11-13,Atestado,1,2,16
1113,186,2023-04-25,Atestado,1,2,16
1114,186,2022-06-11,Licença curta,1,4,32
1115,186,2022-03-25,Atestado,1,3,24
1116,186,2022-10-13,Atestado,1,2,16
1117,186,2021-02-13,Atestado,1,2,16
1118,186,2024-10-12,Atestado,1,1,8
1119,187,2024-05-22,Atraso,1,0,1
1120,187,2024-12-16,Atestado,1,3,24
1121,187,2025-09-30,Licença curta,1,5,40
1122,187,2021-07-27,Atestado,1,1,8
1123,187,2022-02-08,Licença curta,1,2,16
1124,187,2022-07-24,Atestado,1,1,8
1125,187,2021-06-22,Atestado,1,2,16
1126,187,2022-09-24,Falta injustificada,0,1,8
1127,187,2025-03-25,Licença curta,1,5,40
1128,187,2023-09-20,Licença curta,1,2,16
1129,187,2024-01-18,Atestado,1,1,8
1130,187,2023-10-01,Atestado,1,2,16
1131,187,2025-04-01,Falta injustificada,0,3,24
1132,187,2023-12-29,Falta injustificada,0,2,16
1133,187,2024-01-14,Falta injustificada,0,1,8
1134,187,2025-04-23,Atestado,1,1,8
1135,187,2021-12-19,Licença curta,1,4,32
1136,187,2021-10-18,Falta injustificada,0,1,8
1137,188,2025-11-05,Atestado,1,2,16
1138,188,2023-12-01,Atestado,1,1,8
1139,188,2025-07-06,Atestado,1,3,24
1140,188,2025-09-19,Atestado,1,2,16
1141,188,2024-12-27,Atestado,1,3,24
1142,188,2025-01-19,Atestado,1,1,8
1143,188,2025-01-17,Atestado,1,1,8
1144,188,2024-11-19,Atestado,1,3,24
1145,188,2023-12-01,Atestado,1,2,16
1146,189,2022-09-25,Falta injustificada,0,1,8
1147,189,2025-02-04,Licença curta,1,2,16
1148,189,2024-02-23,Atraso,1,0,1
1149,189,2022-06-13,Falta injustificada,0,2,16
1150,189,2022-12-26,Atestado,1,2,16
1151,190,2022-12-21,Falta injustificada,0,3,24
1152,190,2019-12-21,Atestado,1,2,16
1153,190,2020-07-03,Atestado,1,1,8
1154,190,2019-09-10,Atraso,1,0,1
1155,190,2023-12-11,Atraso,1,0,1
1156,190,2024-02-29,Atestado,1,2,16
1157,190,2025-10-29,Licença curta,1,4,32
1158,190,2025-06-11,Atestado,1,3,24
1159,190,2018-11-05,Falta injustificada,0,2,16
1160,190,2019-04-10,Falta injustificada,0,3,24
1161,190,2025-10-05,Falta injustificada,0,2,16
1162,190,2022-06-04,Licença curta,1,3,24
1163,190,2021-02-24,Falta injustificada,0,1,8
1164,190,2025-12-31,Atestado,1,2,16
1165,190,2022-05-28,Atraso,1,0,1
1166,191,2018-08-26,Falta injustificada,0,3,24
1167,191,2018-10-27,Atraso,1,0,4
1168,191,2024-03-01,Atestado,1,3,24
1169,191,2022-04-22,Atestado,1,1,8
1170,191,2022-07-02,Atestado,1,2,16
1171,191,2020-01-10,Falta injustificada,0,1,8
1172,191,2022-07-02,Atestado,1,1,8
1173,191,2018-04-05,Atestado,1,1,8
1174,191,2019-11-09,Atestado,1,2,16
1175,191,2022-07-17,Licença curta,1,4,32
1176,191,2019-10-04,Falta injustificada,0,1,8
1177,191,2021-05-17,Atestado,1,2,16
1178,191,2022-11-16,Atestado,1,3,24
1179,191,2021-07-04,Atestado,1,3,24
1180,192,2025-03-07,Licença curta,1,3,24
1181,193,2023-09-28,Atestado,1,3,24
1182,193,2022-04-07,Atestado,1,2,16
1183,193,2024-08-07,Atestado,1,1,8
1184,193,2024-06-21,Atraso,1,0,2
1185,194,2024-02-09,Atestado,1,2,16
1186,194,2024-04-12,Atestado,1,2,16
1187,194,2024-10-07,Licença curta,1,5,40
1188,194,2022-02-11,Atestado,1,2,16
1189,194,2023-09-04,Falta injustificada,0,3,24
1190,194,2022-08-27,Atestado,1,2,16
1191,194,2025-02-22,Atestado,1,2,16
1192,194,2022-02-17,Falta injustificada,0,1,8
1193,194,2024-06-27,Atestado,1,2,16
1194,194,2024-03-17,Atestado,1,3,24
1195,195,2021-11-16,Falta injustificada,0,3,24
1196,195,2024-06-19,Atestado,1,3,24
1197,195,2021-06-27,Falta injustificada,0,2,16
1198,196,2025-03-25,Licença curta,1,2,16
1199,196,2023-11-27,Atestado,1,2,16
1200,196,2024-09-22,Atestado,1,1,8
1201,196,2024-12-14,Atestado,1,2,16
1202,196,2023-02-09,Atestado,1,1,8
1203,196,2023-12-17,Falta injustificada,0,1,8
1204,197,2024-04-12,Falta injustificada,0,2,16
1205,197,2021-09-23,Atraso,1,0,1
1206,197,2024-10-15,Atestado,1,1,8
1207,197,2024-08-04,Atestado,1,1,8
1208,197,2018-12-02,Atestado,1,3,24
1209,197,2019-08-15,Atestado,1,3,24
1210,197,2023-03-07,Atestado,1,2,16
1211,197,2019-06-23,Atestado,1,2,16
1212,197,2025-10-28,Atestado,1,3,24
1213,197,2024-10-15,Licença curta,1,4,32
1214,197,2022-05-26,Atestado,1,2,16
1215,197,2024-12-24,Atestado,1,1,8
1216,197,2024-01-23,Falta injustificada,0,1,8
1217,197,2019-09-10,Atestado,1,3,24
1218,197,2025-10-31,Atestado,1,2,16
1219,197,2020-06-05,Atestado,1,1,8
1220,197,2022-10-27,Atestado,1,1,8
1221,197,2019-05-08,Atestado,1,2,16
1222,197,2021-10-02,Atestado,1,2,16
1223,197,2024-12-31,Falta injustificada,0,3,24
1224,197,2023-07-08,Falta injustificada,0,3,24
1225,197,2023-06-17,Atestado,1,3,24
1226,198,2022-02-05,Atestado,1,2,16
1227,198,2021-03-23,Atestado,1,1,8
1228,198,2021-03-15,Atestado,1,1,8
1229,198,2025-11-25,Atraso,1,0,1
1230,198,2022-01-13,Licença curta,1,2,16
1231,198,2023-12-28,Licença curta,1,2,16
1232,198,2019-03-11,Licença curta,1,5,40
1233,198,2020-06-07,Atraso,1,0,1
1234,198,2019-04-11,Atestado,1,1,8
1235,198,2024-06-23,Falta injustificada,0,2,16
1236,199,2024-02-28,Licença curta,1,5,40
1237,199,2023-01-05,Atestado,1,3,24
1238,199,2023-08-30,Atestado,1,3,24
1239,199,2024-01-17,Atestado,1,2,16
1240,199,2020-08-06,Atestado,1,1,8
1241,199,2021-02-17,Atestado,1,1,8
1242,199,2021-10-03,Falta injustificada,0,1,8
1243,199,2019-10-18,Atraso,1,0,2
1244,199,2021-09-22,Licença curta,1,2,16
1245,199,2021-12-18,Falta injustificada,0,2,16
1246,199,2021-03-30,Atraso,1,0,1
1247,199,2022-04-30,Atraso,1,0,2
1248,199,2024-07-02,Atestado,1,3,24
1249,199,2025-08-28,Atestado,1,1,8
1250,200,2021-06-15,Atestado,1,2,16
1251,200,2025-04-15,Atestado,1,2,16
1252,200,2021-10-20,Falta injustificada,0,2,16
1253,200,2023-05-04,Atraso,1,0,1
1254,200,2021-02-03,Atestado,1,1,8
1255,200,2021-11-26,Licença curta,1,3,24
1256,200,2025-02-11,Atraso,1,0,3
1257,200,2024-11-28,Atestado,1,2,16
1258,200,2023-09-10,Atestado,1,2,16
1259,200,2021-01-30,Atestado,1,2,16
1260,200,2024-04-02,Falta injustificada,0,1,8
1261,200,2022-02-06,Atestado,1,2,16
1262,200,2024-03-01,Atestado,1,2,16
1263,200,2021-04-04,Atestado,1,2,16
1264,200,2021-01-06,Atestado,1,1,8
1265,200,2024-07-04,Atraso,1,0,1
1266,200,2025-09-21,Falta injustificada,0,3,24
1267,200,2023-05-24,Licença curta,1,5,40
1268,201,2024-06-16,Falta injustificada,0,3,24
1269,201,2025-05-22,Falta injustificada,0,3,24
1270,201,2025-02-11,Falta injustificada,0,2,16
1271,201,2019-04-25,Atestado,1,2,16
1272,201,2023-05-20,Atestado,1,2,16
1273,201,2024-08-27,Falta injustificada,0,3,24
1274,202,2025-08-13,Atestado,1,3,24
1275,202,2025-05-10,Atestado,1,2,16
1276,202,2022-11-07,Atestado,1,3,24
1277,202,2021-11-22,Atestado,1,3,24
1278,202,2021-08-28,Falta injustificada,0,2,16
1279,202,2024-10-13,Atestado,1,2,16
1280,203,2023-09-26,Falta injustificada,0,1,8
1281,203,2022-02-18,Licença curta,1,5,40
1282,203,2025-08-13,Atraso,1,0,1
1283,203,2023-04-15,Atestado,1,1,8
1284,204,2021-11-17,Falta injustificada,0,3,24
1285,204,2021-01-18,Atestado,1,2,16
1286,204,2021-07-20,Falta injustificada,0,1,8
1287,204,2020-01-04,Licença curta,1,4,32
1288,204,2020-03-07,Atraso,1,0,1
1289,204,2021-09-26,Atestado,1,2,16
1290,204,2021-07-24,Atestado,1,1,8
1291,204,2021-12-13,Atestado,1,1,8
1292,204,2022-05-26,Atestado,1,3,24
1293,205,2023-07-16,Atestado,1,3,24
1294,206,2024-11-19,Atestado,1,1,8
1295,206,2022-12-03,Licença curta,1,5,40
1296,206,2024-04-22,Licença curta,1,4,32
1297,206,2024-12-05,Atestado,1,1,8
1298,206,2021-12-15,Atestado,1,2,16
1299,206,2020-08-07,Atestado,1,3,24
1300,206,2025-01-17,Atestado,1,1,8
1301,206,2021-07-29,Falta injustificada,0,1,8
1302,206,2021-05-21,Atestado,1,3,24
1303,206,2025-02-24,Atestado,1,1,8
1304,207,2024-09-06,Atraso,1,0,2
1305,207,2025-07-22,Falta injustificada,0,2,16
1306,207,2022-08-26,Atestado,1,1,8
1307,207,2020-07-18,Falta injustificada,0,1,8
1308,207,2024-01-16,Atestado,1,2,16
1309,207,2024-01-09,Falta injustificada,0,3,24
1310,207,2021-10-18,Atestado,1,1,8
1311,207,2025-08-31,Atestado,1,1,8
1312,207,2020-09-24,Atestado,1,2,16
1313,208,2024-09-13,Atraso,1,0,1
1314,208,2022-12-05,Atestado,1,3,24
1315,208,2023-07-24,Falta injustificada,0,1,8
1316,208,2025-06-09,Falta injustificada,0,1,8
1317,208,2025-01-06,Atestado,1,2,16
1318,208,2024-03-12,Atestado,1,2,16
1319,208,2022-07-20,Atestado,1,3,24
1320,208,2023-10-15,Atestado,1,1,8
1321,208,2025-03-06,Atestado,1,3,24
1322,208,2022-11-15,Licença curta,1,2,16
1323,208,2024-09-28,Atestado,1,2,16
1324,209,2023-10-17,Licença curta,1,2,16
1325,209,2023-09-28,Atraso,1,0,1
1326,209,2023-05-28,Atestado,1,3,24
1327,209,2023-10-05,Atestado,1,1,8
1328,210,2023-08-29,Atestado,1,1,8
1329,211,2024-04-25,Falta injustificada,0,1,8
1330,211,2024-06-05,Atestado,1,2,16
1331,211,2022-04-25,Falta injustificada,0,3,24
1332,211,2022-09-11,Atraso,1,0,4
1333,211,2023-11-11,Falta injustificada,0,2,16
1334,211,2024-01-05,Atraso,1,0,1
1335,211,2023-04-18,Atestado,1,2,16
1336,212,2025-06-30,Atestado,1,1,8
1337,212,2022-04-02,Atestado,1,3,24
1338,212,2023-06-05,Atraso,1,0,1
1339,212,2023-04-07,Atestado,1,1,8
1340,212,2022-01-28,Atestado,1,1,8
1341,212,2023-11-07,Atestado,1,2,16
1342,212,2025-09-13,Atestado,1,1,8
1343,212,2022-10-06,Atestado,1,2,16
1344,213,2022-07-29,Falta injustificada,0,2,16
1345,213,2023-06-29,Atraso,1,0,1
1346,213,2021-08-14,Atraso,1,0,1
1347,213,2021-02-19,Atestado,1,2,16
1348,213,2022-09-30,Atestado,1,3,24
1349,214,2022-06-22,Licença curta,1,4,32
1350,214,2023-01-28,Atraso,1,0,3
1351,214,2021-12-31,Licença curta,1,3,24
1352,215,2024-06-27,Atraso,1,0,1
1353,215,2023-04-12,Atraso,1,0,1
1354,215,2021-02-08,Atestado,1,1,8
1355,215,2023-05-11,Atestado,1,2,16
1356,215,2023-02-20,Licença curta,1,5,40
1357,215,2024-05-03,Atestado,1,3,24
1358,215,2022-08-09,Atestado,1,1,8
1359,215,2023-07-06,Atestado,1,1,8
1360,215,2018-08-29,Licença curta,1,2,16
1361,215,2019-07-02,Atestado,1,2,16
1362,215,2022-01-29,Atraso,1,0,3
1363,215,2023-01-20,Atestado,1,1,8
1364,215,2023-06-01,Atestado,1,1,8
1365,215,2022-12-16,Falta injustificada,0,1,8
1366,215,2025-12-14,Licença curta,1,3,24
1367,215,2024-12-28,Atraso,1,0,1
1368,215,2019-03-13,Atraso,1,0,1
1369,215,2025-08-19,Falta injustificada,0,3,24
1370,216,2025-01-22,Atraso,1,0,2
1371,216,2024-04-13,Atraso,1,0,1
1372,216,2025-06-28,Atestado,1,3,24
1373,216,2022-03-28,Atraso,1,0,1
1374,216,2022-12-06,Atestado,1,2,16
1375,216,2025-07-19,Licença curta,1,4,32
1376,216,2024-08-16,Atestado,1,3,24
1377,216,2022-05-04,Licença curta,1,4,32
1378,216,2020-08-16,Atestado,1,2,16
1379,216,2025-08-17,Atestado,1,3,24
1380,216,2024-01-02,Atraso,1,0,2
1381,216,2025-09-28,Falta injustificada,0,1,8
1382,216,2024-07-04,Atestado,1,2,16
1383,216,2023-01-30,Atraso,1,0,1
1384,217,2024-06-02,Falta injustificada,0,1,8
1385,217,2025-10-14,Atestado,1,3,24
1386,217,2024-04-23,Atestado,1,3,24
1387,217,2024-06-19,Atestado,1,2,16
1388,217,2024-09-20,Atestado,1,2,16
1389,217,2025-10-14,Atestado,1,3,24
1390,217,2023-01-29,Falta injustificada,0,1,8
1391,217,2025-10-01,Atestado,1,2,16
1392,217,2021-04-13,Atraso,1,0,2
1393,217,2021-01-06,Atestado,1,3,24
1394,217,2022-09-08,Falta injustificada,0,2,16
1395,217,2024-11-16,Atestado,1,3,24
1396,218,2023-08-26,Atestado,1,3,24
1397,218,2025-12-22,Atestado,1,2,16
1398,218,2024-02-21,Falta injustificada,0,1,8
1399,218,2025-10-23,Atestado,1,3,24
1400,218,2024-09-10,Licença curta,1,4,32
1401,218,2023-11-03,Atestado,1,1,8
1402,218,2023-02-06,Atestado,1,3,24
1403,219,2024-08-18,Atestado,1,2,16
1404,219,2022-08-30,Licença curta,1,4,32
1405,219,2025-05-19,Falta injustificada,0,2,16
1406,219,2024-02-21,Atraso,1,0,1
1407,220,2020-09-20,Atestado,1,3,24
1408,220,2020-02-26,Atestado,1,2,16
1409,220,2022-05-24,Atraso,1,0,2
1410,220,2025-03-04,Atraso,1,0,3
1411,220,2023-06-16,Atestado,1,1,8
1412,220,2020-01-07,Atestado,1,3,24
1413,220,2020-11-17,Atestado,1,2,16
1414,220,2022-10-28,Licença curta,1,2,16
1415,220,2024-07-25,Atestado,1,2,16
1416,220,2022-02-17,Atestado,1,3,24
1417,220,2025-10-28,Atestado,1,3,24
1418,221,2024-07-29,Atestado,1,3,24
1419,221,2024-01-18,Atraso,1,0,3
1420,221,2025-10-16,Atestado,1,3,24
1421,221,2022-05-14,Atestado,1,2,16
1422,221,2022-09-25,Atraso,1,0,1
1423,221,2022-08-26,Atraso,1,0,1
1424,221,2024-10-17,Falta injustificada,0,3,24
1425,221,2024-04-08,Falta injustificada,0,3,24
1426,221,2021-11-03,Falta injustificada,0,3,24
1427,221,2023-03-05,Atraso,1,0,1
1428,222,2024-03-22,Atraso,1,0,1
1429,222,2025-06-11,Atraso,1,0,1
1430,222,2022-09-12,Atestado,1,1,8
1431,222,2023-02-23,Atraso,1,0,1
1432,222,2024-03-15,Atestado,1,3,24
1433,222,2022-05-22,Atestado,1,2,16
1434,222,2023-11-09,Atestado,1,1,8
1435,222,2022-02-17,Falta injustificada,0,3,24
1436,222,2023-09-11,Falta injustificada,0,2,16
1437,222,2021-10-07,Atestado,1,1,8
1438,223,2020-11-17,Licença curta,1,5,40
1439,223,2025-07-06,Atestado,1,1,8
1440,223,2023-03-15,Atestado,1,1,8
1441,223,2023-01-12,Atraso,1,0,1
1442,223,2020-12-19,Atestado,1,2,16
1443,223,2024-04-29,Licença curta,1,5,40
1444,224,2025-09-21,Atestado,1,3,24
1445,224,2025-05-02,Licença curta,1,5,40
1446,224,2023-11-27,Atestado,1,3,24
1447,224,2025-03-22,Atestado,1,3,24
1448,224,2024-10-19,Atestado,1,2,16
1449,225,2025-12-30,Atestado,1,2,16
1450,225,2024-06-20,Falta injustificada,0,1,8
1451,225,2022-12-10,Atestado,1,3,24
1452,225,2022-11-05,Atestado,1,2,16
1453,226,2024-08-10,Atestado,1,2,16
1454,226,2021-05-06,Atestado,1,3,24
1455,226,2023-07-02,Atestado,1,3,24
1456,226,2021-04-13,Atestado,1,3,24
1457,226,2021-10-24,Atestado,1,2,16
1458,226,2023-04-11,Atestado,1,1,8
1459,226,2024-10-21,Falta injustificada,0,1,8
1460,226,2025-11-30,Atestado,1,3,24
1461,226,2022-09-10,Atestado,1,1,8
1462,226,2023-12-30,Falta injustificada,0,2,16
1463,226,2021-03-28,Atraso,1,0,1
1464,226,2021-04-19,Atestado,1,2,16
1465,226,2023-10-29,Atestado,1,2,16
1466,226,2020-11-05,Falta injustificada,0,3,24
1467,226,2021-06-24,Atestado,1,1,8
1468,226,2022-09-14,Atestado,1,2,16
1469,226,2022-09-20,Atestado,1,2,16
1470,226,2022-04-09,Atestado,1,2,16
1471,227,2024-11-17,Atraso,1,0,2
1472,228,2025-10-28,Atestado,1,1,8
1473,228,2022-03-09,Falta injustificada,0,3,24
1474,228,2023-10-02,Falta injustificada,0,1,8
1475,228,2023-02-05,Atraso,1,0,3
1476,228,2022-12-23,Atestado,1,1,8
1477,228,2022-05-31,Falta injustificada,0,3,24
1478,228,2024-02-17,Falta injustificada,0,1,8
1479,229,2022-02-05,Falta injustificada,0,3,24
1480,229,2023-05-15,Falta injustificada,0,1,8
1481,229,2021-08-30,Licença curta,1,5,40
1482,229,2024-02-10,Atestado,1,3,24
1483,229,2023-02-24,Atestado,1,3,24
1484,229,2023-12-13,Atestado,1,2,16
1485,229,2025-10-17,Atestado,1,2,16
1486,229,2024-01-29,Atraso,1,0,1
1487,229,2025-06-13,Falta injustificada,0,3,24
1488,229,2022-02-26,Falta injustificada,0,1,8
1489,229,2024-03-29,Atestado,1,3,24
1490,229,2023-12-30,Atraso,1,0,1
1491,230,2025-04-15,Atestado,1,3,24
1492,230,2025-04-14,Atestado,1,1,8
1493,230,2024-12-09,Atestado,1,1,8
1494,231,2025-10-22,Atraso,1,0,1
1495,231,2025-12-02,Falta injustificada,0,3,24
1496,231,2025-03-16,Licença curta,1,5,40
1497,231,2024-09-16,Atestado,1,2,16
1498,231,2025-01-03,Atraso,1,0,2
1499,231,2025-07-28,Atestado,1,1,8
1500,231,2025-12-08,Atraso,1,0,1
1501,231,2025-04-19,Falta injustificada,0,3,24
1502,231,2024-11-01,Atestado,1,3,24
1503,232,2023-02-24,Licença curta,1,3,24
1504,232,2022-10-16,Falta injustificada,0,3,24
1505,232,2024-05-20,Falta injustificada,0,3,24
1506,233,2025-08-08,Atestado,1,1,8
1507,233,2025-08-03,Falta injustificada,0,3,24
1508,233,2019-04-28,Atestado,1,1,8
1509,233,2025-04-22,Licença curta,1,2,16
1510,233,2024-10-05,Atraso,1,0,1
1511,233,2024-03-21,Atestado,1,1,8
1512,233,2023-09-15,Atraso,1,0,1
1513,233,2024-01-02,Atestado,1,1,8
1514,233,2019-09-19,Atestado,1,3,24
1515,233,2024-05-01,Falta injustificada,0,1,8
1516,233,2018-07-31,Atraso,1,0,1
1517,233,2021-06-14,Atestado,1,1,8
1518,233,2021-02-12,Atestado,1,3,24
1519,233,2024-11-12,Falta injustificada,0,2,16
1520,233,2019-04-26,Atestado,1,3,24
1521,233,2025-03-04,Atestado,1,2,16
1522,234,2024-04-26,Atraso,1,0,1
1523,234,2025-05-15,Atestado,1,1,8
1524,234,2024-10-27,Falta injustificada,0,1,8
1525,234,2023-12-22,Falta injustificada,0,2,16
1526,234,2023-01-29,Atestado,1,2,16
1527,234,2022-03-15,Atestado,1,3,24
1528,234,2023-11-05,Licença curta,1,5,40
1529,234,2023-07-05,Falta injustificada,0,1,8
1530,234,2022-09-16,Falta injustificada,0,1,8
1531,234,2025-02-07,Atestado,1,1,8
1532,234,2023-09-01,Atestado,1,1,8
1533,234,2023-02-03,Atestado,1,2,16
1534,234,2022-07-27,Atestado,1,1,8
1535,234,2023-10-15,Atestado,1,2,16
1536,236,2024-01-18,Atestado,1,1,8
1537,236,2024-12-03,Atestado,1,1,8
1538,236,2023-04-02,Atestado,1,3,24
1539,237,2019-03-23,Falta injustificada,0,2,16
1540,237,2022-12-10,Atraso,1,0,1
1541,237,2019-09-04,Falta injustificada,0,2,16
1542,237,2020-03-01,Atraso,1,0,3
1543,238,2023-05-26,Falta injustificada,0,2,16
1544,238,2021-08-30,Atraso,1,0,2
1545,238,2022-12-25,Licença curta,1,2,16
1546,238,2019-05-09,Atestado,1,1,8
1547,238,2021-06-16,Atestado,1,3,24
1548,238,2025-05-05,Atestado,1,1,8
1549,238,2024-04-19,Atestado,1,3,24
1550,238,2024-06-05,Atestado,1,2,16
1551,238,2020-01-23,Falta injustificada,0,2,16
1552,238,2019-06-14,Atestado,1,2,16
1553,238,2023-12-25,Falta injustificada,0,3,24
1554,238,2023-05-03,Falta injustificada,0,1,8
1555,238,2024-03-14,Atestado,1,1,8
1556,238,2023-05-05,Atestado,1,3,24
1557,238,2021-05-23,Falta injustificada,0,1,8
1558,238,2021-10-15,Atraso,1,0,3
1559,238,2024-12-25,Atraso,1,0,4
1560,238,2025-05-05,Falta injustificada,0,3,24
1561,238,2019-11-28,Licença curta,1,3,24
1562,238,2024-12-28,Atraso,1,0,3
1563,238,2020-03-06,Atestado,1,2,16
1564,238,2025-02-21,Licença curta,1,5,40
1565,238,2023-10-09,Atestado,1,1,8
1566,238,2025-11-25,Atraso,1,0,1
1567,238,2024-05-19,Atestado,1,1,8
1568,239,2025-01-01,Atestado,1,1,8
1569,239,2022-09-15,Atestado,1,3,24
1570,239,2021-07-22,Falta injustificada,0,1,8
1571,239,2023-08-17,Atestado,1,2,16
1572,240,2024-03-21,Atestado,1,2,16
1573,240,2021-05-05,Atestado,1,1,8
1574,240,2025-08-31,Atestado,1,2,16
1575,240,2025-10-04,Atestado,1,3,24
1576,240,2022-09-24,Atestado,1,3,24
1577,240,2022-01-17,Atestado,1,1,8
1578,240,2021-06-12,Falta injustificada,0,2,16
1579,240,2022-08-22,Licença curta,1,4,32
1580,240,2025-10-25,Atestado,1,3,24
1581,241,2024-03-21,Atestado,1,2,16
1582,241,2022-05-05,Atestado,1,3,24
1583,241,2025-09-05,Atestado,1,2,16
1584,241,2020-06-19,Falta injustificada,0,1,8
1585,241,2025-12-11,Atestado,1,3,24
1586,241,2020-09-27,Atestado,1,2,16
1587,241,2020-12-17,Atestado,1,2,16
1588,242,2025-12-30,Licença curta,1,2,16
1589,242,2019-09-25,Atestado,1,3,24
1590,242,2024-05-28,Atestado,1,2,16
1591,242,2023-01-04,Atraso,1,0,1
1592,242,2020-07-12,Atraso,1,0,2
1593,242,2025-01-04,Atestado,1,3,24
1594,242,2021-09-25,Atestado,1,3,24
1595,242,2022-01-03,Atestado,1,3,24
1596,242,2021-02-04,Atestado,1,3,24
1597,242,2023-03-30,Atraso,1,0,2
1598,242,2021-03-24,Falta injustificada,0,1,8
1599,242,2025-08-04,Atraso,1,0,1
1600,242,2021-10-09,Falta injustificada,0,2,16
1601,243,2022-04-25,Atestado,1,2,16
1602,243,2023-08-21,Atestado,1,1,8
1603,243,2021-06-14,Falta injustificada,0,3,24
1604,243,2019-12-23,Licença curta,1,5,40
1605,243,2020-01-01,Atestado,1,1,8
1606,243,2021-11-24,Atestado,1,2,16
1607,244,2025-07-04,Atestado,1,3,24
1608,244,2024-10-03,Licença curta,1,5,40
1609,244,2025-04-23,Falta injustificada,0,1,8
1610,244,2020-02-22,Atestado,1,3,24
1611,244,2019-08-15,Atestado,1,3,24
1612,244,2024-04-07,Falta injustificada,0,3,24
1613,244,2020-08-28,Atraso,1,0,3
1614,244,2023-03-26,Atestado,1,2,16
1615,244,2023-04-16,Licença curta,1,5,40
1616,244,2021-04-05,Falta injustificada,0,3,24
1617,244,2019-05-15,Falta injustificada,0,1,8
1618,244,2024-06-18,Falta injustificada,0,2,16
1619,244,2021-06-09,Atestado,1,2,16
1620,244,2019-05-19,Licença curta,1,3,24
1621,245,2025-09-12,Atraso,1,0,2
1622,246,2018-09-16,Atestado,1,2,16
1623,246,2022-07-01,Licença curta,1,3,24
1624,246,2019-06-30,Atestado,1,3,24
1625,246,2025-06-30,Atraso,1,0,1
1626,246,2021-11-19,Atraso,1,0,1
1627,246,2020-12-18,Falta injustificada,0,1,8
1628,246,2024-01-09,Atraso,1,0,2
1629,246,2022-07-22,Falta injustificada,0,1,8
1630,246,2021-08-19,Atraso,1,0,2
1631,246,2024-01-05,Licença curta,1,3,24
1632,246,2018-07-26,Atestado,1,1,8
1633,246,2025-08-24,Atestado,1,2,16
1634,246,2019-09-24,Atestado,1,2,16
1635,246,2024-11-13,Atestado,1,3,24
1636,246,2024-01-10,Atestado,1,1,8
1637,246,2024-09-03,Falta injustificada,0,1,8
1638,246,2025-11-19,Atestado,1,3,24
1639,246,2024-10-30,Atestado,1,3,24
1640,246,2025-03-31,Atestado,1,3,24
1641,247,2023-06-29,Atraso,1,0,1
1642,247,2023-06-01,Licença curta,1,3,24
1643,248,2023-05-04,Atraso,1,0,1
1644,248,2023-09-08,Atestado,1,2,16
1645,248,2024-04-01,Atestado,1,3,24
1646,248,2024-07-05,Atestado,1,1,8
1647,249,2018-12-30,Atestado,1,3,24
1648,249,2024-09-17,Atraso,1,0,4
1649,249,2025-08-17,Atraso,1,0,4
1650,249,2021-07-28,Atraso,1,0,4
1651,249,2025-01-07,Falta injustificada,0,2,16
1652,249,2018-10-05,Atestado,1,2,16
1653,249,2025-12-04,Atestado,1,3,24
1654,249,2019-04-27,Falta injustificada,0,2,16
1655,249,2023-08-03,Atestado,1,2,16
1656,249,2021-10-23,Atestado,1,1,8
1657,250,2025-06-16,Atraso,1,0,2
1658,250,2024-07-20,Licença curta,1,5,40
1659,251,2025-01-21,Falta injustificada,0,2,16
1660,251,2025-02-12,Atestado,1,1,8
1661,251,2025-09-09,Atestado,1,1,8
1662,251,2023-10-20,Atestado,1,2,16
1663,251,2024-11-05,Atestado,1,3,24
1664,251,2024-12-04,Atraso,1,0,1
1665,251,2024-07-21,Atestado,1,1,8
1666,251,2024-10-07,Licença curta,1,3,24
1667,252,2025-07-29,Atestado,1,1,8
1668,254,2025-11-14,Atestado,1,1,8
1669,254,2023-12-06,Atraso,1,0,1
1670,254,2025-01-14,Licença curta,1,2,16
1671,255,2022-04-05,Atestado,1,1,8
1672,255,2021-10-12,Atraso,1,0,4
1673,255,2022-09-15,Atestado,1,2,16
1674,255,2021-03-18,Falta injustificada,0,3,24
1675,255,2024-05-13,Atestado,1,1,8
1676,256,2019-05-03,Atraso,1,0,1
1677,256,2024-05-27,Atestado,1,2,16
1678,256,2019-04-17,Licença curta,1,4,32
1679,256,2021-10-30,Atestado,1,1,8
1680,256,2020-03-25,Licença curta,1,5,40
1681,256,2021-09-11,Atestado,1,2,16
1682,256,2019-08-19,Atraso,1,0,1
1683,256,2022-10-06,Atestado,1,3,24
1684,256,2021-09-04,Atestado,1,1,8
1685,256,2025-10-01,Falta injustificada,0,3,24
1686,256,2023-12-10,Atestado,1,1,8
1687,256,2024-01-11,Falta injustificada,0,3,24
1688,256,2020-06-03,Atestado,1,1,8
1689,256,2019-09-14,Atestado,1,1,8
1690,256,2023-04-03,Atestado,1,2,16
1691,256,2019-10-02,Atestado,1,1,8
1692,256,2019-09-19,Atraso,1,0,3
1693,256,2023-12-24,Atestado,1,1,8
1694,256,2022-05-27,Falta injustificada,0,3,24
1695,256,2023-11-12,Atraso,1,0,1
1696,256,2019-10-05,Atestado,1,1,8
1697,256,2019-08-25,Atestado,1,3,24
1698,256,2019-08-10,Atestado,1,2,16
1699,257,2024-04-26,Atestado,1,2,16
1700,257,2022-09-19,Atestado,1,3,24
1701,257,2024-06-25,Atestado,1,1,8
1702,258,2025-07-05,Falta injustificada,0,3,24
1703,258,2025-05-27,Atestado,1,3,24
1704,259,2025-11-24,Atraso,1,0,2
1705,259,2025-06-20,Atraso,1,0,1
1706,260,2024-01-17,Atestado,1,2,16
1707,260,2024-02-08,Atestado,1,2,16
1708,260,2022-01-26,Atestado,1,2,16
1709,260,2021-08-25,Licença curta,1,5,40
1710,260,2024-05-27,Atestado,1,2,16
1711,260,2022-08-01,Falta injustificada,0,1,8
1712,260,2022-01-29,Falta injustificada,0,1,8
1713,260,2021-11-18,Atestado,1,3,24
1714,260,2022-08-03,Atestado,1,3,24
1715,260,2022-03-18,Falta injustificada,0,3,24
1716,262,2025-08-31,Falta injustificada,0,2,16
1717,262,2025-03-26,Atestado,1,2,16
1718,262,2025-08-02,Atestado,1,3,24
1719,262,2025-12-23,Atestado,1,2,16
1720,263,2021-07-30,Atraso,1,0,2
1721,263,2021-11-24,Falta injustificada,0,1,8
1722,263,2025-01-02,Atestado,1,1,8
1723,263,2020-11-15,Atestado,1,1,8
1724,263,2022-04-14,Atraso,1,0,1
1725,263,2023-10-25,Falta injustificada,0,2,16
1726,263,2023-05-31,Atestado,1,3,24
1727,263,2024-10-06,Atraso,1,0,1
1728,264,2025-09-16,Atestado,1,2,16
1729,264,2025-05-30,Atestado,1,1,8
1730,265,2025-04-15,Falta injustificada,0,2,16
1731,265,2023-11-13,Atestado,1,2,16
1732,265,2024-02-27,Falta injustificada,0,1,8
1733,265,2025-10-29,Atestado,1,3,24
1734,266,2025-06-30,Falta injustificada,0,3,24
1735,266,2022-08-15,Atestado,1,1,8
1736,266,2023-02-21,Falta injustificada,0,3,24
1737,266,2024-12-11,Atestado,1,1,8
1738,266,2024-03-05,Atestado,1,2,16
1739,266,2022-11-27,Atestado,1,1,8
1740,266,2025-05-26,Atestado,1,1,8
1741,266,2022-03-12,Atestado,1,2,16
1742,266,2022-11-14,Falta injustificada,0,3,24
1743,266,2024-06-23,Atestado,1,3,24
1744,266,2025-09-08,Atestado,1,2,16
1745,266,2025-03-04,Atestado,1,3,24
1746,267,2025-08-08,Falta injustificada,0,3,24
1747,267,2025-10-07,Atestado,1,2,16
1748,268,2025-09-03,Atestado,1,2,16
1749,268,2025-02-13,Falta injustificada,0,2,16
1750,268,2024-05-27,Atraso,1,0,1
1751,268,2024-03-29,Atestado,1,2,16
1752,268,2024-01-25,Atraso,1,0,3
1753,269,2022-07-18,Atestado,1,1,8
1754,269,2019-10-14,Atestado,1,3,24
1755,269,2021-01-05,Falta injustificada,0,3,24
1756,270,2021-07-14,Atestado,1,2,16
1757,270,2025-12-12,Atestado,1,1,8
1758,270,2021-08-19,Atraso,1,0,1
1759,270,2024-05-05,Atestado,1,3,24
1760,270,2022-09-01,Atraso,1,0,1
1761,270,2023-03-02,Falta injustificada,0,1,8
1762,270,2023-06-10,Atraso,1,0,4
1763,270,2021-01-06,Atraso,1,0,1
1764,270,2019-01-10,Falta injustificada,0,2,16
1765,271,2018-12-21,Atestado,1,1,8
1766,271,2020-12-02,Atestado,1,1,8
1767,271,2022-01-10,Atraso,1,0,1
1768,271,2019-07-24,Falta injustificada,0,1,8
1769,271,2020-07-18,Atestado,1,2,16
1770,271,2020-01-03,Atestado,1,3,24
1771,272,2024-12-22,Atestado,1,1,8
1772,272,2023-02-14,Atraso,1,0,1
1773,272,2024-01-27,Atestado,1,1,8
1774,272,2024-07-19,Atestado,1,1,8
1775,273,2023-02-05,Atraso,1,0,4
1776,273,2023-05-04,Atestado,1,3,24
1777,273,2022-11-05,Atestado,1,2,16
1778,273,2024-12-23,Licença curta,1,3,24
1779,273,2022-11-14,Atestado,1,1,8
1780,273,2021-12-28,Atraso,1,0,1
1781,273,2022-11-09,Atestado,1,2,16
1782,273,2022-06-09,Atestado,1,1,8
1783,273,2025-09-01,Atestado,1,1,8
1784,274,2024-12-21,Falta injustificada,0,3,24
1785,275,2019-11-10,Atestado,1,2,16
1786,275,2020-12-21,Atestado,1,2,16
1787,275,2023-09-24,Atestado,1,1,8
1788,275,2022-10-05,Falta injustificada,0,2,16
1789,275,2020-07-14,Atestado,1,3,24
1790,275,2025-08-08,Atraso,1,0,4
1791,276,2024-05-27,Atestado,1,3,24
1792,276,2020-04-09,Atestado,1,1,8
1793,276,2021-02-27,Atraso,1,0,1
1794,276,2021-01-02,Licença curta,1,3,24
1795,276,2021-09-09,Atestado,1,3,24
1796,276,2023-10-13,Atraso,1,0,2
1797,276,2023-09-26,Atraso,1,0,3
1798,276,2023-02-08,Licença curta,1,5,40
1799,276,2022-04-13,Atestado,1,1,8
1800,277,2025-09-19,Atraso,1,0,2
1801,277,2025-04-21,Atraso,1,0,2
1802,277,2025-03-23,Atestado,1,1,8
1803,278,2023-08-01,Atestado,1,2,16
1804,278,2021-05-31,Atestado,1,2,16
1805,278,2021-12-19,Atestado,1,1,8
1806,278,2024-02-10,Atraso,1,0,2
1807,278,2022-02-24,Atraso,1,0,2
1808,278,2021-04-15,Falta injustificada,0,3,24
1809,278,2023-11-09,Falta injustificada,0,2,16
1810,278,2021-10-02,Atestado,1,3,24
1811,279,2022-11-28,Atestado,1,2,16
1812,279,2025-11-25,Atestado,1,1,8
1813,279,2023-05-23,Atestado,1,3,24
1814,279,2024-08-17,Atraso,1,0,3
1815,279,2025-04-22,Atraso,1,0,1
1816,280,2023-01-25,Falta injustificada,0,2,16
1817,280,2024-09-09,Atestado,1,2,16
1818,280,2020-11-17,Atestado,1,2,16
1819,280,2023-01-24,Atestado,1,3,24
1820,280,2024-04-16,Atestado,1,3,24
1821,280,2024-06-02,Atestado,1,2,16
1822,282,2022-12-08,Atraso,1,0,1
1823,282,2024-06-03,Atestado,1,3,24
1824,282,2020-05-02,Atestado,1,1,8
1825,282,2022-05-22,Falta injustificada,0,1,8
1826,282,2024-12-29,Falta injustificada,0,1,8
1827,283,2023-08-17,Atestado,1,1,8
1828,283,2022-08-14,Atestado,1,2,16
1829,283,2023-06-01,Atestado,1,3,24
1830,283,2020-12-12,Atestado,1,2,16
1831,283,2022-01-15,Atestado,1,3,24
1832,283,2020-02-20,Atestado,1,1,8
1833,283,2020-02-17,Atestado,1,2,16
1834,283,2024-03-03,Licença curta,1,4,32
1835,283,2021-10-07,Falta injustificada,0,3,24
1836,283,2019-08-25,Licença curta,1,5,40
1837,283,2024-12-06,Atestado,1,3,24
1838,283,2022-12-16,Atestado,1,2,16
1839,283,2024-03-30,Atestado,1,2,16
1840,284,2021-04-22,Atestado,1,2,16
1841,284,2020-12-10,Atestado,1,2,16
1842,284,2020-08-29,Atestado,1,2,16
1843,284,2021-01-10,Atestado,1,1,8
1844,284,2019-11-21,Atestado,1,2,16
1845,284,2020-03-11,Atestado,1,2,16
1846,284,2022-07-02,Atestado,1,1,8
1847,285,2023-11-29,Licença curta,1,2,16
1848,285,2023-03-10,Atraso,1,0,4
1849,285,2025-07-06,Atraso,1,0,3
1850,285,2025-08-20,Falta injustificada,0,3,24
1851,285,2020-10-05,Atraso,1,0,2
1852,285,2022-12-26,Licença curta,1,3,24
1853,285,2020-12-27,Atraso,1,0,3
1854,285,2021-03-19,Falta injustificada,0,1,8
1855,285,2023-12-04,Atestado,1,1,8
1856,287,2025-04-11,Atestado,1,1,8
1857,287,2022-11-24,Atestado,1,1,8
1858,287,2022-11-05,Atraso,1,0,3
1859,287,2021-12-16,Atraso,1,0,2
1860,287,2022-07-19,Atestado,1,3,24
1861,287,2022-03-26,Atestado,1,1,8
1862,287,2025-12-05,Atestado,1,1,8
1863,287,2025-03-30,Atraso,1,0,1
1864,287,2022-01-30,Falta injustificada,0,1,8
1865,287,2022-07-06,Atestado,1,2,16
1866,287,2023-01-15,Atestado,1,2,16
1867,287,2023-09-14,Licença curta,1,2,16
1868,287,2024-06-12,Atestado,1,3,24
1869,287,2024-11-25,Atraso,1,0,1
1870,287,2020-10-29,Atestado,1,2,16
1871,287,2021-09-15,Atestado,1,1,8
1872,287,2021-07-04,Atestado,1,2,16
1873,287,2021-10-10,Atraso,1,0,2
1874,287,2024-12-08,Atestado,1,3,24
1875,287,2025-05-08,Atestado,1,2,16
1876,287,2024-04-29,Falta injustificada,0,2,16
1877,287,2020-02-12,Atraso,1,0,1
1878,288,2023-03-24,Licença curta,1,3,24
1879,288,2024-07-10,Atestado,1,3,24
1880,288,2024-05-25,Licença curta,1,3,24
1881,288,2024-08-19,Atestado,1,2,16
1882,288,2025-12-23,Falta injustificada,0,1,8
1883,288,2023-12-01,Atestado,1,1,8
1884,288,2021-02-25,Atestado,1,2,16
1885,289,2024-05-07,Atestado,1,2,16
1886,289,2025-04-26,Atestado,1,2,16
1887,290,2025-06-10,Atraso,1,0,4
1888,290,2025-09-17,Atestado,1,2,16
1889,291,2023-04-16,Atestado,1,3,24
1890,291,2024-10-17,Atraso,1,0,2
1891,291,2022-02-15,Atestado,1,2,16
1892,291,2025-05-07,Licença curta,1,2,16
1893,291,2025-02-16,Atraso,1,0,1
1894,291,2019-02-15,Atestado,1,1,8
1895,291,2020-06-27,Licença curta,1,4,32
1896,291,2025-02-19,Atestado,1,3,24
1897,292,2025-07-24,Atestado,1,3,24
1898,292,2024-06-27,Falta injustificada,0,3,24
1899,292,2025-12-10,Atraso,1,0,4
1900,292,2023-04-10,Atraso,1,0,1
1901,292,2023-03-21,Atestado,1,1,8
1902,292,2023-04-10,Licença curta,1,2,16
1903,292,2024-01-29,Atestado,1,2,16
1904,292,2022-02-19,Atestado,1,2,16
1905,292,2021-09-09,Licença curta,1,4,32
1906,293,2024-09-03,Atraso,1,0,1
1907,293,2024-01-05,Atestado,1,3,24
1908,293,2023-03-10,Licença curta,1,2,16
1909,293,2022-06-11,Licença curta,1,2,16
1910,294,2025-01-01,Atestado,1,3,24
1911,294,2022-03-19,Atestado,1,1,8
1912,294,2025-11-07,Atestado,1,3,24
1913,294,2024-08-07,Atestado,1,2,16
1914,295,2024-09-12,Falta injustificada,0,1,8
1915,295,2024-12-09,Atestado,1,1,8
1916,295,2025-12-09,Atestado,1,2,16
1917,296,2021-08-23,Atraso,1,0,1
1918,296,2020-10-08,Atestado,1,1,8
1919,296,2021-09-22,Atestado,1,3,24
1920,296,2024-05-04,Falta injustificada,0,1,8
1921,296,2023-07-24,Licença curta,1,2,16
1922,296,2022-08-05,Atestado,1,3,24
1923,296,2018-08-02,Atestado,1,1,8
1924,296,2022-02-15,Atestado,1,2,16
1925,296,2022-11-05,Atestado,1,1,8
1926,296,2019-09-14,Atraso,1,0,1
1927,296,2019-11-28,Licença curta,1,5,40
1928,296,2023-10-28,Falta injustificada,0,3,24
1929,296,2019-03-26,Licença curta,1,5,40
1930,297,2025-12-31,Atestado,1,1,8
1931,298,2020-08-13,Atraso,1,0,4
1932,298,2021-06-19,Atraso,1,0,1
1933,298,2022-08-19,Atestado,1,2,16
1934,298,2024-06-25,Atestado,1,1,8
1935,298,2022-08-22,Atestado,1,3,24
1936,299,2021-11-30,Atestado,1,3,24
1937,299,2024-10-17,Atraso,1,0,1
1938,299,2024-08-13,Falta injustificada,0,2,16
1939,299,2022-04-28,Atestado,1,1,8
1940,299,2020-10-26,Atraso,1,0,1
1941,300,2021-05-19,Atestado,1,2,16
1942,300,2020-07-01,Falta injustificada,0,2,16
1943,300,2022-07-20,Falta injustificada,0,3,24
1944,300,2023-06-21,Falta injustificada,0,3,24
1945,300,2025-04-14,Atestado,1,2,16
1946,301,2024-05-21,Falta injustificada,0,3,24
1947,301,2022-01-05,Atestado,1,3,24
1948,301,2022-04-21,Atestado,1,2,16
1949,301,2025-06-01,Atraso,1,0,2
1950,301,2024-05-08,Atestado,1,2,16
1951,301,2025-09-20,Licença curta,1,4,32
1952,301,2023-12-26,Atraso,1,0,3
1953,301,2025-03-25,Atestado,1,1,8
1954,302,2022-11-11,Atestado,1,1,8
1955,302,2022-03-14,Atestado,1,3,24
1956,302,2023-10-02,Atestado,1,2,16
1957,302,2022-12-24,Atestado,1,2,16
1958,302,2023-07-18,Atestado,1,1,8
1959,302,2023-08-28,Atraso,1,0,1
1960,302,2023-04-17,Licença curta,1,2,16
1961,302,2022-10-19,Atestado,1,3,24
1962,303,2025-05-24,Falta injustificada,0,1,8
1963,304,2025-07-21,Atraso,1,0,4
1964,304,2025-08-20,Licença curta,1,4,32
1965,304,2025-11-28,Atestado,1,1,8
1966,305,2024-12-23,Atestado,1,2,16
1967,306,2021-09-27,Atestado,1,3,24
1968,306,2020-02-11,Falta injustificada,0,2,16
1969,306,2019-11-11,Atestado,1,1,8
1970,306,2022-04-06,Atraso,1,0,2
1971,306,2023-09-24,Falta injustificada,0,2,16
1972,307,2019-05-09,Atraso,1,0,2
1973,307,2019-06-20,Atestado,1,1,8
1974,307,2018-11-29,Atestado,1,1,8
1975,307,2019-08-16,Atestado,1,1,8
1976,307,2019-07-02,Falta injustificada,0,1,8
1977,307,2018-05-29,Atestado,1,3,24
1978,307,2020-02-25,Atraso,1,0,3
1979,307,2020-02-05,Atestado,1,3,24
1980,308,2024-09-29,Atestado,1,2,16
1981,308,2024-05-31,Atraso,1,0,3
1982,308,2025-07-17,Falta injustificada,0,2,16
1983,308,2025-11-07,Atraso,1,0,1
1984,308,2023-12-31,Atraso,1,0,2
1985,308,2024-07-25,Atraso,1,0,2
1986,309,2021-07-12,Atestado,1,1,8
1987,309,2022-09-21,Atestado,1,1,8
1988,309,2022-01-30,Atestado,1,2,16
1989,309,2023-12-02,Atestado,1,2,16
1990,309,2023-11-26,Falta injustificada,0,1,8
1991,309,2021-10-12,Falta injustificada,0,3,24
1992,309,2022-09-04,Atestado,1,3,24
1993,309,2023-10-09,Atestado,1,1,8
1994,309,2023-12-16,Atraso,1,0,1
1995,309,2022-11-18,Atraso,1,0,1
1996,309,2022-03-22,Atestado,1,1,8
1997,309,2021-06-01,Atestado,1,3,24
1998,310,2025-06-29,Atraso,1,0,2
1999,311,2021-10-21,Atestado,1,2,16
2000,311,2021-03-18,Atestado,1,3,24
2001,311,2024-03-14,Atraso,1,0,4
2002,311,2021-09-15,Atestado,1,1,8
2003,311,2019-12-11,Atraso,1,0,1
2004,311,2022-11-19,Atraso,1,0,2
2005,311,2021-07-16,Atestado,1,2,16
2006,312,2023-11-15,Falta injustificada,0,1,8
2007,312,2022-04-15,Licença curta,1,2,16
2008,312,2025-10-29,Atestado,1,1,8
2009,313,2023-02-21,Atestado,1,3,24
2010,313,2020-12-05,Atestado,1,3,24
2011,313,2025-03-18,Atestado,1,3,24
2012,313,2024-04-03,Falta injustificada,0,3,24
2013,313,2024-09-05,Atestado,1,3,24
2014,313,2025-09-10,Atestado,1,1,8
2015,315,2025-06-28,Atestado,1,3,24
2016,315,2025-04-05,Atestado,1,2,16
2017,315,2024-07-17,Atestado,1,3,24
2018,315,2024-05-29,Licença curta,1,2,16
2019,316,2024-05-25,Atestado,1,1,8
2020,316,2023-09-07,Atraso,1,0,3
2021,316,2024-05-20,Atestado,1,1,8
2022,316,2023-05-28,Atraso,1,0,2
2023,316,2022-10-18,Atraso,1,0,1
2024,316,2022-05-16,Atestado,1,2,16
2025,316,2022-06-10,Atestado,1,1,8
2026,316,2024-03-04,Atestado,1,1,8
2027,316,2022-08-21,Falta injustificada,0,1,8
2028,316,2022-10-28,Atestado,1,3,24
2029,317,2022-02-13,Atraso,1,0,2
2030,317,2022-02-10,Falta injustificada,0,1,8
2031,317,2024-11-24,Falta injustificada,0,3,24
2032,317,2021-06-12,Atestado,1,2,16
2033,317,2023-11-09,Falta injustificada,0,3,24
2034,318,2025-06-16,Atestado,1,3,24
2035,319,2024-05-14,Atraso,1,0,3
2036,319,2025-04-21,Atestado,1,2,16
2037,319,2024-12-26,Atestado,1,1,8
2038,319,2024-06-08,Atraso,1,0,2
2039,319,2024-05-20,Atestado,1,1,8
2040,320,2025-01-14,Atestado,1,2,16
2041,320,2024-01-05,Atraso,1,0,2
2042,320,2023-02-14,Atestado,1,2,16
2043,320,2024-10-23,Atestado,1,1,8
2044,320,2025-03-22,Licença curta,1,3,24
2045,320,2025-08-11,Atestado,1,1,8
2046,321,2020-11-10,Falta injustificada,0,3,24
2047,321,2025-01-22,Atestado,1,2,16
2048,321,2024-02-19,Atraso,1,0,1
2049,321,2023-12-27,Atestado,1,2,16
2050,321,2020-09-25,Atestado,1,1,8
2051,321,2025-06-15,Falta injustificada,0,1,8
2052,321,2022-10-17,Licença curta,1,4,32
2053,321,2024-10-16,Atraso,1,0,4
2054,321,2023-11-06,Atestado,1,2,16
2055,321,2021-01-22,Atestado,1,3,24
2056,321,2023-07-01,Falta injustificada,0,3,24
2057,321,2021-06-14,Atestado,1,2,16
2058,322,2022-12-23,Atestado,1,3,24
2059,322,2024-04-06,Atestado,1,3,24
2060,322,2024-08-15,Atestado,1,3,24
2061,322,2023-03-11,Atestado,1,2,16
2062,322,2023-06-06,Atestado,1,3,24
2063,322,2024-03-24,Atestado,1,3,24
2064,322,2025-02-23,Atestado,1,1,8
2065,322,2024-04-28,Atestado,1,1,8
2066,322,2025-11-09,Atestado,1,3,24
2067,323,2024-09-20,Atestado,1,2,16
2068,323,2025-01-25,Atraso,1,0,1
2069,323,2025-10-17,Atestado,1,3,24
2070,323,2023-07-05,Atestado,1,3,24
2071,323,2025-07-01,Atestado,1,3,24
2072,323,2022-04-12,Atestado,1,1,8
2073,323,2022-04-28,Falta injustificada,0,3,24
2074,323,2022-11-25,Atraso,1,0,3
2075,323,2023-12-08,Atestado,1,1,8
2076,324,2025-11-21,Falta injustificada,0,1,8
2077,324,2025-05-26,Falta injustificada,0,1,8
2078,324,2025-06-25,Atestado,1,2,16
2079,325,2024-09-11,Atraso,1,0,1
2080,325,2024-02-17,Falta injustificada,0,1,8
2081,325,2023-09-22,Atestado,1,2,16
2082,325,2023-11-15,Falta injustificada,0,3,24
2083,326,2018-06-26,Atestado,1,1,8
2084,326,2024-10-06,Atestado,1,2,16
2085,326,2021-09-29,Atestado,1,1,8
2086,326,2021-03-06,Falta injustificada,0,2,16
2087,326,2025-04-11,Atraso,1,0,2
2088,327,2020-02-14,Atraso,1,0,1
2089,327,2025-07-08,Falta injustificada,0,2,16
2090,327,2022-11-29,Atestado,1,1,8
2091,328,2021-10-25,Atestado,1,3,24
2092,328,2022-12-17,Atestado,1,2,16
2093,328,2021-12-18,Licença curta,1,3,24
2094,328,2025-04-18,Licença curta,1,2,16
2095,328,2022-01-12,Falta injustificada,0,3,24
2096,328,2021-09-28,Atestado,1,3,24
2097,328,2023-07-11,Atestado,1,3,24
2098,328,2022-11-08,Atraso,1,0,1
2099,328,2021-04-21,Atestado,1,2,16
2100,328,2019-04-25,Atestado,1,1,8
2101,328,2024-10-04,Atestado,1,1,8
2102,328,2021-05-28,Atestado,1,1,8
2103,328,2020-10-31,Atestado,1,1,8
2104,328,2020-08-27,Atestado,1,1,8
2105,328,2021-03-12,Atestado,1,3,24
2106,329,2023-10-02,Atestado,1,1,8
2107,329,2021-12-30,Atestado,1,3,24
2108,329,2021-02-10,Atestado,1,2,16
2109,329,2023-04-17,Falta injustificada,0,2,16
2110,329,2021-08-05,Falta injustificada,0,3,24
2111,329,2021-10-12,Atestado,1,1,8
2112,330,2023-12-31,Atestado,1,1,8
2113,330,2022-01-13,Falta injustificada,0,2,16
2114,330,2022-06-11,Licença curta,1,5,40
2115,330,2021-07-02,Licença curta,1,4,32
2116,330,2024-08-21,Atestado,1,1,8
2117,330,2023-04-11,Atestado,1,2,16
2118,330,2023-06-25,Atestado,1,1,8
2119,330,2024-07-10,Licença curta,1,5,40
2120,330,2023-12-26,Atestado,1,3,24
2121,330,2024-02-08,Atestado,1,1,8
2122,330,2024-08-25,Atestado,1,1,8
2123,330,2023-07-10,Atestado,1,2,16
2124,330,2020-03-05,Atestado,1,2,16
2125,330,2025-12-01,Falta injustificada,0,3,24
2126,331,2024-03-16,Atraso,1,0,2
2127,331,2025-04-30,Atestado,1,3,24
2128,331,2024-04-08,Atestado,1,2,16
2129,331,2024-11-04,Atestado,1,2,16
2130,331,2024-08-20,Atestado,1,2,16
2131,332,2024-05-27,Atraso,1,0,1
2132,332,2024-12-01,Falta injustificada,0,3,24
2133,332,2025-07-05,Falta injustificada,0,1,8
2134,332,2024-09-06,Atraso,1,0,3
2135,332,2023-07-31,Falta injustificada,0,3,24
2136,332,2025-06-12,Atestado,1,1,8
2137,333,2023-07-16,Atestado,1,1,8
2138,333,2022-09-11,Atraso,1,0,1
2139,333,2022-09-29,Atestado,1,3,24
2140,334,2024-02-22,Atestado,1,2,16
2141,334,2024-04-24,Falta injustificada,0,2,16
2142,334,2024-04-04,Atestado,1,3,24
2143,334,2024-02-20,Atestado,1,2,16
2144,334,2024-10-15,Falta injustificada,0,2,16
2145,335,2025-06-28,Licença curta,1,2,16
2146,335,2024-11-02,Atestado,1,1,8
2147,336,2025-04-20,Atraso,1,0,3
2148,337,2019-11-02,Atraso,1,0,2
2149,337,2019-03-19,Atestado,1,1,8
2150,337,2019-12-24,Atestado,1,2,16
2151,337,2019-09-25,Falta injustificada,0,3,24
2152,337,2020-02-16,Atestado,1,3,24
2153,338,2025-08-03,Atestado,1,2,16
2154,338,2025-08-19,Atestado,1,1,8
2155,338,2025-05-18,Atestado,1,2,16
2156,338,2024-02-08,Licença curta,1,3,24
2157,338,2023-02-01,Atestado,1,2,16
2158,338,2021-12-02,Atraso,1,0,3
2159,338,2023-10-03,Atestado,1,3,24
2160,338,2025-09-09,Falta injustificada,0,3,24
2161,339,2025-03-31,Atestado,1,3,24
2162,340,2021-09-13,Falta injustificada,0,2,16
2163,340,2025-02-24,Atestado,1,3,24
2164,340,2021-09-11,Atestado,1,2,16
2165,340,2022-10-26,Falta injustificada,0,3,24
2166,340,2021-11-08,Licença curta,1,2,16
2167,341,2021-12-11,Atestado,1,1,8
2168,341,2024-11-25,Falta injustificada,0,3,24
2169,341,2023-06-12,Falta injustificada,0,2,16
2170,341,2025-04-01,Falta injustificada,0,3,24
2171,341,2021-09-27,Atestado,1,3,24
2172,341,2022-05-07,Atestado,1,2,16
2173,341,2022-03-21,Atestado,1,2,16
2174,341,2022-09-15,Atestado,1,3,24
2175,341,2022-12-25,Atraso,1,0,3
2176,342,2021-04-11,Falta injustificada,0,3,24
2177,342,2022-02-28,Atestado,1,2,16
2178,342,2021-10-03,Atestado,1,2,16
2179,342,2022-08-02,Atestado,1,2,16
2180,343,2025-01-22,Atestado,1,3,24
2181,343,2025-09-18,Atestado,1,1,8
2182,343,2021-06-14,Falta injustificada,0,3,24
2183,343,2024-01-19,Atestado,1,2,16
2184,343,2025-05-28,Falta injustificada,0,1,8
2185,343,2022-05-07,Atestado,1,3,24
2186,343,2022-01-06,Licença curta,1,5,40
2187,344,2021-12-27,Atestado,1,1,8
2188,344,2020-06-03,Atestado,1,2,16
2189,344,2018-07-21,Atestado,1,1,8
2190,344,2019-04-27,Falta injustificada,0,3,24
2191,344,2023-03-22,Atestado,1,3,24
2192,344,2023-03-18,Atestado,1,3,24
2193,345,2024-02-07,Atestado,1,3,24
2194,346,2024-10-14,Atestado,1,1,8
2195,346,2024-01-27,Falta injustificada,0,2,16
2196,346,2024-02-06,Atestado,1,3,24
2197,347,2023-07-07,Atestado,1,1,8
2198,347,2025-06-27,Atestado,1,1,8
2199,347,2025-07-30,Atestado,1,1,8
2200,347,2025-04-14,Falta injustificada,0,3,24
2201,347,2023-12-14,Atraso,1,0,3
2202,347,2023-10-20,Atestado,1,1,8
2203,348,2021-08-16,Atestado,1,3,24
2204,348,2022-04-27,Atraso,1,0,2
2205,348,2025-10-31,Licença curta,1,3,24
2206,348,2022-10-01,Atestado,1,2,16
2207,348,2023-10-07,Atestado,1,3,24
2208,348,2024-10-17,Atraso,1,0,2
2209,348,2021-11-27,Atraso,1,0,1
2210,348,2024-11-11,Falta injustificada,0,1,8
2211,348,2021-09-28,Falta injustificada,0,2,16
2212,349,2021-10-17,Atestado,1,2,16
2213,349,2022-01-05,Falta injustificada,0,2,16
2214,349,2021-09-03,Atestado,1,2,16
2215,349,2021-06-24,Atraso,1,0,1
2216,349,2024-08-06,Atestado,1,1,8
2217,349,2023-12-29,Licença curta,1,5,40
2218,349,2025-01-31,Licença curta,1,2,16
2219,349,2021-05-14,Atestado,1,1,8
2220,349,2022-10-21,Atraso,1,0,1
2221,349,2025-07-12,Atestado,1,1,8
2222,349,2025-01-16,Atestado,1,3,24
2223,350,2023-03-19,Licença curta,1,2,16
2224,350,2024-02-29,Falta injustificada,0,3,24
2225,350,2023-01-07,Atraso,1,0,4
2226,350,2025-01-31,Atestado,1,3,24
2227,350,2025-11-23,Falta injustificada,0,2,16
2228,350,2025-09-14,Atraso,1,0,4
2229,351,2025-07-13,Atestado,1,2,16
2230,351,2025-04-14,Falta injustificada,0,2,16
2231,352,2025-09-01,Atestado,1,3,24
2232,353,2023-06-13,Atestado,1,2,16
2233,353,2022-04-15,Atestado,1,2,16
2234,353,2024-01-26,Falta injustificada,0,2,16
2235,353,2020-03-29,Atraso,1,0,1
2236,354,2023-05-30,Atestado,1,2,16
2237,354,2020-07-16,Atestado,1,1,8
2238,354,2024-07-16,Atestado,1,3,24
2239,354,2023-12-03,Atestado,1,3,24
2240,354,2020-12-21,Atraso,1,0,2
2241,354,2019-09-15,Atestado,1,3,24
2242,355,2022-12-25,Atestado,1,3,24
2243,355,2023-11-11,Atestado,1,3,24
2244,355,2023-09-09,Atraso,1,0,4
2245,355,2024-05-11,Atestado,1,2,16
2246,355,2025-10-05,Atestado,1,3,24
2247,355,2025-12-27,Falta injustificada,0,2,16
2248,355,2025-03-07,Atestado,1,2,16
2249,355,2025-12-30,Atestado,1,1,8
2250,356,2023-01-23,Licença curta,1,4,32
2251,356,2023-02-20,Atestado,1,3,24
2252,356,2025-01-23,Atraso,1,0,1
2253,356,2023-04-20,Atestado,1,3,24
2254,356,2024-11-13,Atestado,1,3,24
2255,356,2025-07-14,Atraso,1,0,1
2256,357,2022-02-28,Atestado,1,3,24
2257,357,2024-12-22,Atestado,1,2,16
2258,357,2020-06-15,Atestado,1,2,16
2259,357,2024-05-04,Atraso,1,0,3
2260,357,2024-11-18,Atestado,1,3,24
2261,357,2020-09-01,Falta injustificada,0,3,24
2262,358,2023-04-14,Atestado,1,2,16
2263,358,2024-07-12,Atestado,1,1,8
2264,358,2025-02-12,Atestado,1,1,8
2265,358,2024-01-16,Falta injustificada,0,3,24
2266,358,2025-07-11,Atestado,1,3,24
2267,358,2023-12-15,Atestado,1,1,8
2268,358,2021-11-03,Licença curta,1,5,40
2269,358,2025-08-04,Atestado,1,1,8
2270,358,2022-10-25,Atestado,1,3,24
2271,358,2024-03-14,Licença curta,1,5,40
2272,358,2022-01-25,Atestado,1,2,16
2273,358,2021-10-09,Atestado,1,2,16
2274,358,2024-11-03,Atraso,1,0,1
2275,358,2024-02-27,Atraso,1,0,1
2276,358,2022-06-23,Atestado,1,1,8
2277,358,2022-04-24,Atestado,1,1,8
2278,358,2025-05-07,Atestado,1,3,24
2279,359,2025-10-07,Falta injustificada,0,1,8
2280,359,2024-02-07,Atestado,1,2,16
2281,359,2025-10-23,Atestado,1,1,8
2282,359,2024-04-03,Falta injustificada,0,2,16
2283,359,2024-11-17,Atestado,1,2,16
2284,359,2024-06-03,Atestado,1,3,24
2285,359,2024-07-11,Atestado,1,3,24
2286,359,2025-02-20,Falta injustificada,0,3,24
2287,359,2024-02-25,Atestado,1,3,24
2288,359,2024-03-09,Atraso,1,0,1
2289,360,2023-12-01,Atestado,1,3,24
2290,360,2024-12-26,Falta injustificada,0,2,16
2291,360,2021-06-05,Falta injustificada,0,3,24
2292,360,2022-10-14,Atraso,1,0,2
2293,360,2025-10-22,Licença curta,1,3,24
2294,360,2024-02-24,Atestado,1,3,24
2295,360,2021-04-13,Atraso,1,0,2
2296,360,2024-07-12,Falta injustificada,0,2,16
2297,361,2024-07-25,Falta injustificada,0,3,24
2298,361,2025-08-03,Atestado,1,3,24
2299,361,2025-07-16,Licença curta,1,5,40
2300,362,2024-11-01,Atestado,1,1,8
2301,362,2022-06-11,Falta injustificada,0,2,16
2302,362,2021-03-26,Atestado,1,2,16
2303,362,2020-12-02,Falta injustificada,0,1,8
2304,362,2020-12-08,Licença curta,1,4,32
2305,362,2022-01-17,Atraso,1,0,1
2306,362,2021-03-28,Licença curta,1,4,32
2307,362,2021-05-13,Falta injustificada,0,2,16
2308,362,2024-03-14,Atestado,1,3,24
2309,362,2019-12-15,Atestado,1,2,16
2310,362,2020-08-18,Atestado,1,3,24
2311,362,2025-12-10,Atraso,1,0,1
2312,362,2022-01-24,Atestado,1,2,16
2313,363,2023-01-31,Falta injustificada,0,2,16
2314,363,2022-12-02,Falta injustificada,0,3,24
2315,363,2022-04-02,Atestado,1,3,24
2316,363,2023-10-04,Licença curta,1,3,24
2317,363,2022-03-13,Atestado,1,2,16
2318,363,2021-12-03,Atestado,1,3,24
2319,364,2024-12-06,Falta injustificada,0,2,16
2320,364,2021-05-22,Atestado,1,2,16
2321,364,2022-03-22,Atraso,1,0,1
2322,364,2025-05-16,Atestado,1,3,24
2323,364,2024-11-16,Atestado,1,1,8
2324,364,2022-12-11,Atestado,1,1,8
2325,364,2020-02-25,Falta injustificada,0,3,24
2326,364,2023-05-11,Atestado,1,2,16
2327,364,2025-05-26,Atestado,1,3,24
2328,364,2021-02-24,Atestado,1,2,16
2329,364,2025-02-17,Falta injustificada,0,3,24
2330,364,2022-03-09,Atraso,1,0,1
2331,364,2025-04-26,Falta injustificada,0,2,16
2332,364,2023-12-28,Atestado,1,1,8
2333,364,2023-07-03,Falta injustificada,0,1,8
2334,364,2022-02-16,Atestado,1,3,24
2335,364,2022-04-16,Atestado,1,3,24
2336,364,2020-05-10,Falta injustificada,0,1,8
2337,364,2025-03-26,Licença curta,1,5,40
2338,364,2023-02-14,Atestado,1,3,24
2339,365,2022-01-15,Licença curta,1,2,16
2340,365,2024-08-26,Atestado,1,2,16
2341,365,2024-12-28,Atestado,1,3,24
2342,365,2025-07-25,Atraso,1,0,1
2343,365,2024-02-28,Atestado,1,2,16
2344,365,2024-08-21,Atestado,1,1,8
2345,365,2023-06-06,Atraso,1,0,1
2346,365,2023-06-03,Atraso,1,0,2
2347,365,2022-06-11,Atestado,1,3,24
2348,365,2024-09-01,Atestado,1,1,8
2349,365,2021-09-21,Atestado,1,2,16
2350,365,2020-11-10,Falta injustificada,0,3,24
2351,365,2023-08-31,Falta injustificada,0,2,16
2352,365,2022-02-02,Atestado,1,3,24
2353,365,2021-10-18,Atestado,1,2,16
2354,365,2025-08-31,Falta injustificada,0,2,16
2355,365,2021-11-17,Atraso,1,0,2
2356,366,2023-03-23,Atraso,1,0,4
2357,366,2023-04-09,Falta injustificada,0,3,24
2358,366,2023-02-22,Atestado,1,3,24
2359,366,2025-09-12,Atestado,1,1,8
2360,367,2025-03-14,Atraso,1,0,4
2361,367,2025-10-19,Atestado,1,1,8
2362,367,2024-08-07,Atestado,1,2,16
2363,367,2025-05-20,Atraso,1,0,2
2364,368,2024-05-14,Licença curta,1,3,24
2365,368,2022-08-15,Atestado,1,1,8
2366,368,2023-06-18,Falta injustificada,0,2,16
2367,368,2022-12-19,Atestado,1,1,8
2368,369,2020-09-20,Atestado,1,3,24
2369,369,2023-03-15,Atestado,1,3,24
2370,369,2024-04-08,Atestado,1,1,8
2371,369,2023-12-08,Falta injustificada,0,1,8
2372,369,2019-10-15,Atestado,1,1,8
2373,369,2022-02-08,Falta injustificada,0,2,16
2374,369,2024-11-19,Licença curta,1,4,32
2375,369,2021-05-04,Falta injustificada,0,3,24
2376,369,2023-08-13,Falta injustificada,0,3,24
2377,370,2025-09-06,Falta injustificada,0,3,24
2378,370,2024-01-20,Atestado,1,2,16
2379,370,2025-08-16,Atestado,1,2,16
2380,370,2024-07-28,Atraso,1,0,1
2381,370,2025-07-29,Falta injustificada,0,3,24
2382,372,2023-08-12,Atestado,1,2,16
2383,372,2018-10-01,Atestado,1,1,8
2384,372,2019-12-05,Falta injustificada,0,1,8
2385,372,2019-12-27,Atestado,1,2,16
2386,372,2025-10-24,Licença curta,1,3,24
2387,372,2018-11-17,Atestado,1,3,24
2388,372,2025-01-16,Atestado,1,3,24
2389,373,2025-03-12,Atestado,1,2,16
2390,373,2020-11-16,Falta injustificada,0,3,24
2391,373,2021-11-05,Atestado,1,2,16
2392,373,2025-03-31,Atestado,1,3,24
2393,373,2024-09-05,Atraso,1,0,1
2394,373,2023-03-01,Atestado,1,3,24
2395,373,2021-03-21,Atraso,1,0,2
2396,373,2020-12-06,Atraso,1,0,2
2397,373,2023-06-19,Falta injustificada,0,1,8
2398,373,2025-11-04,Atraso,1,0,1
2399,373,2021-11-21,Atraso,1,0,2
2400,373,2024-05-12,Atestado,1,3,24
2401,373,2020-01-14,Atestado,1,2,16
2402,373,2025-10-31,Atestado,1,3,24
2403,374,2023-12-04,Falta injustificada,0,1,8
2404,374,2024-02-04,Falta injustificada,0,3,24
2405,374,2024-03-16,Falta injustificada,0,3,24
2406,374,2025-10-10,Atraso,1,0,3
2407,374,2025-08-13,Atestado,1,3,24
2408,375,2020-10-17,Atraso,1,0,1
2409,375,2021-09-23,Atestado,1,3,24
2410,375,2020-09-19,Atestado,1,1,8
2411,375,2021-06-03,Atraso,1,0,4
2412,375,2019-06-18,Falta injustificada,0,3,24
2413,375,2024-06-01,Atestado,1,2,16
2414,376,2025-05-11,Atestado,1,1,8
2415,376,2025-05-14,Atestado,1,3,24
2416,376,2025-06-23,Atestado,1,3,24
2417,377,2025-07-02,Atraso,1,0,2
2418,378,2019-04-21,Atestado,1,3,24
2419,378,2021-03-13,Atestado,1,1,8
2420,378,2019-04-08,Atestado,1,1,8
2421,378,2023-12-30,Falta injustificada,0,2,16
2422,378,2022-05-25,Atestado,1,3,24
2423,378,2020-03-29,Licença curta,1,5,40
2424,378,2025-09-12,Atestado,1,1,8
2425,378,2021-02-07,Atraso,1,0,2
2426,378,2021-09-09,Atestado,1,1,8
2427,378,2024-02-22,Atraso,1,0,2
2428,378,2021-08-10,Atestado,1,3,24
2429,378,2024-04-22,Atestado,1,2,16
2430,378,2019-11-20,Atestado,1,3,24
2431,378,2023-10-26,Falta injustificada,0,3,24
2432,378,2021-10-29,Licença curta,1,4,32
2433,378,2025-02-11,Atestado,1,3,24
2434,378,2024-01-17,Atestado,1,1,8
2435,378,2019-06-06,Licença curta,1,2,16
2436,380,2020-12-31,Falta injustificada,0,1,8
2437,380,2020-06-13,Atestado,1,1,8
2438,380,2021-09-13,Atestado,1,1,8
2439,380,2019-11-05,Atestado,1,3,24
2440,380,2024-07-13,Falta injustificada,0,1,8
2441,380,2024-12-22,Falta injustificada,0,2,16
2442,380,2021-06-14,Falta injustificada,0,1,8
2443,380,2025-04-26,Falta injustificada,0,2,16
2444,380,2019-03-05,Atestado,1,3,24
2445,380,2021-03-14,Atestado,1,2,16
2446,380,2022-08-15,Atraso,1,0,2
2447,380,2025-08-17,Atestado,1,1,8
2448,381,2023-08-19,Atestado,1,2,16
2449,381,2021-11-08,Atestado,1,2,16
2450,381,2025-03-07,Atestado,1,2,16
2451,381,2025-04-13,Atestado,1,1,8
2452,381,2024-05-23,Atestado,1,1,8
2453,381,2021-10-13,Atestado,1,3,24
2454,381,2025-06-30,Atraso,1,0,2
2455,381,2022-11-24,Atraso,1,0,1
2456,381,2024-12-08,Atestado,1,3,24
2457,381,2025-01-03,Falta injustificada,0,1,8
2458,381,2025-05-24,Atestado,1,2,16
2459,382,2023-06-25,Atestado,1,3,24
2460,382,2023-07-16,Falta injustificada,0,3,24
2461,382,2023-07-05,Atestado,1,1,8
2462,382,2023-05-19,Atestado,1,1,8
2463,383,2024-04-25,Falta injustificada,0,2,16
2464,383,2024-06-29,Falta injustificada,0,1,8
2465,383,2025-02-14,Falta injustificada,0,1,8
2466,384,2021-12-09,Atestado,1,2,16
2467,384,2022-03-16,Licença curta,1,2,16
2468,384,2025-05-04,Falta injustificada,0,3,24
2469,384,2023-10-15,Atraso,1,0,1
2470,384,2021-11-16,Atestado,1,2,16
2471,384,2025-02-04,Atraso,1,0,2
2472,385,2020-06-18,Atestado,1,2,16
2473,385,2023-03-17,Falta injustificada,0,2,16
2474,385,2021-02-08,Licença curta,1,3,24
2475,385,2022-07-14,Atestado,1,1,8
2476,385,2020-07-25,Atestado,1,2,16
2477,385,2021-12-16,Atraso,1,0,3
2478,385,2023-09-17,Falta injustificada,0,1,8
2479,386,2025-02-06,Falta injustificada,0,1,8
2480,386,2021-09-11,Atraso,1,0,3
2481,386,2023-08-31,Atestado,1,3,24
2482,386,2025-08-15,Atestado,1,2,16
2483,386,2024-01-05,Atestado,1,2,16
2484,386,2021-03-31,Licença curta,1,4,32
2485,386,2024-08-21,Falta injustificada,0,3,24
2486,386,2025-07-25,Atestado,1,2,16
2487,386,2023-10-21,Atestado,1,2,16
2488,386,2024-02-13,Falta injustificada,0,1,8
2489,386,2025-09-27,Atestado,1,1,8
2490,386,2021-09-01,Atraso,1,0,3
2491,387,2023-02-23,Atestado,1,2,16
2492,387,2021-08-10,Atestado,1,2,16
2493,387,2025-07-17,Atestado,1,3,24
2494,387,2024-02-05,Atraso,1,0,1
2495,387,2024-12-05,Falta injustificada,0,3,24
2496,387,2021-01-04,Atestado,1,2,16
2497,387,2019-09-08,Atestado,1,3,24
2498,387,2025-05-04,Licença curta,1,3,24
2499,388,2025-10-27,Atestado,1,1,8
2500,389,2022-06-22,Atraso,1,0,2
2501,389,2023-10-18,Atestado,1,3,24
2502,389,2025-10-18,Falta injustificada,0,2,16
2503,390,2020-05-18,Atestado,1,3,24
2504,390,2023-12-09,Atestado,1,3,24
2505,390,2022-07-31,Atraso,1,0,3
2506,390,2024-06-23,Atraso,1,0,4
2507,390,2024-12-02,Atestado,1,1,8
2508,390,2024-09-15,Atestado,1,2,16
2509,390,2025-01-15,Licença curta,1,4,32
2510,390,2022-11-17,Atestado,1,2,16
2511,390,2025-08-16,Falta injustificada,0,3,24
2512,390,2022-05-09,Atestado,1,2,16
2513,390,2020-10-05,Atestado,1,2,16
2514,391,2023-09-27,Atestado,1,2,16
2515,391,2021-12-18,Atestado,1,3,24
2516,391,2021-11-26,Atestado,1,1,8
2517,391,2025-07-20,Atestado,1,1,8
2518,391,2021-12-25,Atestado,1,1,8
2519,392,2023-06-13,Licença curta,1,2,16
2520,392,2024-09-23,Atestado,1,3,24
2521,392,2025-11-21,Atraso,1,0,1
2522,392,2023-03-09,Atraso,1,0,1
2523,392,2025-07-03,Atraso,1,0,1
2524,393,2024-04-09,Atestado,1,3,24
2525,393,2020-02-05,Atraso,1,0,1
2526,393,2023-12-12,Licença curta,1,5,40
2527,393,2024-05-05,Atestado,1,3,24
2528,393,2024-07-15,Atestado,1,3,24
2529,393,2019-12-19,Falta injustificada,0,2,16
2530,393,2018-09-21,Atestado,1,3,24
2531,393,2020-09-12,Atestado,1,3,24
2532,393,2018-08-25,Atraso,1,0,3
2533,393,2023-05-02,Licença curta,1,4,32
2534,393,2021-04-22,Atestado,1,3,24
2535,393,2025-12-25,Atestado,1,3,24
2536,393,2025-05-26,Atestado,1,1,8
2537,393,2025-05-18,Atestado,1,2,16
2538,393,2020-06-16,Atraso,1,0,1
2539,393,2024-06-09,Atestado,1,1,8
2540,393,2020-07-12,Atestado,1,1,8
2541,394,2025-01-17,Atestado,1,1,8
2542,394,2025-06-17,Atestado,1,2,16
2543,394,2024-02-29,Atestado,1,2,16
2544,394,2025-05-29,Atestado,1,2,16
2545,394,2024-06-30,Atraso,1,0,1
2546,395,2023-01-22,Atestado,1,1,8
2547,395,2022-11-11,Atestado,1,3,24
2548,395,2022-05-14,Atestado,1,3,24
2549,395,2025-09-26,Falta injustificada,0,1,8
2550,395,2022-08-05,Atestado,1,2,16
2551,396,2023-12-28,Falta injustificada,0,2,16
2552,396,2021-07-17,Falta injustificada,0,1,8
2553,396,2018-08-07,Falta injustificada,0,3,24
2554,396,2025-08-26,Atestado,1,3,24
2555,396,2022-12-27,Atestado,1,1,8
2556,396,2021-12-28,Atestado,1,3,24
2557,396,2024-05-09,Atestado,1,1,8
2558,396,2023-10-07,Atraso,1,0,4
2559,396,2025-07-02,Falta injustificada,0,2,16
2560,396,2019-03-21,Licença curta,1,4,32
2561,396,2018-08-22,Falta injustificada,0,3,24
2562,396,2023-09-26,Atestado,1,2,16
2563,397,2022-11-29,Atestado,1,2,16
2564,397,2021-11-02,Falta injustificada,0,1,8
2565,397,2023-03-14,Atestado,1,3,24
2566,397,2022-04-13,Atestado,1,2,16
2567,397,2023-03-24,Atestado,1,1,8
2568,397,2021-10-21,Atestado,1,2,16
2569,397,2023-12-30,Licença curta,1,3,24
2570,397,2021-09-17,Atraso,1,0,2
2571,397,2024-03-15,Atestado,1,3,24
2572,397,2022-02-05,Atraso,1,0,1
2573,397,2023-07-17,Atestado,1,1,8
2574,397,2023-12-21,Atestado,1,1,8
2575,397,2022-02-09,Atraso,1,0,1
2576,398,2024-11-13,Atestado,1,1,8
2577,399,2024-09-20,Atestado,1,2,16
2578,399,2023-08-23,Atestado,1,2,16
2579,399,2023-07-13,Atestado,1,2,16
2580,399,2021-06-27,Atraso,1,0,3
2581,399,2025-06-17,Atestado,1,2,16
2582,399,2020-08-30,Atestado,1,2,16
2583,399,2024-05-15,Atestado,1,1,8
2584,399,2021-01-04,Falta injustificada,0,2,16
2585,399,2024-04-23,Falta injustificada,0,1,8
2586,399,2023-06-22,Atestado,1,3,24
2587,399,2021-09-01,Falta injustificada,0,1,8
2588,399,2021-07-27,Falta injustificada,0,2,16
2589,399,2019-11-23,Licença curta,1,3,24
2590,400,2024-04-24,Atestado,1,2,16
2591,401,2025-09-10,Atestado,1,2,16
2592,401,2023-09-12,Atestado,1,1,8
2593,401,2025-06-23,Falta injustificada,0,1,8
2594,402,2024-06-03,Atestado,1,3,24
2595,402,2023-03-24,Atraso,1,0,2
2596,402,2022-05-27,Licença curta,1,5,40
2597,402,2024-06-23,Atestado,1,3,24
2598,403,2025-03-03,Atestado,1,3,24
2599,403,2025-10-13,Falta injustificada,0,1,8
2600,403,2024-09-09,Falta injustificada,0,2,16
2601,403,2025-03-09,Atraso,1,0,1
2602,403,2025-10-25,Atestado,1,3,24
2603,404,2024-08-02,Atestado,1,1,8
2604,404,2023-01-08,Atestado,1,1,8
2605,404,2022-07-11,Atestado,1,1,8
2606,404,2023-04-12,Atestado,1,2,16
2607,404,2025-03-18,Licença curta,1,2,16
2608,404,2023-09-25,Falta injustificada,0,1,8
2609,405,2025-08-13,Atestado,1,2,16
2610,406,2024-07-12,Falta injustificada,0,3,24
2611,406,2025-05-24,Atestado,1,1,8
2612,406,2024-07-17,Atestado,1,2,16
2613,406,2024-02-20,Licença curta,1,4,32
2614,406,2024-09-08,Atestado,1,1,8
2615,408,2025-06-15,Atestado,1,2,16
2616,408,2024-01-06,Atestado,1,3,24
2617,409,2021-05-29,Licença curta,1,3,24
2618,409,2021-12-13,Atestado,1,2,16
2619,409,2024-11-07,Atestado,1,1,8
2620,409,2025-05-25,Atraso,1,0,2
2621,409,2022-01-11,Atestado,1,3,24
2622,410,2025-05-26,Atestado,1,3,24
2623,410,2025-08-27,Atestado,1,1,8
2624,410,2025-09-19,Atestado,1,3,24
2625,411,2024-07-25,Atestado,1,3,24
2626,412,2023-10-17,Atestado,1,3,24
2627,412,2023-02-15,Licença curta,1,3,24
2628,412,2020-10-03,Atraso,1,0,3
2629,412,2024-06-28,Atestado,1,3,24
2630,412,2023-03-24,Atraso,1,0,1
2631,412,2023-04-04,Atestado,1,1,8
2632,412,2020-12-25,Falta injustificada,0,1,8
2633,413,2025-01-15,Atestado,1,2,16
2634,413,2024-11-28,Atestado,1,2,16
2635,413,2025-02-15,Atraso,1,0,1
2636,413,2025-01-22,Atraso,1,0,1
2637,414,2024-04-30,Atraso,1,0,1
2638,414,2019-09-30,Atestado,1,3,24
2639,416,2024-07-15,Atestado,1,1,8
2640,416,2024-02-14,Falta injustificada,0,2,16
2641,416,2025-02-13,Atestado,1,3,24
2642,416,2024-11-01,Atestado,1,3,24
2643,417,2025-03-16,Falta injustificada,0,1,8
2644,418,2022-08-01,Falta injustificada,0,2,16
2645,418,2023-09-23,Atraso,1,0,2
2646,418,2024-01-10,Atestado,1,1,8
2647,418,2024-03-13,Falta injustificada,0,2,16
2648,418,2024-12-12,Atestado,1,1,8
2649,418,2023-01-17,Atestado,1,1,8
2650,418,2022-11-06,Atestado,1,2,16
2651,418,2022-11-29,Atestado,1,2,16
2652,418,2025-04-30,Falta injustificada,0,2,16
2653,418,2022-09-21,Atraso,1,0,1
2654,418,2023-02-18,Licença curta,1,2,16
2655,419,2023-11-22,Atestado,1,1,8
2656,419,2023-05-20,Falta injustificada,0,1,8
2657,419,2025-03-26,Atraso,1,0,3
2658,419,2025-06-20,Falta injustificada,0,2,16
2659,419,2023-12-23,Atestado,1,2,16
2660,420,2024-08-29,Licença curta,1,4,32
2661,420,2020-06-30,Atestado,1,2,16
2662,420,2021-06-10,Falta injustificada,0,2,16
2663,420,2024-11-16,Falta injustificada,0,2,16
2664,420,2023-02-12,Falta injustificada,0,2,16
2665,420,2020-08-13,Licença curta,1,2,16
2666,420,2019-07-09,Atestado,1,3,24
2667,420,2025-07-22,Atestado,1,1,8
2668,421,2024-04-13,Licença curta,1,4,32
2669,422,2022-12-09,Atestado,1,3,24
2670,422,2025-06-28,Atestado,1,3,24
2671,422,2025-08-31,Atestado,1,2,16
2672,422,2021-07-22,Atestado,1,3,24
2673,422,2021-12-24,Atestado,1,1,8
2674,422,2025-06-09,Atestado,1,2,16
2675,422,2019-11-12,Licença curta,1,2,16
2676,423,2023-09-27,Atestado,1,3,24
2677,423,2025-06-15,Atraso,1,0,2
2678,423,2025-01-22,Falta injustificada,0,1,8
2679,423,2023-06-28,Falta injustificada,0,3,24
2680,423,2025-12-06,Atestado,1,3,24
2681,423,2025-08-31,Atraso,1,0,2
2682,423,2023-11-28,Atestado,1,1,8
2683,423,2025-05-07,Atraso,1,0,1
2684,424,2025-07-21,Atraso,1,0,2
2685,424,2024-07-31,Atestado,1,1,8
2686,425,2025-07-17,Atraso,1,0,1
2687,425,2025-06-04,Falta injustificada,0,3,24
2688,426,2025-10-26,Falta injustificada,0,1,8
2689,427,2024-10-16,Atestado,1,3,24
2690,427,2023-09-23,Licença curta,1,2,16
2691,427,2023-08-27,Atestado,1,1,8
2692,427,2024-06-20,Atestado,1,3,24
2693,427,2025-04-16,Atestado,1,2,16
2694,427,2025-10-17,Atestado,1,3,24
2695,430,2020-08-11,Atestado,1,2,16
2696,430,2021-03-06,Atestado,1,3,24
2697,430,2019-04-28,Atestado,1,2,16
2698,431,2019-03-06,Falta injustificada,0,2,16
2699,431,2023-02-12,Atestado,1,3,24
2700,431,2024-01-25,Atestado,1,1,8
2701,431,2020-04-15,Licença curta,1,4,32
2702,431,2019-11-12,Atraso,1,0,3
2703,431,2021-08-31,Falta injustificada,0,1,8
2704,431,2024-10-07,Atraso,1,0,2
2705,431,2019-02-06,Licença curta,1,3,24
2706,432,2022-11-12,Falta injustificada,0,2,16
2707,432,2024-05-17,Atestado,1,3,24
2708,432,2019-04-01,Atraso,1,0,4
2709,432,2020-04-05,Atestado,1,2,16
2710,432,2024-02-13,Atestado,1,2,16
2711,432,2024-09-17,Atestado,1,2,16
2712,432,2022-11-25,Atraso,1,0,2
2713,432,2025-03-20,Atestado,1,2,16
2714,432,2020-09-22,Atestado,1,1,8
2715,432,2018-06-12,Atestado,1,1,8
2716,432,2024-10-26,Atraso,1,0,1
2717,432,2020-11-06,Atestado,1,3,24
2718,432,2018-07-04,Atraso,1,0,1
2719,432,2024-02-27,Atestado,1,2,16
2720,432,2024-01-21,Atestado,1,3,24
2721,433,2024-04-22,Licença curta,1,4,32
2722,433,2021-10-27,Atraso,1,0,3
2723,433,2020-11-21,Licença curta,1,4,32
2724,433,2021-06-06,Atestado,1,3,24
2725,433,2019-10-03,Atestado,1,1,8
2726,433,2020-12-06,Atestado,1,1,8
2727,433,2024-05-27,Atraso,1,0,2
2728,433,2021-02-02,Atestado,1,2,16
2729,433,2018-11-10,Atestado,1,3,24
2730,433,2020-01-30,Atestado,1,2,16
2731,433,2019-11-29,Atestado,1,2,16
2732,433,2018-12-31,Atraso,1,0,1
2733,433,2025-08-16,Licença curta,1,3,24
2734,434,2022-12-08,Atestado,1,3,24
2735,434,2022-05-29,Atestado,1,1,8
2736,434,2023-09-15,Atestado,1,3,24
2737,434,2023-10-29,Atraso,1,0,4
2738,434,2023-07-30,Atestado,1,1,8
2739,434,2024-11-01,Atestado,1,2,16
2740,434,2022-07-04,Atraso,1,0,2
2741,434,2024-01-18,Atestado,1,3,24
2742,434,2023-05-30,Atraso,1,0,4
2743,435,2023-02-22,Atestado,1,1,8
2744,435,2019-08-15,Atestado,1,2,16
2745,435,2021-12-18,Atestado,1,3,24
2746,435,2022-08-22,Atestado,1,1,8
2747,435,2022-05-17,Falta injustificada,0,1,8
2748,436,2025-04-16,Atestado,1,3,24
2749,436,2025-10-21,Atraso,1,0,2
2750,436,2020-06-15,Licença curta,1,5,40
2751,436,2022-02-24,Atestado,1,3,24
2752,436,2025-06-10,Falta injustificada,0,1,8
2753,436,2024-03-22,Atestado,1,1,8
2754,436,2022-11-25,Falta injustificada,0,2,16
2755,436,2021-07-20,Atraso,1,0,4
2756,436,2025-10-14,Licença curta,1,5,40
2757,436,2021-01-03,Atestado,1,2,16
2758,436,2021-11-11,Falta injustificada,0,3,24
2759,436,2024-02-17,Atestado,1,2,16
2760,436,2020-12-04,Falta injustificada,0,2,16
2761,436,2020-04-24,Atestado,1,2,16
2762,436,2021-04-19,Atraso,1,0,4
2763,436,2024-05-31,Atestado,1,1,8
2764,437,2025-06-16,Licença curta,1,3,24
2765,437,2021-12-10,Falta injustificada,0,3,24
2766,437,2023-08-20,Licença curta,1,3,24
2767,437,2024-07-07,Atestado,1,2,16
2768,437,2021-01-01,Falta injustificada,0,2,16
2769,437,2021-10-18,Atestado,1,1,8
2770,437,2025-06-20,Falta injustificada,0,2,16
2771,437,2024-09-26,Atraso,1,0,3
2772,438,2024-09-18,Licença curta,1,3,24
2773,438,2021-09-12,Licença curta,1,3,24
2774,438,2021-09-17,Atestado,1,2,16
2775,438,2022-09-07,Licença curta,1,5,40
2776,438,2024-12-04,Atestado,1,2,16
2777,438,2021-11-14,Falta injustificada,0,3,24
2778,438,2024-04-05,Atestado,1,1,8
2779,438,2025-05-20,Licença curta,1,2,16
2780,438,2024-09-09,Atestado,1,1,8
2781,438,2023-06-05,Atestado,1,2,16
2782,438,2021-06-04,Atestado,1,1,8
2783,438,2025-12-10,Atestado,1,1,8
2784,438,2025-08-03,Falta injustificada,0,3,24
2785,438,2021-07-21,Atestado,1,1,8
2786,439,2025-03-14,Atestado,1,1,8
2787,439,2025-03-24,Atestado,1,1,8
2788,439,2025-09-24,Atestado,1,3,24
2789,439,2024-11-13,Licença curta,1,2,16
2790,440,2023-02-02,Falta injustificada,0,3,24
2791,440,2024-05-23,Atestado,1,3,24
2792,440,2022-12-21,Falta injustificada,0,1,8
2793,440,2023-04-11,Falta injustificada,0,2,16
2794,440,2025-08-25,Atestado,1,2,16
2795,441,2025-05-10,Falta injustificada,0,1,8
2796,441,2022-07-04,Falta injustificada,0,2,16
2797,441,2023-06-20,Atestado,1,1,8
2798,441,2022-02-24,Atestado,1,1,8
2799,441,2023-10-31,Atestado,1,3,24
2800,441,2022-04-13,Atestado,1,3,24
2801,441,2023-10-31,Atestado,1,1,8
2802,441,2020-11-25,Atestado,1,1,8
2803,441,2021-05-11,Licença curta,1,4,32
2804,442,2021-07-27,Atestado,1,3,24
2805,442,2023-04-28,Falta injustificada,0,1,8
2806,442,2020-12-31,Atestado,1,1,8
2807,442,2021-02-16,Atraso,1,0,4
2808,442,2022-04-07,Falta injustificada,0,2,16
2809,442,2023-02-26,Atestado,1,1,8
2810,442,2022-12-22,Atraso,1,0,4
2811,442,2024-09-01,Falta injustificada,0,2,16
2812,442,2022-04-05,Falta injustificada,0,3,24
2813,442,2023-02-24,Atestado,1,3,24
2814,442,2025-01-01,Atestado,1,1,8
2815,442,2023-10-02,Falta injustificada,0,1,8
2816,442,2021-08-11,Licença curta,1,3,24
2817,443,2021-07-03,Atestado,1,2,16
2818,443,2022-12-08,Atestado,1,1,8
2819,443,2024-05-20,Atestado,1,2,16
2820,443,2021-08-06,Atestado,1,2,16
2821,443,2021-05-29,Falta injustificada,0,1,8
2822,443,2024-04-28,Atestado,1,1,8
2823,443,2021-12-06,Atraso,1,0,3
2824,443,2023-05-03,Atestado,1,3,24
2825,443,2022-10-23,Atestado,1,3,24
2826,443,2021-12-13,Falta injustificada,0,3,24
2827,443,2023-04-26,Licença curta,1,3,24
2828,443,2025-12-10,Falta injustificada,0,3,24
2829,443,2024-10-14,Atestado,1,2,16
2830,444,2022-07-18,Atestado,1,2,16
2831,444,2020-06-28,Atestado,1,2,16
2832,444,2024-12-03,Licença curta,1,4,32
2833,444,2022-04-21,Atestado,1,3,24
2834,444,2020-03-07,Falta injustificada,0,1,8
2835,444,2020-12-28,Atestado,1,3,24
2836,444,2020-12-20,Falta injustificada,0,2,16
2837,444,2020-12-25,Atestado,1,2,16
2838,444,2024-05-02,Atestado,1,3,24
2839,444,2024-09-09,Falta injustificada,0,1,8
2840,444,2020-08-05,Falta injustificada,0,3,24
2841,444,2024-02-13,Atestado,1,3,24
2842,444,2022-06-13,Atestado,1,1,8
2843,444,2020-05-04,Atestado,1,2,16
2844,444,2020-10-03,Atestado,1,1,8
2845,444,2023-08-24,Falta injustificada,0,2,16
2846,444,2022-11-27,Licença curta,1,5,40
2847,445,2024-10-28,Atestado,1,2,16
2848,446,2025-11-12,Falta injustificada,0,2,16
2849,446,2025-09-26,Atraso,1,0,4
2850,446,2025-10-13,Licença curta,1,4,32
2851,447,2023-06-28,Falta injustificada,0,3,24
2852,447,2023-10-16,Licença curta,1,5,40
2853,447,2024-04-10,Atestado,1,3,24
2854,447,2024-06-30,Falta injustificada,0,3,24
2855,448,2024-10-10,Falta injustificada,0,2,16
2856,448,2024-10-09,Atraso,1,0,2
2857,448,2024-10-13,Atestado,1,1,8
2858,448,2024-05-10,Atestado,1,1,8
2859,448,2024-11-27,Atestado,1,3,24
2860,448,2024-06-17,Atestado,1,3,24
2861,448,2024-11-24,Falta injustificada,0,3,24
2862,448,2025-07-21,Atestado,1,3,24
2863,449,2022-01-02,Licença curta,1,2,16
2864,449,2022-02-03,Atestado,1,2,16
2865,450,2022-01-26,Atestado,1,1,8
2866,450,2022-02-25,Atraso,1,0,1
2867,452,2023-11-28,Atestado,1,3,24
2868,452,2025-02-27,Atestado,1,1,8
2869,452,2021-01-29,Falta injustificada,0,1,8
2870,452,2023-10-05,Atestado,1,2,16
2871,452,2021-05-28,Atestado,1,2,16
2872,452,2025-01-02,Atestado,1,1,8
2873,452,2024-07-25,Falta injustificada,0,1,8
2874,452,2022-03-17,Atraso,1,0,1
2875,452,2022-05-12,Atestado,1,1,8
2876,452,2021-05-22,Atestado,1,1,8
2877,452,2021-06-13,Atestado,1,2,16
2878,452,2020-02-20,Atestado,1,3,24
2879,452,2024-08-09,Atestado,1,2,16
2880,452,2020-06-13,Atestado,1,3,24
2881,452,2021-01-12,Licença curta,1,2,16
2882,452,2025-03-11,Atestado,1,3,24
2883,452,2021-08-13,Falta injustificada,0,1,8
2884,452,2021-06-28,Atestado,1,2,16
2885,452,2021-06-05,Atestado,1,1,8
2886,453,2023-01-19,Atestado,1,1,8
2887,453,2020-06-11,Atestado,1,3,24
2888,453,2024-12-21,Falta injustificada,0,1,8
2889,453,2022-05-08,Atestado,1,2,16
2890,453,2021-11-15,Atestado,1,3,24
2891,454,2024-07-15,Atraso,1,0,3
2892,454,2021-12-24,Atestado,1,2,16
2893,454,2023-03-28,Atestado,1,3,24
2894,454,2022-05-28,Atestado,1,2,16
2895,454,2025-11-08,Licença curta,1,2,16
2896,454,2021-11-02,Atestado,1,1,8
2897,454,2020-05-15,Falta injustificada,0,1,8
2898,454,2025-10-29,Falta injustificada,0,1,8
2899,455,2025-03-03,Licença curta,1,3,24
2900,455,2025-01-10,Falta injustificada,0,1,8
2901,456,2020-11-30,Falta injustificada,0,2,16
2902,456,2025-07-10,Atestado,1,2,16
2903,456,2024-08-31,Falta injustificada,0,2,16
2904,456,2023-12-17,Atestado,1,3,24
2905,456,2025-07-03,Falta injustificada,0,2,16
2906,456,2024-01-23,Atestado,1,3,24
2907,457,2021-12-09,Falta injustificada,0,3,24
2908,457,2021-01-21,Falta injustificada,0,2,16
2909,457,2020-04-07,Falta injustificada,0,2,16
2910,457,2019-07-16,Falta injustificada,0,3,24
2911,457,2022-09-28,Atestado,1,1,8
2912,457,2020-11-18,Atestado,1,2,16
2913,457,2025-06-13,Atestado,1,1,8
2914,457,2020-12-17,Atestado,1,2,16
2915,457,2020-07-26,Falta injustificada,0,3,24
2916,457,2024-10-11,Atestado,1,3,24
2917,457,2019-05-17,Licença curta,1,5,40
2918,457,2023-11-11,Atraso,1,0,3
2919,457,2022-01-07,Licença curta,1,5,40
2920,457,2022-10-10,Atestado,1,1,8
2921,457,2019-02-13,Atraso,1,0,1
2922,458,2022-11-03,Falta injustificada,0,3,24
2923,458,2023-06-07,Atestado,1,1,8
2924,458,2021-09-13,Atraso,1,0,1
2925,458,2019-11-22,Falta injustificada,0,1,8
2926,458,2019-07-19,Atestado,1,2,16
2927,458,2025-06-09,Atestado,1,2,16
2928,459,2020-05-01,Falta injustificada,0,1,8
2929,459,2023-03-08,Atestado,1,1,8
2930,459,2021-03-19,Atestado,1,1,8
2931,459,2022-05-24,Falta injustificada,0,3,24
2932,459,2020-02-21,Atestado,1,2,16
2933,459,2022-02-14,Atestado,1,3,24
2934,459,2022-04-13,Atraso,1,0,1
2935,459,2020-05-19,Atestado,1,1,8
2936,459,2023-01-14,Atestado,1,1,8
2937,459,2020-07-09,Atestado,1,3,24
2938,459,2025-06-11,Atestado,1,1,8
2939,460,2022-07-23,Atestado,1,2,16
2940,460,2022-10-23,Atestado,1,2,16
2941,462,2020-02-05,Atestado,1,2,16
2942,462,2023-03-03,Atestado,1,2,16
2943,462,2025-08-11,Atestado,1,1,8
2944,462,2023-07-13,Atestado,1,2,16
2945,462,2023-12-29,Atestado,1,1,8
2946,463,2024-06-09,Falta injustificada,0,3,24
2947,463,2021-01-16,Falta injustificada,0,2,16
2948,463,2022-10-13,Atestado,1,3,24
2949,464,2025-07-08,Atestado,1,1,8
2950,464,2025-07-07,Atraso,1,0,1
2951,464,2024-07-11,Falta injustificada,0,1,8
2952,464,2025-10-02,Atestado,1,2,16
2953,465,2025-11-02,Atraso,1,0,2
2954,465,2023-05-17,Falta injustificada,0,2,16
2955,465,2024-01-26,Falta injustificada,0,1,8
2956,465,2025-10-05,Atestado,1,1,8
2957,465,2023-09-09,Falta injustificada,0,3,24
2958,465,2024-06-18,Atestado,1,1,8
2959,465,2023-12-15,Licença curta,1,3,24
2960,466,2024-11-21,Falta injustificada,0,3,24
2961,466,2025-02-18,Atestado,1,2,16
2962,466,2024-04-13,Falta injustificada,0,1,8
2963,466,2023-01-25,Atraso,1,0,1
2964,466,2022-07-12,Atestado,1,2,16
2965,467,2019-01-19,Atestado,1,2,16
2966,467,2018-03-26,Atestado,1,3,24
2967,467,2019-04-06,Atestado,1,3,24
2968,467,2018-09-20,Atestado,1,1,8
2969,467,2018-06-20,Atestado,1,3,24
2970,468,2023-06-05,Atestado,1,1,8
2971,468,2025-10-17,Atraso,1,0,2
2972,468,2023-07-21,Atestado,1,1,8
2973,468,2023-10-22,Licença curta,1,4,32
2974,468,2023-06-30,Licença curta,1,5,40
2975,468,2023-07-14,Atestado,1,2,16
2976,469,2022-01-05,Atestado,1,1,8
2977,469,2021-10-23,Atraso,1,0,2
2978,469,2020-04-22,Atestado,1,1,8
2979,469,2021-08-21,Licença curta,1,4,32
2980,469,2022-06-17,Falta injustificada,0,1,8
2981,469,2019-04-18,Atraso,1,0,1
2982,469,2020-07-03,Atestado,1,3,24
2983,469,2023-08-31,Falta injustificada,0,2,16
2984,469,2023-10-21,Atestado,1,2,16
2985,470,2023-08-04,Atestado,1,3,24
2986,470,2020-03-17,Atraso,1,0,1
2987,470,2020-01-09,Atestado,1,3,24
2988,470,2024-02-09,Atestado,1,1,8
2989,470,2022-09-16,Atestado,1,2,16
2990,470,2023-02-17,Atestado,1,2,16
2991,470,2025-08-01,Atraso,1,0,2
2992,470,2020-01-30,Atestado,1,2,16
2993,470,2022-09-30,Falta injustificada,0,3,24
2994,470,2025-08-21,Atestado,1,2,16
2995,470,2022-10-28,Atestado,1,1,8
2996,470,2023-04-08,Falta injustificada,0,3,24
2997,471,2025-09-20,Falta injustificada,0,2,16
2998,471,2024-07-30,Falta injustificada,0,3,24
2999,472,2024-12-29,Falta injustificada,0,1,8
3000,472,2025-07-16,Atestado,1,1,8
3001,472,2025-04-23,Atestado,1,3,24
3002,472,2021-06-06,Atestado,1,1,8
3003,472,2021-12-22,Atestado,1,2,16
3004,472,2023-06-29,Licença curta,1,3,24
3005,472,2024-07-31,Falta injustificada,0,2,16
3006,472,2021-10-17,Atraso,1,0,1
3007,472,2022-08-20,Licença curta,1,5,40
3008,472,2023-12-23,Atestado,1,3,24
3009,473,2021-11-22,Atestado,1,2,16
3010,473,2023-12-25,Atestado,1,2,16
3011,473,2024-12-20,Atraso,1,0,1
3012,473,2024-05-14,Atestado,1,2,16
3013,473,2021-12-24,Atraso,1,0,2
3014,473,2021-11-06,Atestado,1,1,8
3015,473,2025-06-21,Atraso,1,0,2
3016,473,2021-12-22,Atestado,1,2,16
3017,474,2024-10-27,Atestado,1,1,8
3018,474,2024-06-19,Licença curta,1,4,32
3019,474,2020-09-08,Atraso,1,0,2
3020,474,2023-07-10,Falta injustificada,0,2,16
3021,474,2025-06-01,Atestado,1,1,8
3022,474,2025-04-21,Atestado,1,1,8
3023,476,2022-10-18,Atraso,1,0,2
3024,476,2024-10-08,Atestado,1,1,8
3025,476,2025-10-14,Atestado,1,1,8
3026,476,2024-12-10,Falta injustificada,0,1,8
3027,476,2022-01-25,Licença curta,1,4,32
3028,476,2020-01-10,Falta injustificada,0,3,24
3029,476,2023-12-09,Atestado,1,1,8
3030,476,2023-09-23,Falta injustificada,0,2,16
3031,476,2024-12-25,Atestado,1,1,8
3032,476,2020-04-12,Licença curta,1,3,24
3033,476,2019-12-06,Falta injustificada,0,3,24
3034,476,2024-06-01,Falta injustificada,0,2,16
3035,476,2022-07-02,Atestado,1,3,24
3036,476,2021-08-25,Falta injustificada,0,1,8
3037,476,2021-04-06,Atestado,1,1,8
3038,476,2022-09-29,Atestado,1,2,16
3039,477,2021-02-28,Atestado,1,2,16
3040,477,2025-08-08,Atestado,1,3,24
3041,477,2023-03-27,Falta injustificada,0,2,16
3042,477,2023-08-24,Atestado,1,1,8
3043,477,2024-06-16,Atestado,1,2,16
3044,478,2024-03-22,Atraso,1,0,1
3045,478,2023-06-30,Atestado,1,1,8
3046,478,2025-08-05,Falta injustificada,0,2,16
3047,478,2024-11-09,Falta injustificada,0,1,8
3048,478,2024-04-21,Atestado,1,2,16
3049,478,2025-07-17,Licença curta,1,5,40
3050,478,2025-11-09,Licença curta,1,3,24
3051,478,2025-08-22,Falta injustificada,0,2,16
3052,478,2025-05-16,Atestado,1,1,8
3053,479,2025-07-07,Atestado,1,3,24
3054,479,2024-07-01,Atestado,1,1,8
3055,479,2025-12-20,Atestado,1,3,24
3056,479,2025-07-25,Atestado,1,3,24
3057,479,2024-05-07,Falta injustificada,0,2,16
3058,479,2025-10-21,Atraso,1,0,2
3059,479,2025-12-31,Atraso,1,0,1
3060,480,2025-11-13,Atestado,1,3,24
3061,480,2025-10-24,Atestado,1,2,16
3062,480,2021-10-13,Falta injustificada,0,1,8
3063,480,2024-04-10,Atraso,1,0,4
3064,480,2022-07-13,Atestado,1,2,16
3065,480,2023-06-24,Atestado,1,1,8
3066,480,2025-06-25,Atraso,1,0,2
3067,480,2023-12-25,Atestado,1,2,16
3068,480,2024-08-15,Licença curta,1,2,16
3069,480,2024-03-24,Atraso,1,0,4
3070,481,2024-05-10,Atraso,1,0,1
3071,482,2025-02-05,Atraso,1,0,2
3072,483,2024-11-10,Falta injustificada,0,1,8
3073,484,2022-12-16,Atestado,1,3,24
3074,484,2022-10-14,Atestado,1,2,16
3075,484,2025-08-21,Atraso,1,0,2
3076,484,2024-10-17,Atraso,1,0,3
3077,484,2022-08-31,Falta injustificada,0,3,24
3078,484,2023-11-07,Falta injustificada,0,1,8
3079,484,2023-09-07,Atestado,1,1,8
3080,484,2022-10-21,Atestado,1,3,24
3081,484,2024-12-19,Falta injustificada,0,1,8
3082,484,2023-10-23,Licença curta,1,4,32
3083,485,2019-07-01,Atestado,1,2,16
3084,485,2022-10-04,Atestado,1,3,24
3085,485,2020-09-17,Atestado,1,3,24
3086,485,2024-11-29,Atestado,1,3,24
3087,485,2024-06-05,Atestado,1,2,16
3088,485,2023-12-01,Falta injustificada,0,2,16
3089,485,2023-04-07,Atestado,1,3,24
3090,485,2024-02-03,Falta injustificada,0,3,24
3091,485,2023-01-30,Atraso,1,0,4
3092,485,2020-08-02,Falta injustificada,0,1,8
3093,485,2024-06-17,Atestado,1,2,16
3094,485,2023-07-02,Licença curta,1,3,24
3095,486,2022-02-12,Atestado,1,3,24
3096,486,2025-03-07,Licença curta,1,5,40
3097,486,2023-06-28,Atestado,1,3,24
3098,486,2025-03-13,Falta injustificada,0,3,24
3099,487,2022-10-06,Falta injustificada,0,3,24
3100,487,2024-08-26,Falta injustificada,0,1,8
3101,487,2021-08-31,Licença curta,1,2,16
3102,487,2021-09-04,Atestado,1,3,24
3103,487,2021-04-07,Falta injustificada,0,3,24
3104,487,2023-06-25,Atestado,1,1,8
3105,487,2023-12-16,Atestado,1,3,24
3106,487,2025-05-22,Atestado,1,3,24
3107,487,2024-03-24,Atestado,1,1,8
3108,487,2024-09-22,Atraso,1,0,1
3109,487,2023-08-31,Atestado,1,3,24
3110,487,2024-06-07,Atestado,1,1,8
3111,488,2024-09-04,Falta injustificada,0,2,16
3112,488,2025-09-16,Atestado,1,2,16
3113,489,2023-11-10,Falta injustificada,0,1,8
3114,489,2025-06-11,Atraso,1,0,2
3115,489,2024-07-16,Atestado,1,3,24
3116,490,2022-10-14,Atestado,1,1,8
3117,490,2020-09-15,Atraso,1,0,4
3118,490,2023-10-12,Atraso,1,0,3
3119,490,2019-11-28,Falta injustificada,0,2,16
3120,490,2023-09-19,Falta injustificada,0,2,16
3121,490,2025-09-29,Falta injustificada,0,3,24
3122,490,2022-12-14,Atraso,1,0,2
3123,490,2018-08-07,Atestado,1,2,16
3124,490,2021-01-09,Atestado,1,3,24
3125,490,2021-09-10,Atraso,1,0,1
3126,490,2021-07-07,Falta injustificada,0,3,24
3127,490,2021-06-24,Licença curta,1,4,32
3128,491,2025-08-17,Atraso,1,0,1
3129,491,2025-12-26,Atestado,1,2,16
3130,491,2024-09-12,Atestado,1,1,8
3131,491,2020-12-12,Atestado,1,2,16
3132,491,2021-02-08,Atestado,1,1,8
3133,491,2021-01-26,Atestado,1,1,8
3134,491,2025-05-10,Falta injustificada,0,2,16
3135,491,2025-08-21,Atraso,1,0,1
3136,491,2025-07-03,Atestado,1,3,24
3137,491,2025-07-10,Falta injustificada,0,3,24
3138,491,2024-04-15,Falta injustificada,0,2,16
3139,491,2022-10-21,Licença curta,1,3,24
3140,491,2024-02-18,Atestado,1,2,16
3141,492,2021-01-24,Atestado,1,3,24
3142,492,2021-11-26,Atraso,1,0,2
3143,492,2020-10-15,Falta injustificada,0,3,24
3144,492,2023-04-28,Atestado,1,2,16
3145,492,2019-12-31,Atestado,1,3,24
3146,492,2022-02-11,Licença curta,1,3,24
3147,493,2024-04-28,Atraso,1,0,2
3148,493,2022-12-11,Falta injustificada,0,3,24
3149,493,2021-09-23,Atestado,1,2,16
3150,493,2025-10-28,Atestado,1,2,16
3151,493,2023-08-28,Licença curta,1,3,24
3152,494,2024-09-14,Atestado,1,1,8
3153,494,2023-10-04,Atestado,1,3,24
3154,495,2020-12-26,Atestado,1,3,24
3155,495,2020-11-23,Atestado,1,3,24
3156,495,2023-12-19,Atestado,1,3,24
3157,495,2022-06-27,Atestado,1,3,24
3158,495,2021-05-09,Licença curta,1,4,32
3159,495,2021-11-08,Atraso,1,0,2
3160,495,2020-08-12,Atestado,1,1,8
3161,495,2019-11-10,Falta injustificada,0,2,16
3162,495,2019-09-13,Falta injustificada,0,3,24
3163,496,2025-04-24,Atestado,1,1,8
3164,496,2018-12-20,Atestado,1,3,24
3165,496,2024-10-02,Atestado,1,1,8
3166,496,2025-01-26,Atraso,1,0,2
3167,496,2022-12-12,Atestado,1,1,8
3168,496,2020-02-14,Atestado,1,2,16
3169,496,2025-10-09,Atestado,1,3,24
3170,496,2022-09-03,Atestado,1,1,8
3171,496,2021-05-06,Atestado,1,3,24
3172,496,2021-02-22,Atestado,1,2,16
3173,496,2020-10-30,Atestado,1,3,24
3174,496,2021-05-29,Atraso,1,0,2
3175,496,2022-11-24,Falta injustificada,0,2,16
3176,496,2019-03-28,Atestado,1,2,16
3177,496,2019-08-03,Atestado,1,1,8
3178,496,2025-09-10,Atestado,1,1,8
3179,496,2025-10-25,Atestado,1,3,24
3180,498,2025-03-20,Atestado,1,1,8
3181,498,2025-09-19,Licença curta,1,2,16
3182,501,2024-06-26,Atraso,1,0,4
3183,501,2024-08-01,Falta injustificada,0,2,16
3184,501,2024-12-02,Atraso,1,0,2
3185,501,2024-09-09,Falta injustificada,0,1,8
3186,502,2021-07-07,Falta injustificada,0,2,16
3187,502,2025-10-25,Atestado,1,2,16
3188,502,2025-10-12,Licença curta,1,3,24
3189,502,2023-04-10,Atestado,1,1,8
3190,502,2023-11-01,Falta injustificada,0,1,8
3191,502,2023-05-27,Atraso,1,0,1
3192,502,2021-06-29,Licença curta,1,5,40
3193,502,2024-08-03,Atraso,1,0,1
3194,502,2021-07-05,Atestado,1,1,8
3195,502,2024-12-07,Atestado,1,2,16
3196,503,2024-12-06,Atestado,1,2,16
3197,503,2025-05-10,Atestado,1,1,8
3198,503,2023-11-02,Atestado,1,2,16
3199,504,2020-10-04,Atestado,1,1,8
3200,504,2024-05-26,Licença curta,1,2,16
3201,504,2021-05-12,Falta injustificada,0,2,16
3202,504,2022-08-25,Licença curta,1,5,40
3203,504,2024-02-23,Atraso,1,0,2
3204,504,2024-01-25,Atestado,1,3,24
3205,504,2020-09-24,Atestado,1,1,8
3206,504,2023-08-18,Licença curta,1,4,32
3207,504,2025-11-24,Atestado,1,1,8
3208,504,2021-10-13,Atestado,1,3,24
3209,504,2020-11-13,Falta injustificada,0,3,24
3210,504,2020-10-31,Falta injustificada,0,3,24
3211,505,2024-11-04,Atestado,1,1,8
3212,505,2023-03-09,Atestado,1,2,16
3213,505,2022-08-14,Atestado,1,1,8
3214,505,2022-02-20,Atraso,1,0,2
3215,505,2023-10-23,Atraso,1,0,1
3216,505,2022-10-01,Atestado,1,1,8
3217,505,2022-06-10,Licença curta,1,3,24
3218,505,2023-06-23,Falta injustificada,0,2,16
3219,505,2024-09-03,Atestado,1,1,8
3220,506,2023-08-31,Falta injustificada,0,2,16
3221,506,2024-10-18,Falta injustificada,0,2,16
3222,506,2025-12-05,Licença curta,1,5,40
3223,507,2021-10-11,Atestado,1,2,16
3224,507,2019-12-27,Atestado,1,2,16
3225,507,2019-11-16,Atestado,1,1,8
3226,507,2022-10-04,Licença curta,1,4,32
3227,507,2021-02-08,Falta injustificada,0,1,8
3228,508,2024-12-21,Atraso,1,0,2
3229,508,2025-07-24,Atestado,1,3,24
3230,508,2024-03-18,Licença curta,1,3,24
3231,508,2025-07-25,Falta injustificada,0,1,8
3232,509,2025-08-18,Falta injustificada,0,2,16
3233,509,2024-10-26,Atestado,1,2,16
3234,509,2024-10-16,Atestado,1,3,24
3235,509,2025-09-13,Atestado,1,2,16
3236,510,2022-08-23,Atestado,1,3,24
3237,510,2020-04-10,Licença curta,1,5,40
3238,510,2023-11-19,Atestado,1,1,8
3239,510,2025-06-06,Falta injustificada,0,2,16
3240,510,2023-04-06,Licença curta,1,2,16
3241,510,2024-02-09,Atestado,1,1,8
3242,510,2019-06-13,Atraso,1,0,4
3243,510,2024-10-20,Falta injustificada,0,2,16
3244,510,2025-08-25,Atestado,1,2,16
3245,511,2025-03-06,Atraso,1,0,3
3246,513,2024-11-29,Atestado,1,3,24
3247,513,2024-07-02,Atestado,1,2,16
3248,513,2023-10-05,Atestado,1,1,8
3249,513,2022-03-03,Atestado,1,1,8
3250,513,2023-05-03,Atestado,1,2,16
3251,513,2025-12-17,Atestado,1,1,8
3252,513,2023-07-14,Atraso,1,0,2
3253,513,2022-11-26,Falta injustificada,0,1,8
3254,513,2022-09-25,Atestado,1,3,24
3255,513,2023-08-12,Atestado,1,2,16
3256,513,2022-05-05,Atestado,1,2,16
3257,513,2022-03-19,Atraso,1,0,3
3258,513,2021-07-31,Atestado,1,2,16
3259,514,2022-07-12,Atestado,1,3,24
3260,514,2024-04-23,Atestado,1,1,8
3261,514,2025-01-28,Licença curta,1,4,32
3262,514,2023-10-09,Falta injustificada,0,3,24
3263,514,2022-11-02,Atraso,1,0,1
3264,514,2024-08-17,Atraso,1,0,2
3265,514,2024-01-21,Falta injustificada,0,3,24
3266,514,2023-08-28,Atestado,1,3,24
3267,514,2023-09-08,Atestado,1,1,8
3268,514,2025-08-11,Falta injustificada,0,2,16
3269,514,2025-11-15,Falta injustificada,0,3,24
3270,514,2022-11-20,Licença curta,1,5,40
3271,514,2024-11-27,Atraso,1,0,4
3272,514,2024-03-31,Falta injustificada,0,2,16
3273,514,2023-07-30,Licença curta,1,3,24
3274,514,2022-09-29,Atraso,1,0,1
3275,514,2025-03-27,Atestado,1,2,16
3276,515,2024-06-26,Atestado,1,2,16
3277,516,2024-04-17,Atraso,1,0,3
3278,516,2020-11-27,Licença curta,1,2,16
3279,516,2024-08-24,Falta injustificada,0,1,8
3280,516,2023-03-27,Atestado,1,3,24
3281,516,2023-11-12,Atestado,1,1,8
3282,516,2019-10-23,Atestado,1,2,16
3283,516,2019-10-09,Atestado,1,3,24
3284,516,2019-08-16,Atestado,1,2,16
3285,516,2022-10-04,Licença curta,1,3,24
3286,516,2024-02-01,Atestado,1,1,8
3287,516,2025-07-21,Atestado,1,3,24
3288,516,2020-01-04,Atestado,1,2,16
3289,516,2019-10-02,Falta injustificada,0,1,8
3290,517,2024-05-13,Atestado,1,1,8
3291,517,2023-10-02,Atestado,1,3,24
3292,517,2022-06-21,Atestado,1,2,16
3293,517,2022-08-27,Atestado,1,2,16
3294,517,2023-08-02,Atestado,1,1,8
3295,517,2025-05-03,Atraso,1,0,2
3296,517,2022-08-10,Falta injustificada,0,2,16
3297,517,2025-12-18,Atestado,1,1,8
3298,517,2023-07-05,Atestado,1,2,16
3299,517,2024-03-11,Atestado,1,2,16
3300,517,2020-06-16,Atestado,1,2,16
3301,517,2020-03-31,Atestado,1,1,8
3302,517,2021-08-10,Atestado,1,1,8
3303,517,2019-03-19,Falta injustificada,0,1,8
3304,518,2024-12-06,Falta injustificada,0,2,16
3305,518,2025-12-29,Atestado,1,3,24
3306,519,2025-09-21,Atraso,1,0,2
3307,519,2025-06-05,Atestado,1,1,8
3308,520,2024-06-13,Licença curta,1,3,24
3309,521,2024-04-30,Atraso,1,0,2
3310,521,2025-04-10,Atestado,1,1,8
3311,521,2022-07-22,Atestado,1,2,16
3312,521,2022-07-03,Atraso,1,0,4
3313,521,2022-11-18,Atestado,1,1,8
3314,521,2023-12-20,Atestado,1,1,8
3315,521,2023-09-28,Atestado,1,2,16
3316,521,2025-09-11,Atestado,1,2,16
3317,521,2023-10-10,Atestado,1,3,24
3318,521,2023-03-20,Falta injustificada,0,1,8
3319,522,2025-05-14,Falta injustificada,0,2,16
3320,522,2020-03-03,Atestado,1,1,8
3321,522,2022-05-28,Atestado,1,1,8
3322,522,2025-05-17,Falta injustificada,0,2,16
3323,523,2025-09-25,Licença curta,1,2,16
3324,524,2025-01-17,Atraso,1,0,1
3325,524,2025-02-10,Atraso,1,0,1
3326,524,2021-11-22,Atraso,1,0,1
3327,524,2025-09-04,Atestado,1,2,16
3328,524,2024-09-09,Falta injustificada,0,2,16
3329,524,2022-10-21,Atestado,1,3,24
3330,524,2024-08-10,Atestado,1,1,8
3331,524,2020-03-23,Atestado,1,2,16
3332,524,2022-07-08,Atraso,1,0,2
3333,524,2020-02-15,Atestado,1,2,16
3334,524,2025-06-16,Atestado,1,1,8
3335,524,2021-07-03,Atestado,1,3,24
3336,524,2020-01-26,Atestado,1,1,8
3337,524,2024-09-27,Falta injustificada,0,1,8
3338,524,2021-07-30,Atestado,1,1,8
3339,524,2021-08-14,Atestado,1,2,16
3340,524,2023-07-07,Atestado,1,1,8
3341,524,2024-08-30,Atestado,1,1,8
3342,524,2023-01-05,Atestado,1,1,8
3343,524,2025-10-25,Atraso,1,0,1
3344,525,2025-04-17,Atestado,1,3,24
3345,525,2023-11-27,Atraso,1,0,1
3346,525,2025-11-02,Atraso,1,0,2
3347,525,2022-10-12,Falta injustificada,0,2,16
3348,526,2025-07-30,Atraso,1,0,1
3349,526,2023-11-24,Atestado,1,3,24
3350,526,2023-08-17,Atraso,1,0,1
3351,526,2023-10-06,Atestado,1,1,8
3352,526,2025-01-26,Falta injustificada,0,2,16
3353,526,2025-07-27,Falta injustificada,0,3,24
3354,526,2025-11-29,Atraso,1,0,2
3355,527,2020-07-27,Atestado,1,2,16
3356,527,2020-05-26,Falta injustificada,0,1,8
3357,527,2021-05-30,Atraso,1,0,1
3358,527,2023-01-14,Atestado,1,1,8
3359,527,2025-12-27,Atestado,1,2,16
3360,527,2024-10-07,Falta injustificada,0,3,24
3361,527,2019-06-10,Atestado,1,1,8
3362,527,2023-06-19,Atestado,1,1,8
3363,527,2019-07-13,Atraso,1,0,2
3364,527,2020-12-28,Atestado,1,1,8
3365,527,2023-06-18,Atraso,1,0,1
3366,528,2024-11-01,Licença curta,1,4,32
3367,528,2024-09-22,Atestado,1,2,16
3368,529,2024-11-25,Atestado,1,2,16
3369,529,2022-11-23,Falta injustificada,0,2,16
3370,529,2020-04-10,Falta injustificada,0,3,24
3371,530,2022-09-28,Atestado,1,2,16
3372,530,2024-09-08,Atestado,1,1,8
3373,530,2023-02-11,Atestado,1,2,16
3374,530,2025-01-31,Atestado,1,2,16
3375,530,2025-02-12,Atraso,1,0,2
3376,530,2024-02-21,Falta injustificada,0,1,8
3377,530,2024-09-28,Atestado,1,2,16
3378,530,2024-05-05,Licença curta,1,2,16
3379,530,2022-07-18,Atestado,1,3,24
3380,530,2024-05-31,Atraso,1,0,4
3381,530,2024-08-21,Falta injustificada,0,1,8
3382,531,2024-05-09,Falta injustificada,0,1,8
3383,531,2024-08-28,Atestado,1,1,8
3384,531,2025-03-12,Atraso,1,0,1
3385,531,2024-04-20,Atestado,1,3,24
3386,531,2025-03-26,Licença curta,1,5,40
3387,532,2025-08-18,Atestado,1,2,16
3388,532,2023-05-02,Atestado,1,3,24
3389,532,2023-01-01,Atraso,1,0,2
3390,533,2022-03-20,Atraso,1,0,1
3391,533,2021-06-11,Licença curta,1,3,24
3392,533,2021-06-19,Atestado,1,1,8
3393,533,2021-01-08,Falta injustificada,0,3,24
3394,533,2022-04-25,Atestado,1,1,8
3395,534,2020-12-05,Atestado,1,3,24
3396,534,2021-04-28,Atestado,1,2,16
3397,534,2022-09-24,Atestado,1,3,24
3398,534,2024-09-23,Atestado,1,2,16
3399,534,2024-08-06,Atestado,1,1,8
3400,534,2022-08-28,Atestado,1,3,24
3401,534,2023-03-14,Licença curta,1,5,40
3402,534,2022-07-01,Atestado,1,1,8
3403,534,2022-06-22,Atestado,1,2,16
3404,535,2024-03-22,Atestado,1,2,16
3405,535,2024-05-31,Atestado,1,3,24
3406,535,2023-03-30,Atestado,1,3,24
3407,535,2022-06-12,Licença curta,1,2,16
3408,535,2022-12-15,Atestado,1,3,24
3409,535,2024-05-26,Licença curta,1,5,40
3410,536,2024-07-16,Atestado,1,3,24
3411,536,2024-03-01,Atestado,1,1,8
3412,537,2023-10-14,Atestado,1,3,24
3413,537,2021-01-11,Licença curta,1,3,24
3414,537,2022-05-09,Atestado,1,2,16
3415,537,2025-05-10,Falta injustificada,0,1,8
3416,537,2020-05-24,Atraso,1,0,1
3417,537,2025-07-28,Atestado,1,2,16
3418,537,2023-12-31,Atestado,1,1,8
3419,537,2022-03-30,Atestado,1,2,16
3420,537,2021-02-11,Atestado,1,1,8
3421,537,2020-05-11,Atestado,1,3,24
3422,537,2024-03-14,Atestado,1,2,16
3423,538,2024-07-15,Atestado,1,1,8
3424,538,2024-01-03,Atestado,1,1,8
3425,538,2023-12-01,Licença curta,1,2,16
3426,539,2022-06-21,Atestado,1,1,8
3427,539,2025-05-25,Atestado,1,3,24
3428,539,2023-11-06,Falta injustificada,0,1,8
3429,539,2025-02-28,Atestado,1,3,24
3430,539,2023-02-26,Atestado,1,1,8
3431,540,2024-08-02,Atestado,1,1,8
3432,540,2025-03-05,Atestado,1,3,24
3433,540,2025-04-06,Atestado,1,2,16
3434,540,2025-09-12,Atraso,1,0,2
3435,540,2025-04-22,Atestado,1,3,24
3436,541,2024-11-21,Atestado,1,3,24
3437,541,2025-07-14,Atestado,1,2,16
3438,541,2025-03-11,Atraso,1,0,4
3439,541,2025-06-15,Licença curta,1,2,16
3440,541,2025-02-27,Atestado,1,2,16
3441,542,2025-04-01,Atestado,1,2,16
3442,542,2024-03-03,Atestado,1,3,24
3443,542,2025-12-30,Atestado,1,3,24
3444,542,2023-12-25,Falta injustificada,0,1,8
3445,542,2022-10-12,Atestado,1,3,24
3446,542,2024-03-06,Licença curta,1,2,16
3447,542,2022-02-04,Atestado,1,2,16
3448,542,2022-07-03,Atestado,1,3,24
3449,542,2022-01-23,Licença curta,1,4,32
3450,542,2024-01-22,Atestado,1,1,8
3451,542,2022-08-21,Falta injustificada,0,3,24
3452,542,2025-06-03,Falta injustificada,0,3,24
3453,542,2023-09-07,Atestado,1,2,16
3454,542,2022-06-04,Falta injustificada,0,3,24
3455,542,2021-10-07,Atestado,1,1,8
3456,542,2023-05-21,Atraso,1,0,1
3457,542,2024-11-06,Atestado,1,1,8
3458,544,2024-04-12,Falta injustificada,0,3,24
3459,544,2025-10-19,Falta injustificada,0,2,16
3460,544,2025-09-13,Atestado,1,1,8
3461,544,2024-03-26,Atraso,1,0,1
3462,544,2024-09-13,Falta injustificada,0,2,16
3463,544,2024-12-08,Falta injustificada,0,3,24
3464,545,2025-09-12,Licença curta,1,4,32
3465,545,2025-05-24,Atraso,1,0,1
3466,545,2025-01-23,Atraso,1,0,4
3467,545,2024-08-23,Atestado,1,3,24
3468,545,2025-12-26,Atestado,1,3,24
3469,545,2025-06-28,Atraso,1,0,2
3470,546,2025-04-12,Atestado,1,1,8
3471,546,2023-04-10,Atestado,1,2,16
3472,546,2024-10-07,Falta injustificada,0,2,16
3473,546,2021-08-24,Licença curta,1,2,16
3474,546,2018-07-04,Falta injustificada,0,2,16
3475,546,2020-01-23,Falta injustificada,0,2,16
3476,546,2020-02-05,Falta injustificada,0,3,24
3477,546,2021-08-29,Atestado,1,3,24
3478,546,2024-09-02,Falta injustificada,0,3,24
3479,546,2020-03-27,Falta injustificada,0,2,16
3480,546,2023-11-15,Falta injustificada,0,2,16
3481,546,2019-02-19,Atraso,1,0,3
3482,547,2025-07-26,Atestado,1,1,8
3483,547,2025-10-16,Atestado,1,1,8
3484,547,2025-06-17,Atraso,1,0,1
3485,550,2022-04-12,Atestado,1,3,24
3486,550,2020-06-27,Atestado,1,1,8
3487,550,2024-07-31,Falta injustificada,0,2,16
3488,550,2019-02-28,Atestado,1,2,16
3489,550,2023-01-20,Atestado,1,3,24
3490,550,2019-02-10,Falta injustificada,0,1,8
3491,550,2021-12-03,Falta injustificada,0,1,8
3492,550,2023-01-12,Atestado,1,2,16
3493,550,2024-09-25,Falta injustificada,0,3,24
3494,550,2020-11-04,Atestado,1,1,8
3495,550,2022-02-20,Atraso,1,0,1
3496,550,2020-09-14,Atestado,1,3,24
3497,550,2021-04-23,Atraso,1,0,2
3498,550,2023-12-13,Atestado,1,3,24
3499,550,2020-01-04,Atestado,1,2,16
3500,550,2021-07-23,Atraso,1,0,3
3501,551,2024-07-16,Atestado,1,2,16
3502,551,2025-06-12,Atestado,1,1,8
3503,552,2025-09-06,Atestado,1,2,16
3504,553,2023-08-25,Atestado,1,1,8
3505,553,2022-02-07,Atestado,1,2,16
3506,553,2025-11-13,Atraso,1,0,1
3507,553,2022-08-28,Falta injustificada,0,1,8
3508,553,2025-06-30,Atestado,1,2,16
3509,553,2022-10-15,Atestado,1,3,24
3510,553,2020-09-25,Falta injustificada,0,3,24
3511,553,2021-05-30,Licença curta,1,4,32
3512,553,2020-09-10,Atestado,1,2,16
3513,553,2025-05-22,Atestado,1,1,8
3514,553,2022-07-20,Falta injustificada,0,2,16
3515,553,2020-02-18,Licença curta,1,4,32
3516,553,2025-07-12,Licença curta,1,5,40
3517,553,2025-04-17,Atestado,1,1,8
3518,553,2023-05-22,Atestado,1,2,16
3519,554,2020-08-31,Falta injustificada,0,1,8
3520,554,2025-06-29,Atraso,1,0,2
3521,554,2024-07-18,Atestado,1,3,24
3522,554,2023-02-07,Atestado,1,3,24
3523,554,2023-08-07,Falta injustificada,0,2,16
3524,554,2023-07-24,Atestado,1,2,16
3525,554,2024-10-26,Atestado,1,2,16
3526,554,2024-03-10,Atestado,1,2,16
3527,554,2019-11-25,Atestado,1,3,24
3528,554,2019-11-20,Atestado,1,2,16
3529,554,2020-07-31,Atraso,1,0,1
3530,554,2021-03-01,Atestado,1,3,24
3531,554,2022-12-24,Atestado,1,1,8
3532,554,2025-05-01,Atestado,1,2,16
3533,554,2021-01-06,Licença curta,1,4,32
3534,554,2020-03-10,Atraso,1,0,1
3535,554,2023-12-29,Falta injustificada,0,1,8
3536,555,2022-07-31,Falta injustificada,0,3,24
3537,555,2020-05-09,Atraso,1,0,1
3538,555,2022-11-30,Falta injustificada,0,3,24
3539,556,2025-08-27,Licença curta,1,2,16
3540,556,2023-07-20,Atestado,1,1,8
3541,557,2022-04-27,Atestado,1,3,24
3542,557,2020-06-28,Falta injustificada,0,2,16
3543,557,2025-12-15,Falta injustificada,0,1,8
3544,557,2022-07-20,Atestado,1,3,24
3545,557,2024-09-09,Falta injustificada,0,3,24
3546,557,2023-01-03,Falta injustificada,0,1,8
3547,557,2020-08-26,Falta injustificada,0,3,24
3548,557,2025-11-05,Atestado,1,3,24
3549,558,2025-07-28,Falta injustificada,0,3,24
3550,558,2020-06-09,Licença curta,1,3,24
3551,558,2025-08-19,Atestado,1,1,8
3552,558,2025-05-25,Atraso,1,0,2
3553,558,2021-05-16,Atraso,1,0,1
3554,559,2022-12-18,Falta injustificada,0,3,24
3555,559,2025-04-19,Atestado,1,1,8
3556,559,2023-05-26,Atraso,1,0,2
3557,559,2025-03-26,Atraso,1,0,3
3558,559,2023-06-15,Atestado,1,3,24
3559,559,2021-09-30,Atestado,1,2,16
3560,559,2025-03-17,Atraso,1,0,1
3561,559,2025-07-26,Licença curta,1,3,24
3562,559,2022-05-09,Falta injustificada,0,1,8
3563,560,2022-07-18,Falta injustificada,0,1,8
3564,560,2025-12-05,Atraso,1,0,2
3565,560,2023-03-22,Atestado,1,3,24
3566,561,2019-05-31,Atestado,1,1,8
3567,561,2020-08-13,Atestado,1,1,8
3568,561,2023-08-22,Falta injustificada,0,1,8
3569,561,2023-12-31,Licença curta,1,5,40
3570,561,2022-09-16,Atestado,1,1,8
3571,561,2019-09-10,Atestado,1,2,16
3572,561,2022-11-12,Atraso,1,0,2
3573,561,2023-10-02,Licença curta,1,3,24
3574,561,2020-12-17,Atestado,1,3,24
3575,561,2021-03-31,Atestado,1,3,24
3576,561,2025-12-19,Atestado,1,2,16
3577,561,2025-09-15,Falta injustificada,0,3,24
3578,561,2019-09-16,Atestado,1,2,16
3579,561,2019-12-20,Falta injustificada,0,3,24
3580,561,2018-07-27,Atestado,1,1,8
3581,562,2019-08-22,Atestado,1,3,24
3582,562,2025-06-03,Falta injustificada,0,1,8
3583,562,2019-12-19,Atestado,1,3,24
3584,562,2025-11-23,Atestado,1,3,24
3585,562,2020-04-18,Atestado,1,2,16
3586,562,2023-06-09,Atestado,1,2,16
3587,562,2021-04-18,Atestado,1,3,24
3588,562,2019-03-04,Falta injustificada,0,3,24
3589,562,2023-07-31,Atraso,1,0,1
3590,562,2022-03-03,Atestado,1,3,24
3591,562,2021-02-19,Licença curta,1,5,40
3592,562,2022-05-18,Atestado,1,3,24
3593,562,2019-04-03,Atestado,1,2,16
3594,562,2022-09-22,Atestado,1,2,16
3595,562,2019-09-17,Falta injustificada,0,1,8
3596,562,2021-03-24,Atestado,1,2,16
3597,562,2019-05-26,Falta injustificada,0,3,24
3598,563,2023-07-05,Atestado,1,1,8
3599,563,2025-08-25,Falta injustificada,0,2,16
3600,563,2019-07-10,Atraso,1,0,1
3601,563,2024-02-15,Falta injustificada,0,1,8
3602,563,2023-02-12,Atestado,1,1,8
3603,564,2025-10-03,Atraso,1,0,1
3604,565,2025-10-22,Atestado,1,2,16
3605,565,2025-03-06,Atestado,1,1,8
3606,566,2025-01-31,Atestado,1,3,24
3607,566,2025-04-15,Falta injustificada,0,1,8
3608,566,2025-01-26,Atestado,1,3,24
3609,567,2022-01-26,Atestado,1,2,16
3610,567,2022-01-20,Atestado,1,1,8
3611,568,2021-08-27,Atestado,1,3,24
3612,568,2021-07-11,Atestado,1,2,16
3613,568,2024-05-09,Atraso,1,0,2
3614,568,2024-09-15,Atestado,1,3,24
3615,568,2022-07-30,Falta injustificada,0,2,16
3616,568,2024-09-07,Licença curta,1,3,24
3617,568,2022-03-28,Atestado,1,3,24
3618,569,2022-12-25,Atestado,1,2,16
3619,569,2020-05-08,Falta injustificada,0,3,24
3620,569,2025-01-04,Atestado,1,2,16
3621,569,2024-11-16,Atestado,1,3,24
3622,569,2021-08-10,Atraso,1,0,1
3623,569,2025-04-09,Atestado,1,3,24
3624,569,2025-06-24,Atestado,1,2,16
3625,569,2021-01-14,Falta injustificada,0,3,24
3626,569,2023-03-22,Atestado,1,3,24
3627,570,2025-06-03,Falta injustificada,0,3,24
3628,570,2025-07-30,Atestado,1,1,8
3629,570,2024-07-28,Atestado,1,1,8
3630,570,2024-11-21,Falta injustificada,0,1,8
3631,570,2024-09-18,Atestado,1,3,24
3632,572,2020-10-06,Atestado,1,2,16
3633,572,2024-11-30,Atestado,1,2,16
3634,572,2022-03-03,Atestado,1,3,24
3635,572,2022-03-24,Atestado,1,1,8
3636,572,2021-07-10,Atestado,1,3,24
3637,572,2023-11-18,Atestado,1,2,16
3638,572,2020-04-17,Atestado,1,1,8
3639,572,2022-05-19,Atestado,1,1,8
3640,572,2019-12-29,Atraso,1,0,2
3641,572,2020-05-22,Atraso,1,0,1
3642,572,2024-07-10,Licença curta,1,4,32
3643,572,2019-11-26,Atestado,1,1,8
3644,572,2023-03-05,Licença curta,1,2,16
3645,572,2024-08-12,Atestado,1,2,16
3646,573,2020-02-04,Falta injustificada,0,3,24
3647,573,2025-01-13,Atestado,1,3,24
3648,573,2020-11-03,Atestado,1,1,8
3649,573,2021-06-07,Licença curta,1,5,40
3650,573,2023-07-05,Atestado,1,3,24
3651,573,2021-10-22,Atestado,1,1,8
3652,573,2020-11-09,Atestado,1,3,24
3653,573,2020-06-01,Atraso,1,0,1
3654,573,2023-06-20,Atestado,1,3,24
3655,573,2020-10-03,Atestado,1,1,8
3656,574,2025-07-27,Falta injustificada,0,1,8
3657,574,2025-10-31,Falta injustificada,0,3,24
3658,574,2022-11-05,Atestado,1,1,8
3659,574,2022-06-29,Atestado,1,1,8
3660,574,2022-05-02,Atestado,1,2,16
3661,575,2025-09-07,Atestado,1,2,16
3662,575,2025-02-08,Atestado,1,3,24
3663,575,2025-12-09,Atraso,1,0,3
3664,575,2023-09-19,Atestado,1,2,16
3665,575,2024-01-13,Falta injustificada,0,3,24
3666,575,2025-07-24,Licença curta,1,5,40
3667,576,2022-01-03,Falta injustificada,0,1,8
3668,576,2025-03-10,Atestado,1,3,24
3669,576,2023-10-29,Atraso,1,0,2
3670,576,2023-11-16,Atestado,1,3,24
3671,576,2021-06-03,Atestado,1,1,8
3672,576,2024-10-18,Atestado,1,2,16
3673,576,2024-02-04,Licença curta,1,2,16
3674,576,2020-10-02,Atestado,1,1,8
3675,576,2025-09-04,Atestado,1,2,16
3676,576,2021-01-03,Licença curta,1,2,16
3677,576,2025-06-20,Atestado,1,1,8
3678,576,2020-06-14,Atestado,1,3,24
3679,576,2025-12-09,Falta injustificada,0,2,16
3680,576,2020-02-17,Atestado,1,1,8
3681,576,2023-02-16,Atestado,1,2,16
3682,576,2024-04-03,Atestado,1,3,24
3683,577,2022-05-18,Licença curta,1,2,16
3684,577,2020-02-19,Falta injustificada,0,2,16
3685,577,2019-03-16,Falta injustificada,0,3,24
3686,577,2024-10-25,Atestado,1,1,8
3687,577,2024-03-03,Atraso,1,0,1
3688,577,2025-03-21,Atestado,1,3,24
3689,577,2021-11-12,Atestado,1,2,16
3690,577,2025-04-20,Atraso,1,0,3
3691,578,2023-06-13,Atraso,1,0,3
3692,578,2023-10-02,Falta injustificada,0,3,24
3693,579,2025-01-18,Atestado,1,2,16
3694,579,2025-07-23,Atestado,1,1,8
3695,579,2023-10-27,Atestado,1,2,16
3696,579,2024-11-28,Falta injustificada,0,2,16
3697,579,2024-04-16,Atestado,1,2,16
3698,579,2025-11-15,Atestado,1,1,8
3699,580,2024-03-09,Atestado,1,1,8
3700,581,2023-07-09,Atraso,1,0,1
3701,581,2025-01-11,Licença curta,1,4,32
3702,581,2025-08-19,Atestado,1,3,24
3703,581,2025-07-26,Licença curta,1,2,16
3704,581,2021-10-09,Atestado,1,2,16
3705,581,2020-11-10,Atestado,1,3,24
3706,581,2025-07-10,Atestado,1,3,24
3707,581,2024-05-23,Atestado,1,1,8
3708,581,2022-05-23,Atestado,1,1,8
3709,581,2025-10-11,Atraso,1,0,3
3710,582,2023-01-11,Atestado,1,3,24
3711,582,2025-03-25,Atestado,1,1,8
3712,582,2024-07-18,Falta injustificada,0,2,16
3713,582,2019-10-25,Atestado,1,2,16
3714,582,2018-10-30,Falta injustificada,0,1,8
3715,582,2018-10-05,Atestado,1,2,16
3716,582,2024-01-21,Atestado,1,1,8
3717,582,2025-08-27,Atestado,1,2,16
3718,582,2023-03-15,Atestado,1,2,16
3719,582,2021-10-06,Atestado,1,1,8
3720,582,2018-08-08,Atraso,1,0,2
3721,582,2018-12-25,Atestado,1,1,8
3722,582,2020-07-24,Falta injustificada,0,3,24
3723,583,2023-07-27,Atestado,1,3,24
3724,583,2019-07-09,Atestado,1,3,24
3725,583,2024-09-20,Atraso,1,0,2
3726,583,2019-11-25,Atestado,1,2,16
3727,583,2023-07-19,Atestado,1,3,24
3728,583,2020-09-19,Atraso,1,0,1
3729,583,2024-02-19,Atestado,1,3,24
3730,583,2024-02-07,Falta injustificada,0,3,24
3731,583,2020-11-10,Falta injustificada,0,1,8
3732,584,2024-05-21,Atraso,1,0,2
3733,584,2022-08-05,Atraso,1,0,1
3734,584,2025-05-20,Atestado,1,2,16
3735,584,2023-11-27,Atestado,1,1,8
3736,584,2023-11-09,Atestado,1,2,16
3737,584,2022-04-04,Falta injustificada,0,1,8
3738,584,2023-03-27,Licença curta,1,2,16
3739,584,2025-03-26,Falta injustificada,0,1,8
3740,584,2023-03-17,Atraso,1,0,2
3741,584,2024-03-31,Atraso,1,0,3
3742,584,2024-12-09,Falta injustificada,0,3,24
3743,584,2022-03-10,Atestado,1,1,8
3744,584,2025-12-20,Falta injustificada,0,1,8
3745,584,2022-04-02,Falta injustificada,0,1,8
3746,584,2022-04-02,Atestado,1,1,8
3747,584,2024-05-23,Atraso,1,0,4
3748,584,2022-12-11,Atestado,1,2,16
3749,584,2022-03-06,Falta injustificada,0,2,16
3750,585,2021-04-19,Atraso,1,0,1
3751,585,2022-01-02,Atestado,1,3,24
3752,585,2021-01-01,Licença curta,1,4,32
3753,585,2020-09-05,Atestado,1,3,24
3754,585,2021-06-07,Atraso,1,0,3
3755,585,2021-08-29,Falta injustificada,0,3,24
3756,585,2020-08-29,Atestado,1,3,24
3757,586,2024-10-19,Atestado,1,1,8
3758,586,2025-01-16,Atestado,1,3,24
3759,587,2024-09-16,Atraso,1,0,1
3760,587,2025-02-11,Falta injustificada,0,3,24
3761,587,2025-06-14,Falta injustificada,0,2,16
3762,587,2025-09-05,Licença curta,1,3,24
3763,588,2025-02-06,Atestado,1,3,24
3764,588,2024-04-23,Atestado,1,2,16
3765,588,2025-09-15,Falta injustificada,0,2,16
3766,588,2023-12-26,Atestado,1,3,24
3767,588,2024-02-11,Atestado,1,2,16
3768,588,2025-08-25,Falta injustificada,0,3,24
3769,589,2020-08-28,Atestado,1,1,8
3770,589,2023-05-17,Atestado,1,2,16
3771,589,2024-12-09,Atestado,1,2,16
3772,589,2020-05-14,Licença curta,1,3,24
3773,589,2021-01-09,Falta injustificada,0,3,24
3774,589,2022-01-27,Atestado,1,2,16
3775,589,2025-09-08,Atestado,1,1,8
3776,589,2020-11-11,Atestado,1,2,16
3777,589,2021-01-29,Atestado,1,1,8
3778,589,2022-02-14,Atestado,1,3,24
3779,589,2024-06-04,Licença curta,1,5,40
3780,589,2020-10-07,Atestado,1,1,8
3781,589,2025-01-30,Atestado,1,1,8
3782,590,2022-04-16,Atestado,1,2,16
3783,590,2024-01-27,Falta injustificada,0,2,16
3784,590,2022-06-17,Atestado,1,1,8
3785,591,2021-05-07,Atestado,1,2,16
3786,591,2025-10-21,Atestado,1,3,24
3787,591,2023-03-02,Atestado,1,2,16
3788,592,2019-04-04,Atestado,1,2,16
3789,592,2023-05-11,Licença curta,1,5,40
3790,592,2019-07-17,Falta injustificada,0,1,8
3791,592,2021-05-08,Atraso,1,0,3
3792,592,2023-04-19,Licença curta,1,3,24
3793,592,2023-11-17,Atraso,1,0,2
3794,592,2025-01-06,Atestado,1,1,8
3795,592,2022-06-19,Atestado,1,1,8
3796,592,2025-02-12,Falta injustificada,0,2,16
3797,592,2019-05-03,Licença curta,1,4,32
3798,592,2021-12-27,Atestado,1,3,24
3799,592,2021-06-21,Falta injustificada,0,1,8
3800,593,2024-01-19,Atraso,1,0,3
3801,593,2025-08-15,Atestado,1,2,16
3802,593,2024-07-14,Atraso,1,0,1
3803,593,2022-06-16,Atestado,1,1,8
3804,593,2025-03-29,Falta injustificada,0,2,16
3805,594,2022-04-08,Atestado,1,3,24
3806,594,2024-03-29,Falta injustificada,0,2,16
3807,594,2025-06-19,Atestado,1,3,24
3808,594,2025-06-01,Falta injustificada,0,3,24
3809,594,2021-12-17,Falta injustificada,0,1,8
3810,594,2023-04-27,Falta injustificada,0,2,16
3811,594,2021-09-18,Atraso,1,0,1
3812,594,2020-07-10,Atestado,1,1,8
3813,594,2022-03-11,Atestado,1,3,24
3814,594,2022-02-13,Atestado,1,1,8
3815,594,2021-11-05,Falta injustificada,0,3,24
3816,595,2022-01-10,Atraso,1,0,2
3817,596,2024-02-28,Atestado,1,3,24
3818,596,2024-10-19,Licença curta,1,2,16
3819,596,2023-06-14,Falta injustificada,0,2,16
3820,596,2023-05-22,Atestado,1,3,24
3821,596,2023-03-09,Atestado,1,3,24
3822,596,2020-07-06,Falta injustificada,0,1,8
3823,596,2023-10-26,Licença curta,1,4,32
3824,596,2023-05-05,Atestado,1,1,8
3825,596,2025-05-08,Atestado,1,2,16
3826,596,2020-07-26,Atraso,1,0,4
3827,596,2025-04-22,Atestado,1,1,8
3828,596,2025-08-09,Atestado,1,1,8
3829,596,2024-05-25,Falta injustificada,0,2,16
3830,596,2022-10-26,Atestado,1,2,16
3831,596,2021-01-11,Atraso,1,0,1
3832,597,2025-10-05,Atestado,1,1,8
3833,598,2023-05-28,Atestado,1,3,24
3834,598,2024-12-11,Falta injustificada,0,2,16
3835,598,2022-03-19,Falta injustificada,0,2,16
3836,598,2022-11-11,Atraso,1,0,3
3837,598,2023-04-20,Falta injustificada,0,2,16
3838,598,2023-04-23,Atestado,1,2,16
3839,598,2022-07-26,Atraso,1,0,2
3840,599,2021-12-10,Falta injustificada,0,3,24
3841,599,2021-05-07,Falta injustificada,0,1,8
3842,599,2019-12-13,Atestado,1,1,8
3843,599,2020-09-03,Falta injustificada,0,3,24
3844,599,2019-10-28,Atestado,1,1,8
3845,599,2025-01-27,Atestado,1,2,16
3846,599,2025-11-23,Falta injustificada,0,2,16
3847,599,2019-11-11,Atestado,1,3,24
3848,599,2021-12-12,Falta injustificada,0,1,8
3849,599,2022-04-19,Atraso,1,0,3
3850,600,2023-02-26,Atestado,1,1,8
3851,600,2024-03-25,Falta injustificada,0,3,24
3852,600,2020-10-08,Atestado,1,3,24
3853,600,2022-11-25,Atestado,1,2,16
3854,600,2021-06-29,Atestado,1,1,8
3855,600,2025-12-14,Atestado,1,2,16
3856,600,2021-07-15,Falta injustificada,0,3,24
3857,600,2021-02-19,Atestado,1,1,8
3858,600,2022-07-22,Atestado,1,2,16
3859,603,2023-10-29,Atestado,1,2,16
3860,603,2025-04-11,Falta injustificada,0,3,24
3861,603,2022-12-16,Atestado,1,1,8
3862,603,2024-03-23,Atraso,1,0,1
3863,603,2023-01-07,Atestado,1,2,16
3864,604,2021-12-31,Falta injustificada,0,1,8
3865,604,2024-01-21,Atestado,1,3,24
3866,604,2024-06-07,Atestado,1,2,16
3867,604,2024-12-20,Falta injustificada,0,3,24
3868,604,2024-08-05,Atestado,1,2,16
3869,604,2023-09-10,Atestado,1,3,24
3870,604,2020-09-28,Falta injustificada,0,1,8
3871,604,2024-07-10,Atraso,1,0,2
3872,605,2023-12-13,Falta injustificada,0,2,16
3873,605,2024-03-30,Licença curta,1,2,16
3874,605,2024-02-14,Atestado,1,3,24
3875,606,2021-09-21,Atraso,1,0,2
3876,606,2022-11-11,Atestado,1,3,24
3877,606,2025-01-18,Licença curta,1,4,32
3878,606,2021-10-05,Atraso,1,0,1
3879,606,2023-08-07,Licença curta,1,2,16
3880,606,2021-01-12,Atestado,1,2,16
3881,606,2020-03-25,Atestado,1,1,8
3882,606,2021-11-13,Atestado,1,3,24
3883,606,2024-12-30,Atraso,1,0,2
3884,607,2023-10-15,Atestado,1,3,24
3885,607,2023-08-22,Atraso,1,0,1
3886,607,2024-09-06,Falta injustificada,0,2,16
3887,607,2023-08-03,Atestado,1,3,24
3888,607,2021-03-31,Falta injustificada,0,3,24
3889,608,2025-12-27,Atestado,1,1,8
3890,608,2024-12-01,Falta injustificada,0,2,16
3891,608,2025-03-18,Atraso,1,0,1
3892,608,2024-06-15,Atestado,1,3,24
3893,608,2023-12-27,Atestado,1,2,16
3894,608,2023-01-09,Falta injustificada,0,1,8
3895,608,2024-09-27,Atestado,1,2,16
3896,608,2022-11-18,Atestado,1,2,16
3897,608,2022-11-16,Falta injustificada,0,2,16
3898,608,2022-10-22,Atraso,1,0,2
3899,608,2024-01-26,Atestado,1,2,16
3900,609,2020-10-14,Licença curta,1,3,24
3901,609,2024-06-25,Atraso,1,0,1
3902,609,2024-02-03,Atestado,1,2,16
3903,609,2020-05-21,Atestado,1,2,16
3904,609,2025-10-11,Falta injustificada,0,3,24
3905,609,2020-05-08,Atestado,1,2,16
3906,609,2024-12-03,Atraso,1,0,3
3907,609,2022-01-28,Atestado,1,2,16
3908,609,2024-03-10,Atraso,1,0,3
3909,609,2022-01-26,Atraso,1,0,4
3910,609,2025-11-17,Atestado,1,1,8
3911,609,2025-07-10,Atestado,1,1,8
3912,609,2024-01-24,Atraso,1,0,3
3913,610,2025-10-15,Falta injustificada,0,3,24
3914,611,2021-03-31,Falta injustificada,0,3,24
3915,611,2022-08-14,Atestado,1,2,16
3916,611,2023-07-13,Atestado,1,2,16
3917,611,2021-01-08,Atestado,1,1,8
3918,612,2022-09-22,Atestado,1,2,16
3919,612,2023-04-08,Licença curta,1,3,24
3920,612,2023-08-31,Atestado,1,2,16
3921,612,2023-12-25,Atestado,1,1,8
3922,612,2021-06-11,Atraso,1,0,2
3923,612,2022-12-24,Atestado,1,1,8
3924,612,2021-05-15,Falta injustificada,0,1,8
3925,612,2022-10-13,Falta injustificada,0,2,16
3926,612,2024-09-22,Atestado,1,3,24
3927,612,2024-06-03,Licença curta,1,5,40
3928,612,2024-08-07,Atestado,1,1,8
3929,612,2021-02-21,Atestado,1,1,8
3930,612,2022-11-08,Atestado,1,1,8
3931,612,2024-04-21,Falta injustificada,0,1,8
3932,612,2020-11-04,Atestado,1,1,8
3933,613,2025-03-11,Atestado,1,3,24
3934,613,2024-06-24,Atraso,1,0,3
3935,613,2024-09-02,Atestado,1,2,16
3936,613,2023-01-08,Falta injustificada,0,2,16
3937,613,2025-06-05,Atestado,1,1,8
3938,613,2023-12-13,Licença curta,1,2,16
3939,613,2024-03-11,Licença curta,1,4,32
3940,614,2024-06-03,Atraso,1,0,2
3941,614,2024-07-08,Licença curta,1,2,16
3942,614,2025-02-26,Falta injustificada,0,1,8
3943,614,2021-07-09,Atestado,1,3,24
3944,614,2023-02-04,Falta injustificada,0,2,16
3945,614,2023-05-26,Falta injustificada,0,3,24
3946,614,2023-08-18,Atestado,1,3,24
3947,614,2025-10-14,Atestado,1,2,16
3948,614,2022-09-23,Falta injustificada,0,2,16
3949,614,2025-01-11,Atestado,1,1,8
3950,614,2025-03-21,Atestado,1,1,8
3951,614,2025-03-01,Atestado,1,3,24
3952,614,2025-09-14,Licença curta,1,2,16
3953,614,2021-12-16,Atraso,1,0,1
3954,614,2021-02-23,Atraso,1,0,2
3955,614,2024-06-07,Atestado,1,3,24
3956,615,2025-05-01,Atestado,1,3,24
3957,615,2025-09-21,Atestado,1,2,16
3958,615,2025-05-06,Licença curta,1,4,32
3959,616,2025-01-13,Atestado,1,1,8
3960,616,2025-03-25,Atestado,1,3,24
3961,616,2025-06-15,Atestado,1,2,16
3962,616,2025-12-21,Falta injustificada,0,1,8
3963,617,2025-07-27,Atraso,1,0,1
3964,618,2022-05-15,Atestado,1,2,16
3965,618,2022-08-13,Atestado,1,1,8
3966,618,2023-11-13,Atestado,1,3,24
3967,618,2025-09-25,Atraso,1,0,2
3968,618,2023-08-25,Atestado,1,3,24
3969,618,2023-07-21,Atestado,1,2,16
3970,618,2022-04-21,Atraso,1,0,2
3971,618,2022-07-07,Atestado,1,2,16
3972,618,2022-06-28,Atestado,1,1,8
3973,619,2018-12-09,Atraso,1,0,1
3974,619,2018-05-15,Atestado,1,3,24
3975,619,2022-03-27,Licença curta,1,3,24
3976,619,2020-07-19,Falta injustificada,0,3,24
3977,619,2019-09-11,Falta injustificada,0,3,24
3978,619,2021-08-02,Atestado,1,2,16
3979,619,2018-09-10,Falta injustificada,0,2,16
3980,619,2019-09-25,Falta injustificada,0,1,8
3981,620,2022-10-05,Atraso,1,0,2
3982,620,2023-09-17,Atraso,1,0,1
3983,620,2023-08-19,Atestado,1,2,16
3984,620,2024-07-22,Falta injustificada,0,1,8
3985,620,2023-01-17,Atestado,1,2,16
3986,620,2023-07-21,Atraso,1,0,4
3987,620,2025-06-30,Atestado,1,1,8
3988,621,2021-05-31,Atraso,1,0,2
3989,621,2021-12-10,Atestado,1,1,8
3990,621,2019-11-23,Atestado,1,1,8
3991,621,2025-01-03,Atestado,1,3,24
3992,621,2020-09-16,Atestado,1,1,8
3993,621,2025-07-12,Atestado,1,1,8
3994,622,2025-10-19,Atestado,1,3,24
3995,622,2023-06-08,Atestado,1,1,8
3996,622,2020-06-15,Atestado,1,2,16
3997,622,2025-01-31,Atestado,1,1,8
3998,622,2022-06-28,Licença curta,1,3,24
3999,622,2021-12-31,Atestado,1,3,24
4000,623,2023-08-09,Falta injustificada,0,3,24
4001,623,2023-09-16,Atestado,1,3,24
4002,623,2021-12-02,Atestado,1,2,16
4003,625,2021-11-21,Atraso,1,0,1
4004,625,2021-08-18,Falta injustificada,0,3,24
4005,625,2022-06-19,Atraso,1,0,4
4006,626,2022-12-22,Falta injustificada,0,1,8
4007,626,2022-09-10,Atestado,1,2,16
4008,627,2025-09-02,Falta injustificada,0,2,16
4009,627,2023-05-23,Falta injustificada,0,1,8
4010,627,2024-06-19,Licença curta,1,2,16
4011,627,2024-11-20,Atraso,1,0,2
4012,627,2023-05-07,Atestado,1,3,24
4013,627,2024-02-25,Atestado,1,3,24
4014,627,2023-04-28,Atestado,1,2,16
4015,627,2023-10-13,Atraso,1,0,2
4016,627,2025-09-30,Atraso,1,0,2
4017,628,2024-10-01,Atestado,1,2,16
4018,628,2025-05-31,Falta injustificada,0,3,24
4019,628,2025-09-30,Falta injustificada,0,3,24
4020,628,2023-04-15,Atestado,1,3,24
4021,629,2025-04-28,Atraso,1,0,3
4022,629,2023-03-26,Atestado,1,1,8
4023,629,2023-11-24,Falta injustificada,0,1,8
4024,629,2025-06-03,Falta injustificada,0,3,24
4025,630,2021-09-08,Atestado,1,1,8
4026,630,2024-05-21,Atestado,1,3,24
4027,630,2025-02-23,Atestado,1,1,8
4028,630,2025-03-29,Atraso,1,0,2
4029,630,2025-02-28,Licença curta,1,2,16
4030,630,2020-11-19,Atestado,1,1,8
4031,630,2024-09-13,Atestado,1,2,16
4032,630,2020-08-05,Falta injustificada,0,3,24
4033,630,2020-04-27,Atestado,1,2,16
4034,630,2023-05-26,Atestado,1,1,8
4035,630,2023-07-24,Atestado,1,1,8
4036,630,2023-09-12,Atestado,1,2,16
4037,630,2019-08-09,Falta injustificada,0,1,8
4038,630,2025-03-31,Atestado,1,1,8
4039,630,2023-12-01,Falta injustificada,0,3,24
4040,630,2020-07-12,Atraso,1,0,1
4041,630,2018-03-01,Licença curta,1,5,40
4042,630,2018-11-18,Atestado,1,2,16
4043,630,2024-05-19,Licença curta,1,3,24
4044,630,2020-02-15,Atestado,1,1,8
4045,631,2023-04-02,Atestado,1,3,24
4046,631,2022-05-19,Falta injustificada,0,3,24
4047,631,2023-01-14,Falta injustificada,0,3,24
4048,631,2024-03-06,Atestado,1,1,8
4049,631,2024-06-25,Atestado,1,2,16
4050,631,2023-08-15,Licença curta,1,3,24
4051,632,2022-09-09,Falta injustificada,0,1,8
4052,632,2022-08-07,Falta injustificada,0,3,24
4053,632,2024-10-05,Atestado,1,2,16
4054,632,2023-09-21,Atraso,1,0,3
4055,632,2023-04-30,Atraso,1,0,3
4056,632,2025-06-01,Atestado,1,2,16
4057,632,2022-08-21,Atestado,1,1,8
4058,632,2021-10-11,Atraso,1,0,2
4059,632,2020-08-01,Atestado,1,2,16
4060,633,2025-01-18,Falta injustificada,0,2,16
4061,634,2024-12-05,Atestado,1,1,8
4062,634,2025-06-27,Atestado,1,1,8
4063,634,2024-02-03,Atestado,1,2,16
4064,634,2024-11-22,Atestado,1,3,24
4065,634,2023-09-28,Falta injustificada,0,2,16
4066,634,2025-05-03,Licença curta,1,3,24
4067,634,2025-10-25,Licença curta,1,5,40
4068,634,2025-05-31,Licença curta,1,3,24
4069,634,2023-04-08,Atestado,1,2,16
4070,634,2024-08-09,Licença curta,1,3,24
4071,634,2025-05-25,Atestado,1,1,8
4072,635,2025-12-06,Licença curta,1,4,32
4073,635,2025-02-01,Licença curta,1,4,32
4074,636,2023-10-07,Falta injustificada,0,2,16
4075,636,2024-02-10,Atestado,1,2,16
4076,636,2023-08-16,Atestado,1,2,16
4077,636,2019-10-07,Atestado,1,2,16
4078,636,2024-08-06,Falta injustificada,0,3,24
4079,636,2021-08-10,Atestado,1,2,16
4080,636,2019-08-31,Atestado,1,2,16
4081,636,2024-03-04,Atestado,1,2,16
4082,636,2021-08-20,Falta injustificada,0,3,24
4083,636,2021-01-08,Falta injustificada,0,3,24
4084,636,2021-06-19,Falta injustificada,0,3,24
4085,636,2020-05-22,Atestado,1,3,24
4086,637,2025-06-02,Atraso,1,0,1
4087,638,2022-03-19,Atestado,1,1,8
4088,638,2025-04-19,Atraso,1,0,1
4089,638,2024-07-26,Falta injustificada,0,1,8
4090,638,2018-10-02,Atestado,1,2,16
4091,638,2019-07-12,Atestado,1,3,24
4092,638,2022-04-03,Atestado,1,2,16
4093,638,2024-09-18,Atraso,1,0,4
4094,638,2019-03-24,Atestado,1,3,24
4095,639,2018-12-12,Atestado,1,3,24
4096,639,2020-10-03,Licença curta,1,4,32
4097,639,2024-05-26,Licença curta,1,3,24
4098,639,2020-02-27,Atraso,1,0,4
4099,639,2024-05-27,Atraso,1,0,1
4100,639,2022-10-31,Atestado,1,3,24
4101,639,2020-12-19,Atestado,1,2,16
4102,640,2022-07-07,Atraso,1,0,3
4103,640,2023-09-15,Falta injustificada,0,2,16
4104,641,2023-07-06,Atraso,1,0,1
4105,641,2021-04-17,Atestado,1,3,24
4106,641,2021-08-30,Atestado,1,1,8
4107,641,2019-04-12,Atraso,1,0,1
4108,641,2019-02-06,Falta injustificada,0,3,24
4109,641,2020-01-09,Atestado,1,3,24
4110,641,2023-05-03,Atestado,1,2,16
4111,641,2019-05-08,Atraso,1,0,1
4112,641,2020-08-19,Atestado,1,2,16
4113,641,2022-04-03,Atestado,1,1,8
4114,641,2021-06-15,Falta injustificada,0,3,24
4115,642,2021-05-12,Atestado,1,1,8
4116,642,2021-08-23,Atestado,1,3,24
4117,642,2019-12-23,Atestado,1,2,16
4118,642,2023-01-31,Atraso,1,0,3
4119,642,2020-01-23,Falta injustificada,0,3,24
4120,642,2021-08-13,Atestado,1,1,8
4121,642,2019-06-13,Falta injustificada,0,1,8
4122,642,2024-03-31,Atraso,1,0,2
4123,642,2023-04-01,Atraso,1,0,2
4124,642,2018-10-25,Falta injustificada,0,1,8
4125,642,2020-04-16,Atestado,1,1,8
4126,642,2022-12-23,Falta injustificada,0,1,8
4127,642,2022-02-02,Atestado,1,2,16
4128,642,2023-05-11,Atraso,1,0,3
4129,642,2024-05-02,Atraso,1,0,2
4130,642,2018-11-07,Atestado,1,2,16
4131,643,2021-11-05,Atestado,1,2,16
4132,643,2021-01-17,Falta injustificada,0,1,8
4133,643,2021-09-26,Atraso,1,0,2
4134,643,2025-03-27,Licença curta,1,5,40
4135,643,2022-12-30,Atestado,1,2,16
4136,643,2023-08-04,Falta injustificada,0,1,8
4137,644,2021-06-17,Atestado,1,2,16
4138,644,2025-04-04,Atestado,1,2,16
4139,644,2024-05-21,Atestado,1,2,16
4140,644,2024-12-12,Atraso,1,0,4
4141,644,2024-08-25,Atestado,1,1,8
4142,644,2023-04-04,Atestado,1,1,8
4143,644,2024-07-16,Atraso,1,0,2
4144,644,2023-05-20,Licença curta,1,4,32
4145,644,2025-02-04,Atestado,1,3,24
4146,644,2020-03-07,Atestado,1,2,16
4147,644,2021-06-24,Atestado,1,3,24
4148,644,2019-03-31,Atestado,1,2,16
4149,644,2021-07-27,Atestado,1,2,16
4150,644,2023-02-11,Atestado,1,2,16
4151,644,2025-04-13,Atestado,1,1,8
4152,645,2024-11-15,Atestado,1,2,16
4153,645,2023-02-18,Atraso,1,0,2
4154,645,2022-01-28,Licença curta,1,2,16
4155,645,2021-10-21,Atestado,1,3,24
4156,645,2022-03-21,Atestado,1,1,8
4157,645,2024-01-07,Licença curta,1,3,24
4158,645,2021-09-27,Atestado,1,1,8
4159,645,2023-07-13,Licença curta,1,5,40
4160,645,2024-03-15,Licença curta,1,3,24
4161,645,2021-08-07,Atraso,1,0,2
4162,645,2025-07-28,Falta injustificada,0,2,16
4163,645,2022-09-07,Atraso,1,0,3
4164,646,2024-05-10,Atestado,1,2,16
4165,646,2025-04-12,Atestado,1,2,16
4166,646,2025-07-17,Atraso,1,0,1
4167,646,2023-08-17,Licença curta,1,2,16
4168,646,2024-02-08,Atestado,1,3,24
4169,647,2025-09-17,Atestado,1,3,24
4170,647,2025-04-08,Falta injustificada,0,1,8
4171,647,2024-11-17,Atestado,1,3,24
4172,648,2021-10-14,Atestado,1,3,24
4173,648,2025-01-25,Falta injustificada,0,2,16
4174,648,2023-09-03,Atestado,1,2,16
4175,648,2022-05-15,Atraso,1,0,4
4176,649,2021-09-02,Atestado,1,1,8
4177,649,2019-10-27,Falta injustificada,0,2,16
4178,649,2020-09-21,Atestado,1,3,24
4179,649,2021-02-15,Atraso,1,0,2
4180,650,2025-12-30,Atestado,1,1,8
4181,650,2024-03-27,Atestado,1,2,16
4182,650,2025-11-26,Atestado,1,1,8
4183,651,2023-03-31,Falta injustificada,0,1,8
4184,651,2025-05-20,Falta injustificada,0,1,8
4185,651,2022-01-17,Falta injustificada,0,3,24
4186,651,2025-05-02,Atestado,1,1,8
4187,651,2022-01-26,Atestado,1,1,8
4188,651,2023-08-05,Atestado,1,1,8
4189,651,2021-05-10,Atestado,1,2,16
4190,651,2023-12-01,Licença curta,1,3,24
4191,651,2024-08-25,Atestado,1,3,24
4192,651,2023-11-14,Atestado,1,1,8
4193,651,2025-05-03,Atestado,1,3,24
4194,651,2023-06-26,Atraso,1,0,3
4195,652,2024-05-31,Falta injustificada,0,1,8
4196,652,2023-11-03,Atestado,1,1,8
4197,652,2024-08-13,Atestado,1,2,16
4198,652,2025-12-20,Atestado,1,2,16
4199,652,2025-02-08,Falta injustificada,0,2,16
4200,652,2025-08-16,Atestado,1,2,16
4201,652,2025-05-03,Atestado,1,3,24
4202,652,2023-02-08,Falta injustificada,0,1,8
4203,652,2023-10-21,Atestado,1,3,24
4204,652,2023-04-28,Licença curta,1,4,32
4205,652,2025-02-01,Atestado,1,3,24
4206,652,2023-08-02,Falta injustificada,0,2,16
4207,652,2024-10-08,Atestado,1,1,8
4208,653,2024-08-05,Atestado,1,3,24
4209,653,2025-09-08,Falta injustificada,0,1,8
4210,653,2024-02-17,Atestado,1,3,24
4211,654,2025-08-22,Falta injustificada,0,2,16
4212,654,2024-08-26,Falta injustificada,0,2,16
4213,654,2025-03-22,Atestado,1,1,8
4214,654,2024-11-05,Licença curta,1,5,40
4215,655,2021-08-24,Falta injustificada,0,1,8
4216,655,2023-01-07,Atestado,1,3,24
4217,655,2022-04-28,Atestado,1,1,8
4218,655,2025-02-28,Atestado,1,1,8
4219,655,2024-04-14,Atestado,1,2,16
4220,655,2023-02-15,Atestado,1,1,8
4221,655,2021-08-12,Atestado,1,3,24
4222,655,2023-11-24,Atestado,1,3,24
4223,655,2022-02-23,Atestado,1,1,8
4224,655,2023-03-27,Atestado,1,3,24
4225,656,2024-10-17,Atestado,1,1,8
4226,656,2023-08-05,Atraso,1,0,3
4227,656,2025-03-08,Atestado,1,1,8
4228,656,2022-09-27,Atestado,1,2,16
4229,656,2023-04-03,Falta injustificada,0,2,16
4230,656,2024-12-07,Falta injustificada,0,3,24
4231,657,2020-09-13,Atestado,1,2,16
4232,657,2021-02-23,Atestado,1,2,16
4233,659,2023-06-12,Atestado,1,3,24
4234,659,2025-01-19,Atestado,1,3,24
4235,659,2025-09-18,Atestado,1,1,8
4236,660,2020-03-19,Atestado,1,3,24
4237,660,2021-01-20,Atestado,1,1,8
4238,660,2021-10-09,Atestado,1,2,16
4239,660,2021-05-06,Atraso,1,0,1
4240,660,2022-04-17,Falta injustificada,0,3,24
4241,660,2020-06-29,Falta injustificada,0,1,8
4242,660,2025-03-15,Atestado,1,3,24
4243,660,2023-08-22,Atestado,1,2,16
4244,660,2025-10-19,Atraso,1,0,2
4245,660,2025-12-26,Atestado,1,3,24
4246,660,2022-06-15,Atestado,1,3,24
4247,660,2024-08-27,Atestado,1,1,8
4248,660,2021-03-25,Atestado,1,1,8
4249,660,2021-12-11,Atestado,1,1,8
4250,660,2020-05-15,Atestado,1,3,24
4251,660,2020-12-27,Atestado,1,1,8
4252,660,2021-03-12,Atestado,1,2,16
4253,660,2019-05-08,Atestado,1,2,16
4254,660,2020-03-20,Atraso,1,0,2
4255,660,2019-12-06,Licença curta,1,3,24
4256,661,2025-06-25,Falta injustificada,0,2,16
4257,661,2025-05-12,Atestado,1,3,24
4258,662,2024-04-24,Atestado,1,2,16
4259,662,2022-06-01,Falta injustificada,0,3,24
4260,662,2020-05-03,Falta injustificada,0,1,8
4261,662,2025-04-21,Licença curta,1,5,40
4262,662,2023-04-03,Atestado,1,2,16
4263,662,2024-05-05,Falta injustificada,0,2,16
4264,662,2022-07-08,Atestado,1,3,24
4265,662,2022-07-30,Atestado,1,3,24
4266,662,2019-11-25,Atestado,1,3,24
4267,662,2021-06-03,Atestado,1,1,8
4268,662,2022-02-19,Atestado,1,3,24
4269,662,2020-08-16,Atestado,1,2,16
4270,662,2025-04-22,Atestado,1,2,16
4271,663,2024-02-06,Licença curta,1,4,32
4272,663,2025-03-12,Falta injustificada,0,1,8
4273,663,2024-06-24,Atestado,1,2,16
4274,663,2025-01-03,Atestado,1,2,16
4275,663,2022-05-08,Licença curta,1,2,16
4276,663,2023-05-27,Falta injustificada,0,2,16
4277,664,2024-01-05,Atestado,1,2,16
4278,664,2023-09-01,Atestado,1,1,8
4279,664,2023-12-08,Atestado,1,3,24
4280,665,2021-04-14,Atestado,1,2,16
4281,665,2023-05-04,Atraso,1,0,2
4282,665,2021-02-24,Atraso,1,0,1
4283,665,2019-04-06,Atraso,1,0,4
4284,665,2021-05-04,Falta injustificada,0,2,16
4285,665,2023-03-11,Atestado,1,3,24
4286,665,2021-04-30,Atraso,1,0,3
4287,665,2019-03-16,Atraso,1,0,1
4288,665,2025-09-19,Atraso,1,0,1
4289,666,2021-05-12,Falta injustificada,0,2,16
4290,666,2020-10-03,Licença curta,1,4,32
4291,666,2021-03-15,Atestado,1,3,24
4292,666,2020-07-12,Falta injustificada,0,3,24
4293,666,2021-04-04,Atestado,1,1,8
4294,667,2025-12-22,Atestado,1,2,16
4295,668,2024-03-17,Atestado,1,2,16
4296,668,2019-05-02,Atestado,1,3,24
4297,668,2021-09-05,Atestado,1,2,16
4298,668,2025-11-08,Falta injustificada,0,1,8
4299,668,2025-04-04,Atraso,1,0,1
4300,668,2019-03-08,Atestado,1,3,24
4301,668,2024-02-14,Atestado,1,3,24
4302,669,2024-07-16,Falta injustificada,0,2,16
4303,669,2021-05-23,Atestado,1,2,16
4304,669,2025-07-24,Atestado,1,1,8
4305,669,2019-11-15,Licença curta,1,4,32
4306,669,2019-10-08,Atraso,1,0,4
4307,669,2021-02-28,Falta injustificada,0,3,24
4308,669,2021-06-05,Falta injustificada,0,1,8
4309,669,2020-05-16,Falta injustificada,0,2,16
4310,669,2020-10-13,Atestado,1,1,8
4311,669,2024-06-01,Atestado,1,3,24
4312,669,2020-02-22,Atestado,1,2,16
4313,670,2019-02-11,Atestado,1,3,24
4314,670,2020-02-15,Atestado,1,1,8
4315,670,2022-03-29,Atestado,1,3,24
4316,670,2022-09-14,Atestado,1,1,8
4317,670,2020-06-07,Falta injustificada,0,3,24
4318,670,2020-05-05,Atestado,1,3,24
4319,670,2019-07-08,Falta injustificada,0,3,24
4320,670,2022-08-13,Atestado,1,2,16
4321,671,2025-03-09,Atraso,1,0,2
4322,671,2022-05-16,Licença curta,1,5,40
4323,671,2024-08-16,Atestado,1,3,24
4324,671,2022-08-20,Atestado,1,1,8
4325,672,2022-04-06,Atestado,1,3,24
4326,672,2021-10-02,Atraso,1,0,1
4327,672,2023-02-02,Licença curta,1,2,16
4328,672,2022-01-12,Licença curta,1,5,40
4329,673,2024-12-12,Falta injustificada,0,2,16
4330,673,2025-09-27,Falta injustificada,0,1,8
4331,673,2025-11-07,Licença curta,1,5,40
4332,673,2025-02-16,Atestado,1,3,24
4333,674,2024-03-08,Licença curta,1,4,32
4334,675,2022-08-11,Atestado,1,3,24
4335,675,2023-06-22,Atestado,1,1,8
4336,675,2023-05-15,Atraso,1,0,1
4337,676,2025-05-27,Falta injustificada,0,3,24
4338,676,2024-05-03,Falta injustificada,0,3,24
4339,676,2025-05-24,Atestado,1,1,8
4340,676,2024-06-03,Atestado,1,1,8
4341,676,2024-08-09,Atestado,1,3,24
4342,676,2024-05-03,Atraso,1,0,1
4343,677,2024-08-17,Atestado,1,2,16
4344,677,2025-10-06,Atestado,1,3,24
4345,677,2024-02-29,Atestado,1,1,8
4346,677,2024-02-19,Atestado,1,1,8
4347,677,2025-11-23,Falta injustificada,0,2,16
4348,677,2025-05-25,Atestado,1,1,8
4349,678,2023-09-27,Licença curta,1,4,32
4350,678,2025-12-15,Licença curta,1,3,24
4351,678,2023-02-05,Falta injustificada,0,2,16
4352,678,2022-08-27,Atestado,1,2,16
4353,678,2023-12-18,Atestado,1,1,8
4354,678,2023-12-02,Falta injustificada,0,1,8
4355,679,2023-08-17,Licença curta,1,4,32
4356,679,2022-10-11,Falta injustificada,0,1,8
4357,679,2025-02-20,Atraso,1,0,1
4358,679,2021-07-06,Atestado,1,2,16
4359,679,2025-05-30,Atestado,1,1,8
4360,679,2021-06-13,Atestado,1,2,16
4361,679,2021-11-29,Atestado,1,3,24
4362,679,2022-12-03,Atraso,1,0,1
4363,679,2021-12-09,Atestado,1,1,8
4364,679,2023-03-16,Atestado,1,2,16
4365,679,2023-09-14,Atestado,1,2,16
4366,679,2022-05-31,Licença curta,1,5,40
4367,679,2025-02-08,Atestado,1,3,24
4368,679,2024-04-23,Atestado,1,1,8
4369,679,2020-08-30,Licença curta,1,5,40
4370,679,2021-04-30,Atraso,1,0,1
4371,680,2025-01-09,Atestado,1,3,24
4372,680,2023-03-11,Atestado,1,3,24
4373,680,2024-06-10,Atestado,1,2,16
4374,680,2025-08-19,Licença curta,1,4,32
4375,680,2023-03-04,Falta injustificada,0,2,16
4376,682,2024-05-19,Atraso,1,0,2
4377,682,2025-11-21,Falta injustificada,0,3,24
4378,682,2023-07-21,Licença curta,1,4,32
4379,682,2020-12-19,Atraso,1,0,3
4380,682,2023-05-04,Licença curta,1,3,24
4381,682,2021-11-27,Atestado,1,1,8
4382,682,2023-01-30,Atestado,1,2,16
4383,682,2020-08-20,Falta injustificada,0,1,8
4384,683,2023-07-20,Atestado,1,3,24
4385,683,2024-03-10,Atraso,1,0,2
4386,683,2021-09-11,Atraso,1,0,2
4387,683,2023-04-26,Atestado,1,1,8
4388,683,2023-04-09,Atestado,1,3,24
4389,683,2022-06-18,Atestado,1,2,16
4390,683,2023-10-24,Licença curta,1,5,40
4391,683,2024-05-05,Atestado,1,3,24
4392,684,2024-09-06,Atestado,1,2,16
4393,684,2024-10-12,Atestado,1,3,24
4394,684,2025-02-19,Licença curta,1,2,16
4395,684,2024-11-09,Atestado,1,2,16
4396,684,2025-04-20,Atestado,1,2,16
4397,685,2023-05-16,Atestado,1,3,24
4398,685,2020-09-19,Atraso,1,0,2
4399,685,2021-09-10,Licença curta,1,4,32
4400,685,2023-01-11,Falta injustificada,0,1,8
4401,685,2024-10-30,Licença curta,1,3,24
4402,685,2019-11-03,Atestado,1,2,16
4403,686,2025-02-01,Falta injustificada,0,3,24
4404,686,2024-11-05,Falta injustificada,0,3,24
4405,686,2024-06-12,Licença curta,1,5,40
4406,686,2022-09-13,Atestado,1,2,16
4407,686,2024-02-26,Atestado,1,3,24
4408,686,2023-10-04,Atestado,1,2,16
4409,686,2024-06-20,Atestado,1,2,16
4410,686,2020-06-02,Atraso,1,0,3
4411,686,2022-08-06,Falta injustificada,0,3,24
4412,687,2024-11-24,Atestado,1,2,16
4413,687,2025-05-06,Atraso,1,0,2
4414,688,2023-03-25,Falta injustificada,0,3,24
4415,688,2023-12-19,Atestado,1,3,24
4416,688,2021-11-17,Falta injustificada,0,1,8
4417,688,2024-08-03,Falta injustificada,0,1,8
4418,688,2023-05-28,Atestado,1,3,24
4419,688,2025-08-18,Atraso,1,0,2
4420,688,2024-08-28,Atestado,1,1,8
4421,689,2024-10-24,Licença curta,1,3,24
4422,689,2022-05-11,Atestado,1,3,24
4423,690,2023-04-29,Falta injustificada,0,1,8
4424,690,2020-08-08,Licença curta,1,4,32
4425,690,2021-03-05,Falta injustificada,0,2,16
4426,690,2024-09-24,Atraso,1,0,3
4427,690,2024-01-11,Atestado,1,1,8
4428,690,2024-10-02,Atestado,1,1,8
4429,690,2021-03-30,Falta injustificada,0,1,8
4430,690,2021-07-08,Atestado,1,2,16
4431,691,2023-01-19,Atestado,1,1,8
4432,691,2022-09-16,Atestado,1,1,8
4433,691,2022-10-05,Falta injustificada,0,2,16
4434,691,2022-06-11,Atestado,1,3,24
4435,691,2022-11-16,Atestado,1,1,8
4436,692,2025-10-03,Atestado,1,2,16
4437,692,2019-08-02,Atestado,1,2,16
4438,692,2021-04-25,Atestado,1,2,16
4439,692,2020-08-25,Atestado,1,2,16
4440,692,2025-09-11,Falta injustificada,0,3,24
4441,692,2023-12-13,Licença curta,1,3,24
4442,692,2024-10-28,Atestado,1,3,24
4443,692,2023-10-01,Atestado,1,2,16
4444,692,2022-04-02,Atestado,1,1,8
4445,692,2023-11-16,Atestado,1,1,8
4446,692,2023-02-05,Atraso,1,0,1
4447,693,2025-11-01,Falta injustificada,0,1,8
4448,693,2023-10-19,Atestado,1,2,16
4449,693,2023-02-22,Atestado,1,3,24
4450,694,2024-05-19,Atestado,1,3,24
4451,694,2024-03-17,Falta injustificada,0,3,24
4452,694,2022-05-27,Atestado,1,2,16
4453,694,2024-09-27,Atestado,1,3,24
4454,694,2025-04-16,Atestado,1,1,8
4455,694,2023-03-31,Atestado,1,3,24
4456,694,2022-12-31,Atestado,1,1,8
4457,694,2024-01-26,Atestado,1,2,16
4458,695,2023-05-07,Atestado,1,3,24
4459,695,2021-06-13,Atestado,1,3,24
4460,695,2024-10-19,Atestado,1,2,16
4461,695,2021-11-15,Atestado,1,3,24
4462,695,2022-09-24,Atestado,1,1,8
4463,695,2024-03-29,Atraso,1,0,1
4464,695,2022-06-29,Atestado,1,1,8
4465,695,2022-08-16,Falta injustificada,0,2,16
4466,695,2023-11-18,Licença curta,1,2,16
4467,695,2023-05-06,Atestado,1,2,16
4468,695,2025-02-08,Atestado,1,1,8
4469,695,2023-10-29,Licença curta,1,3,24
4470,697,2025-04-03,Atestado,1,2,16
4471,697,2025-05-26,Atestado,1,3,24
4472,697,2025-07-13,Atraso,1,0,4
4473,697,2024-11-26,Atestado,1,2,16
4474,697,2025-06-12,Falta injustificada,0,1,8
4475,698,2024-01-09,Falta injustificada,0,2,16
4476,699,2025-09-18,Atraso,1,0,3
4477,699,2024-10-15,Licença curta,1,2,16
4478,700,2025-10-26,Licença curta,1,2,16
4479,700,2025-08-26,Falta injustificada,0,3,24
4480,701,2024-11-27,Atraso,1,0,1
4481,701,2021-05-14,Atestado,1,3,24
4482,701,2025-08-20,Falta injustificada,0,2,16
4483,701,2025-04-21,Atraso,1,0,2
4484,701,2025-04-28,Atestado,1,1,8
4485,701,2021-09-13,Atestado,1,2,16
4486,701,2021-07-09,Falta injustificada,0,3,24
4487,701,2023-08-23,Falta injustificada,0,2,16
4488,701,2024-08-24,Falta injustificada,0,2,16
4489,701,2020-11-11,Atestado,1,2,16
4490,701,2024-06-19,Licença curta,1,5,40
4491,701,2023-03-03,Falta injustificada,0,1,8
4492,701,2022-07-01,Atraso,1,0,1
4493,701,2023-03-08,Atestado,1,2,16
4494,702,2025-02-15,Falta injustificada,0,1,8
4495,702,2024-10-13,Atestado,1,2,16
4496,702,2023-08-24,Atestado,1,2,16
4497,702,2023-04-29,Licença curta,1,4,32
4498,702,2024-01-06,Atestado,1,2,16
4499,702,2019-04-08,Falta injustificada,0,1,8
4500,702,2022-10-08,Atestado,1,3,24
4501,703,2024-10-16,Atestado,1,3,24
4502,703,2023-02-02,Falta injustificada,0,1,8
4503,703,2022-09-06,Atestado,1,2,16
4504,703,2025-12-13,Atestado,1,2,16
4505,703,2023-10-01,Atestado,1,3,24
4506,703,2025-03-11,Atestado,1,2,16
4507,703,2022-11-30,Atestado,1,2,16
4508,703,2024-03-21,Atestado,1,1,8
4509,704,2020-07-01,Licença curta,1,5,40
4510,704,2024-04-19,Atraso,1,0,2
4511,704,2023-04-03,Atraso,1,0,1
4512,704,2019-09-13,Falta injustificada,0,3,24
4513,704,2023-04-12,Atestado,1,2,16
4514,705,2025-06-12,Atraso,1,0,4
4515,705,2024-12-14,Falta injustificada,0,3,24
4516,705,2024-09-20,Atraso,1,0,3
4517,705,2023-03-12,Atestado,1,3,24
4518,705,2024-07-23,Atestado,1,1,8
4519,705,2024-09-14,Atestado,1,2,16
4520,705,2025-05-26,Atestado,1,1,8
4521,706,2023-06-07,Atestado,1,2,16
4522,706,2022-08-06,Falta injustificada,0,3,24
4523,706,2021-02-15,Licença curta,1,2,16
4524,706,2022-12-06,Atestado,1,3,24
4525,706,2021-02-17,Atraso,1,0,1
4526,706,2023-11-28,Falta injustificada,0,3,24
4527,707,2024-06-06,Atestado,1,1,8
4528,707,2023-03-11,Falta injustificada,0,1,8
4529,707,2025-03-17,Atestado,1,1,8
4530,708,2020-06-16,Atestado,1,3,24
4531,708,2020-08-31,Falta injustificada,0,3,24
4532,708,2024-07-30,Falta injustificada,0,2,16
4533,708,2022-02-15,Falta injustificada,0,2,16
4534,708,2024-03-07,Atestado,1,3,24
4535,708,2025-12-19,Atestado,1,1,8
4536,708,2024-11-30,Licença curta,1,5,40
4537,708,2019-07-02,Atestado,1,1,8
4538,708,2022-09-15,Atestado,1,2,16
4539,709,2018-10-10,Atraso,1,0,2
4540,709,2019-12-29,Atestado,1,3,24
4541,709,2025-07-01,Falta injustificada,0,1,8
4542,709,2022-08-18,Licença curta,1,2,16
4543,709,2022-02-18,Atestado,1,3,24
4544,710,2024-07-24,Falta injustificada,0,2,16
4545,710,2025-02-11,Atestado,1,1,8
4546,710,2023-11-25,Atraso,1,0,3
4547,710,2024-04-23,Atestado,1,3,24
4548,710,2023-04-25,Licença curta,1,5,40
4549,710,2023-07-10,Atestado,1,1,8
4550,710,2024-05-01,Atestado,1,2,16
4551,711,2025-11-23,Falta injustificada,0,3,24
4552,711,2022-11-12,Atestado,1,3,24
4553,711,2020-09-05,Atestado,1,2,16
4554,711,2025-06-08,Atestado,1,1,8
4555,711,2025-01-11,Atraso,1,0,3
4556,711,2023-03-19,Falta injustificada,0,3,24
4557,711,2022-03-19,Falta injustificada,0,2,16
4558,711,2025-10-03,Falta injustificada,0,3,24
4559,711,2020-08-23,Atestado,1,3,24
4560,711,2024-08-07,Atestado,1,1,8
4561,712,2025-11-18,Atestado,1,2,16
4562,713,2023-12-08,Atestado,1,1,8
4563,713,2024-09-08,Atestado,1,1,8
4564,713,2022-07-06,Atestado,1,2,16
4565,713,2023-02-18,Atraso,1,0,1
4566,713,2023-12-12,Atestado,1,2,16
4567,714,2023-10-19,Atestado,1,3,24
4568,715,2025-12-23,Falta injustificada,0,3,24
4569,716,2020-10-06,Falta injustificada,0,1,8
4570,717,2021-10-11,Atestado,1,1,8
4571,717,2019-07-02,Falta injustificada,0,3,24
4572,717,2022-12-08,Licença curta,1,3,24
4573,717,2020-01-05,Atestado,1,3,24
4574,717,2022-07-10,Atestado,1,3,24
4575,717,2024-06-17,Atestado,1,3,24
4576,717,2024-01-06,Atestado,1,3,24
4577,717,2025-12-21,Falta injustificada,0,2,16
4578,717,2025-05-14,Atestado,1,2,16
4579,717,2024-08-18,Atestado,1,3,24
4580,717,2019-06-09,Atestado,1,2,16
4581,717,2023-02-12,Atestado,1,2,16
4582,717,2023-03-07,Atestado,1,2,16
4583,717,2020-12-30,Atestado,1,2,16
4584,717,2024-11-21,Atestado,1,1,8
4585,718,2025-10-14,Atestado,1,3,24
4586,718,2025-07-13,Atestado,1,3,24
4587,719,2024-06-12,Atestado,1,2,16
4588,719,2024-08-04,Falta injustificada,0,1,8
4589,719,2020-12-14,Atestado,1,3,24
4590,719,2025-07-12,Atestado,1,3,24
4591,719,2023-12-12,Atraso,1,0,2
4592,719,2021-01-02,Atestado,1,1,8
4593,719,2024-03-19,Atestado,1,2,16
4594,719,2023-05-07,Atestado,1,2,16
4595,719,2025-02-19,Atestado,1,3,24
4596,719,2025-04-25,Atestado,1,1,8
4597,719,2021-10-27,Atestado,1,3,24
4598,719,2021-12-10,Atestado,1,3,24
4599,719,2024-01-07,Falta injustificada,0,3,24
4600,719,2024-11-29,Falta injustificada,0,2,16
4601,720,2018-10-05,Licença curta,1,4,32
4602,720,2024-09-27,Atestado,1,3,24
4603,720,2024-01-02,Atestado,1,1,8
4604,720,2022-09-16,Falta injustificada,0,3,24
4605,720,2019-12-23,Licença curta,1,5,40
4606,720,2025-04-22,Atestado,1,1,8
4607,720,2019-08-03,Atestado,1,2,16
4608,720,2020-12-12,Atestado,1,1,8
4609,720,2019-09-28,Falta injustificada,0,3,24
4610,720,2021-09-29,Atestado,1,1,8
4611,721,2021-11-26,Atestado,1,3,24
4612,721,2023-04-06,Atestado,1,3,24
4613,721,2023-04-21,Atraso,1,0,1
4614,721,2022-12-26,Atraso,1,0,4
4615,721,2025-03-23,Atestado,1,1,8
4616,722,2025-10-14,Atestado,1,3,24
4617,722,2025-09-08,Atestado,1,2,16
4618,723,2025-03-23,Atestado,1,3,24
4619,724,2024-04-20,Falta injustificada,0,3,24
4620,724,2025-12-06,Falta injustificada,0,3,24
4621,725,2022-06-13,Atestado,1,3,24
4622,725,2023-04-14,Atestado,1,1,8
4623,725,2023-06-01,Atestado,1,2,16
4624,725,2024-02-02,Falta injustificada,0,2,16
4625,726,2025-01-20,Atraso,1,0,1
4626,726,2024-03-26,Licença curta,1,3,24
4627,727,2024-02-27,Atestado,1,2,16
4628,727,2023-01-17,Atraso,1,0,2
4629,728,2021-06-18,Atestado,1,2,16
4630,728,2022-10-03,Atestado,1,2,16
4631,728,2022-02-26,Atraso,1,0,4
4632,728,2019-06-11,Atestado,1,3,24
4633,728,2023-07-26,Atraso,1,0,2
4634,728,2019-01-11,Atestado,1,2,16
4635,729,2025-11-06,Falta injustificada,0,3,24
4636,729,2025-08-15,Atestado,1,2,16
4637,730,2023-05-09,Atestado,1,1,8
4638,730,2025-11-20,Atestado,1,1,8
4639,730,2025-09-09,Atraso,1,0,4
4640,730,2021-04-07,Falta injustificada,0,1,8
4641,730,2025-08-03,Atraso,1,0,3
4642,730,2025-09-14,Falta injustificada,0,3,24
4643,730,2019-08-27,Atestado,1,3,24
4644,730,2025-02-24,Atestado,1,3,24
4645,730,2023-05-03,Atestado,1,1,8
4646,731,2023-06-24,Atestado,1,3,24
4647,731,2023-01-21,Atestado,1,1,8
4648,731,2024-11-05,Atestado,1,3,24
4649,731,2024-04-20,Atraso,1,0,1
4650,731,2025-06-29,Atraso,1,0,4
4651,731,2022-03-02,Falta injustificada,0,2,16
4652,731,2021-10-13,Falta injustificada,0,3,24
4653,731,2025-01-10,Licença curta,1,5,40
4654,731,2024-10-01,Atestado,1,3,24
4655,732,2025-04-04,Falta injustificada,0,1,8
4656,732,2025-08-18,Falta injustificada,0,2,16
4657,732,2025-04-28,Atestado,1,1,8
4658,732,2025-08-25,Atestado,1,3,24
4659,732,2025-04-08,Atestado,1,2,16
4660,733,2023-05-23,Licença curta,1,4,32
4661,733,2023-01-04,Atraso,1,0,2
4662,733,2022-10-27,Atestado,1,1,8
4663,733,2025-11-19,Falta injustificada,0,2,16
4664,733,2025-03-22,Atestado,1,1,8
4665,734,2025-11-20,Atestado,1,2,16
4666,734,2021-11-01,Atestado,1,1,8
4667,734,2024-04-18,Falta injustificada,0,3,24
4668,734,2020-05-15,Atestado,1,3,24
4669,734,2022-11-02,Atestado,1,1,8
4670,734,2021-11-13,Falta injustificada,0,2,16
4671,734,2019-11-28,Atestado,1,1,8
4672,734,2019-06-27,Falta injustificada,0,3,24
4673,734,2023-09-06,Licença curta,1,5,40
4674,734,2023-06-12,Atestado,1,1,8
4675,734,2023-10-20,Atestado,1,2,16
4676,734,2025-02-23,Atestado,1,1,8
4677,734,2025-12-06,Atestado,1,3,24
4678,734,2025-02-10,Atestado,1,3,24
4679,734,2019-05-23,Atestado,1,2,16
4680,734,2024-07-07,Atestado,1,3,24
4681,735,2021-07-17,Atraso,1,0,3
4682,735,2022-11-06,Atestado,1,2,16
4683,735,2025-11-07,Atestado,1,3,24
4684,735,2025-07-08,Falta injustificada,0,1,8
4685,735,2023-03-31,Atestado,1,2,16
4686,735,2025-03-23,Atestado,1,3,24
4687,735,2024-09-25,Atraso,1,0,1
4688,735,2024-11-06,Atestado,1,2,16
4689,735,2023-08-11,Atraso,1,0,4
4690,737,2021-04-28,Falta injustificada,0,1,8
4691,737,2021-07-26,Atestado,1,2,16
4692,737,2021-03-08,Falta injustificada,0,3,24
4693,737,2021-10-29,Licença curta,1,4,32
4694,737,2024-07-24,Atestado,1,3,24
4695,737,2023-09-28,Licença curta,1,3,24
4696,737,2022-08-28,Licença curta,1,5,40
4697,737,2022-04-15,Atestado,1,2,16
4698,737,2021-01-07,Atraso,1,0,1
4699,737,2023-08-19,Falta injustificada,0,3,24
4700,737,2020-10-05,Atraso,1,0,1
4701,737,2025-01-25,Falta injustificada,0,3,24
4702,737,2025-06-11,Atraso,1,0,1
4703,738,2023-11-17,Atestado,1,2,16
4704,738,2024-06-04,Atestado,1,2,16
4705,738,2024-12-30,Atestado,1,2,16
4706,738,2025-01-11,Atestado,1,3,24
4707,738,2023-12-14,Licença curta,1,4,32
4708,738,2025-11-02,Falta injustificada,0,1,8
4709,738,2023-04-16,Falta injustificada,0,1,8
4710,739,2024-10-16,Falta injustificada,0,2,16
4711,739,2023-05-27,Licença curta,1,3,24
4712,739,2025-10-18,Atestado,1,2,16
4713,739,2024-11-28,Atestado,1,2,16
4714,739,2025-04-30,Falta injustificada,0,2,16
4715,739,2024-03-10,Atestado,1,3,24
4716,739,2023-10-10,Falta injustificada,0,3,24
4717,740,2023-02-09,Atestado,1,2,16
4718,740,2023-11-12,Atestado,1,3,24
4719,740,2023-01-19,Atestado,1,1,8
4720,740,2022-02-13,Atraso,1,0,2
4721,740,2022-03-22,Atraso,1,0,1
4722,740,2023-01-14,Atestado,1,2,16
4723,740,2022-11-03,Atraso,1,0,1
4724,741,2024-02-16,Atestado,1,1,8
4725,741,2020-09-17,Atestado,1,1,8
4726,741,2023-10-29,Atestado,1,2,16
4727,741,2021-05-21,Falta injustificada,0,3,24
4728,741,2020-08-15,Atestado,1,2,16
4729,741,2022-08-06,Atestado,1,3,24
4730,741,2023-05-29,Falta injustificada,0,3,24
4731,741,2025-06-08,Atestado,1,3,24
4732,741,2022-10-31,Falta injustificada,0,2,16
4733,742,2025-01-24,Atestado,1,1,8
4734,742,2023-07-12,Atestado,1,3,24
4735,742,2022-06-22,Atraso,1,0,2
4736,742,2024-11-21,Licença curta,1,4,32
4737,742,2024-07-13,Falta injustificada,0,2,16
4738,742,2023-09-20,Atestado,1,2,16
4739,743,2022-08-20,Atestado,1,1,8
4740,743,2021-12-11,Falta injustificada,0,2,16
4741,743,2019-12-26,Atestado,1,2,16
4742,743,2021-02-16,Atestado,1,1,8
4743,743,2022-10-01,Atestado,1,1,8
4744,743,2020-12-02,Atestado,1,1,8
4745,743,2020-09-25,Atestado,1,1,8
4746,743,2020-04-04,Atestado,1,1,8
4747,744,2024-07-27,Atestado,1,3,24
4748,744,2025-12-21,Atraso,1,0,2
4749,744,2025-11-01,Atestado,1,1,8
4750,745,2025-02-18,Atestado,1,1,8
4751,745,2023-06-28,Atestado,1,2,16
4752,745,2024-01-24,Licença curta,1,2,16
4753,745,2025-09-03,Atestado,1,3,24
4754,745,2022-10-08,Atraso,1,0,2
4755,745,2025-08-24,Atestado,1,1,8
4756,745,2023-07-12,Falta injustificada,0,3,24
4757,745,2021-09-03,Licença curta,1,5,40
4758,746,2024-08-27,Atestado,1,2,16
4759,746,2025-10-19,Falta injustificada,0,1,8
4760,746,2025-02-19,Falta injustificada,0,3,24
4761,747,2024-08-23,Falta injustificada,0,3,24
4762,747,2024-09-04,Atraso,1,0,2
4763,747,2019-07-16,Atestado,1,1,8
4764,747,2023-08-28,Atestado,1,3,24
4765,747,2024-07-05,Atraso,1,0,1
4766,747,2021-06-05,Falta injustificada,0,1,8
4767,747,2021-07-08,Atestado,1,3,24
4768,747,2020-09-11,Atestado,1,3,24
4769,747,2025-12-11,Atraso,1,0,1
4770,748,2023-06-01,Falta injustificada,0,1,8
4771,748,2024-08-07,Atestado,1,1,8
4772,748,2022-04-08,Falta injustificada,0,3,24
4773,748,2023-07-14,Falta injustificada,0,3,24
4774,748,2023-08-07,Atestado,1,1,8
4775,748,2023-02-09,Falta injustificada,0,3,24
4776,749,2025-03-03,Licença curta,1,3,24
4777,751,2025-08-25,Atraso,1,0,3
4778,751,2025-01-12,Falta injustificada,0,1,8
4779,751,2024-10-06,Atestado,1,1,8
4780,752,2021-10-01,Falta injustificada,0,3,24
4781,752,2025-07-13,Atestado,1,2,16
4782,752,2024-03-21,Atestado,1,1,8
4783,752,2025-01-13,Falta injustificada,0,1,8
4784,752,2022-08-04,Atestado,1,3,24
4785,752,2019-11-01,Atestado,1,1,8
4786,752,2024-05-18,Atraso,1,0,1
4787,752,2020-04-26,Atestado,1,2,16
4788,752,2019-12-13,Atestado,1,2,16
4789,752,2021-03-24,Atestado,1,1,8
4790,752,2025-02-04,Atestado,1,3,24
4791,752,2021-06-04,Atraso,1,0,1
4792,752,2025-09-21,Atraso,1,0,1
4793,752,2024-06-23,Atestado,1,2,16
4794,752,2025-05-25,Falta injustificada,0,1,8
4795,753,2025-08-15,Atestado,1,1,8
4796,753,2025-08-28,Atraso,1,0,1
4797,753,2024-12-17,Atestado,1,3,24
4798,754,2025-06-07,Atestado,1,1,8
4799,754,2023-02-21,Atestado,1,2,16
4800,754,2023-05-09,Atestado,1,2,16
4801,754,2022-04-19,Falta injustificada,0,2,16
4802,754,2025-09-26,Atestado,1,3,24
4803,754,2023-07-02,Atestado,1,3,24
4804,754,2023-09-05,Falta injustificada,0,2,16
4805,754,2023-02-09,Licença curta,1,4,32
4806,755,2021-03-09,Atestado,1,3,24
4807,755,2024-05-23,Atestado,1,3,24
4808,755,2021-07-24,Atestado,1,3,24
4809,755,2023-01-13,Atestado,1,1,8
4810,755,2020-02-22,Atraso,1,0,1
4811,755,2023-07-27,Atestado,1,1,8
4812,755,2021-09-05,Atestado,1,3,24
4813,755,2023-05-18,Licença curta,1,5,40
4814,755,2019-12-06,Falta injustificada,0,1,8
4815,756,2018-10-30,Atestado,1,2,16
4816,756,2025-08-22,Atestado,1,2,16
4817,756,2019-02-26,Falta injustificada,0,2,16
4818,756,2021-12-07,Atestado,1,3,24
4819,756,2025-10-18,Atestado,1,3,24
4820,756,2020-02-22,Falta injustificada,0,1,8
4821,756,2019-04-25,Falta injustificada,0,1,8
4822,756,2020-06-26,Falta injustificada,0,2,16
4823,756,2023-09-21,Atestado,1,2,16
4824,756,2021-09-06,Atraso,1,0,2
4825,756,2024-01-16,Atestado,1,2,16
4826,757,2025-05-08,Atestado,1,3,24
4827,757,2025-08-17,Atestado,1,3,24
4828,758,2022-01-02,Atestado,1,3,24
4829,758,2024-08-05,Atestado,1,1,8
4830,758,2022-08-23,Atraso,1,0,1
4831,758,2021-09-14,Atraso,1,0,1
4832,758,2021-11-26,Atraso,1,0,4
4833,758,2023-01-18,Atestado,1,1,8
4834,758,2021-09-17,Atraso,1,0,2
4835,758,2024-03-31,Atraso,1,0,2
4836,759,2025-12-03,Atestado,1,1,8
4837,760,2025-08-28,Atraso,1,0,3
4838,760,2025-10-16,Atestado,1,2,16
4839,760,2025-11-05,Atestado,1,2,16
4840,761,2025-09-19,Atraso,1,0,4
4841,761,2025-06-02,Atraso,1,0,2
4842,761,2022-11-09,Atestado,1,1,8
4843,761,2022-10-27,Atestado,1,2,16
4844,762,2025-08-10,Atestado,1,2,16
4845,763,2021-04-22,Atestado,1,2,16
4846,763,2023-06-04,Falta injustificada,0,3,24
4847,763,2023-08-26,Atestado,1,3,24
4848,763,2023-03-21,Atestado,1,2,16
4849,763,2023-02-19,Atestado,1,2,16
4850,763,2025-12-31,Atestado,1,2,16
4851,763,2024-05-11,Atraso,1,0,2
4852,763,2019-09-30,Licença curta,1,5,40
4853,763,2020-04-20,Atraso,1,0,1
4854,763,2024-04-07,Atestado,1,2,16
4855,763,2021-04-02,Atestado,1,2,16
4856,763,2022-10-04,Atraso,1,0,1
4857,763,2019-11-25,Atestado,1,3,24
4858,763,2021-12-13,Licença curta,1,3,24
4859,765,2025-06-07,Atraso,1,0,3
4860,766,2020-05-27,Atraso,1,0,2
4861,766,2019-02-11,Licença curta,1,4,32
4862,766,2020-09-23,Atestado,1,2,16
4863,767,2020-08-16,Falta injustificada,0,2,16
4864,767,2022-11-21,Falta injustificada,0,2,16
4865,767,2022-04-27,Atestado,1,3,24
4866,767,2023-08-19,Atestado,1,3,24
4867,767,2021-08-11,Atestado,1,1,8
4868,767,2023-12-15,Atraso,1,0,1
4869,767,2023-04-25,Atestado,1,2,16
4870,767,2025-04-17,Atestado,1,2,16
4871,768,2022-08-14,Atraso,1,0,2
4872,768,2022-06-09,Atestado,1,1,8
4873,769,2025-06-27,Atestado,1,2,16
4874,770,2024-10-24,Falta injustificada,0,3,24
4875,770,2024-09-14,Atestado,1,1,8
4876,770,2023-10-23,Falta injustificada,0,3,24
4877,770,2024-11-23,Atraso,1,0,1
4878,770,2022-03-28,Atraso,1,0,1
4879,770,2022-07-30,Atraso,1,0,1
4880,771,2025-03-01,Atraso,1,0,2
4881,771,2025-01-18,Atestado,1,2,16
4882,771,2022-02-04,Atestado,1,1,8
4883,771,2022-01-28,Licença curta,1,4,32
4884,771,2023-04-24,Atestado,1,3,24
4885,772,2022-06-24,Falta injustificada,0,2,16
4886,772,2022-03-29,Licença curta,1,2,16
4887,773,2024-07-10,Atraso,1,0,4
4888,773,2023-07-30,Atestado,1,3,24
4889,773,2023-05-29,Atestado,1,2,16
4890,773,2025-12-09,Atestado,1,3,24
4891,773,2024-05-11,Atestado,1,1,8
4892,773,2025-08-25,Atestado,1,1,8
4893,773,2024-11-07,Atraso,1,0,1
4894,773,2024-01-15,Atestado,1,3,24
4895,773,2023-10-05,Falta injustificada,0,3,24
4896,774,2025-01-31,Atraso,1,0,2
4897,774,2025-07-29,Atestado,1,1,8
4898,775,2024-02-13,Atestado,1,3,24
4899,775,2025-05-06,Atestado,1,3,24
4900,775,2023-09-28,Atestado,1,3,24
4901,775,2025-04-04,Atraso,1,0,1
4902,775,2023-11-30,Atestado,1,3,24
4903,775,2022-05-27,Atestado,1,1,8
4904,775,2022-08-30,Atestado,1,3,24
4905,776,2023-03-18,Atestado,1,2,16
4906,776,2024-09-09,Atraso,1,0,4
4907,776,2022-02-05,Atraso,1,0,1
4908,776,2021-10-03,Atestado,1,2,16
4909,776,2024-12-10,Atraso,1,0,2
4910,776,2022-03-30,Atestado,1,2,16
4911,776,2023-10-02,Licença curta,1,4,32
4912,776,2021-12-03,Atestado,1,3,24
4913,776,2022-08-05,Atestado,1,2,16
4914,776,2019-12-13,Atestado,1,1,8
4915,776,2021-01-10,Atestado,1,3,24
4916,776,2024-04-18,Atestado,1,2,16
4917,776,2024-02-19,Licença curta,1,5,40
4918,776,2020-03-24,Atestado,1,3,24
4919,776,2020-05-13,Atestado,1,3,24
4920,776,2023-11-17,Atraso,1,0,2
4921,777,2023-03-23,Atestado,1,3,24
4922,777,2025-08-01,Atestado,1,1,8
4923,777,2025-12-16,Atestado,1,2,16
4924,778,2024-12-12,Atestado,1,2,16
4925,778,2022-01-28,Falta injustificada,0,3,24
4926,778,2022-08-26,Atestado,1,3,24
4927,778,2019-08-29,Atestado,1,3,24
4928,778,2019-10-03,Atestado,1,3,24
4929,778,2019-12-10,Licença curta,1,2,16
4930,778,2024-11-14,Atraso,1,0,4
4931,778,2020-09-06,Falta injustificada,0,3,24
4932,778,2019-11-22,Falta injustificada,0,3,24
4933,778,2024-02-28,Falta injustificada,0,3,24
4934,778,2021-01-17,Falta injustificada,0,1,8
4935,780,2024-09-21,Atestado,1,2,16
4936,780,2025-02-10,Licença curta,1,5,40
4937,780,2021-08-06,Atestado,1,3,24
4938,780,2023-08-06,Atestado,1,1,8
4939,780,2021-12-05,Atraso,1,0,2
4940,781,2025-10-18,Atestado,1,3,24
4941,782,2024-04-21,Atestado,1,2,16
4942,783,2025-02-21,Atraso,1,0,1
4943,783,2024-08-10,Atraso,1,0,2
4944,783,2022-04-21,Atraso,1,0,1
4945,783,2024-06-08,Atestado,1,3,24
4946,784,2021-06-30,Falta injustificada,0,1,8
4947,784,2025-03-12,Licença curta,1,5,40
4948,784,2018-05-31,Atestado,1,1,8
4949,784,2020-09-22,Atestado,1,2,16
4950,784,2022-12-28,Falta injustificada,0,1,8
4951,784,2021-02-07,Atestado,1,1,8
4952,785,2025-02-19,Atestado,1,3,24
4953,785,2023-09-10,Atestado,1,3,24
4954,785,2024-06-05,Atestado,1,3,24
4955,785,2025-08-04,Falta injustificada,0,1,8
4956,785,2025-01-30,Licença curta,1,4,32
4957,785,2025-11-14,Falta injustificada,0,3,24
4958,785,2022-09-19,Falta injustificada,0,1,8
4959,786,2025-09-07,Licença curta,1,3,24
4960,787,2022-06-02,Licença curta,1,4,32
4961,787,2022-04-12,Licença curta,1,2,16
4962,787,2021-05-29,Licença curta,1,2,16
4963,787,2025-08-19,Atestado,1,1,8
4964,787,2024-04-16,Atestado,1,2,16
4965,787,2021-08-25,Falta injustificada,0,2,16
4966,787,2023-01-11,Atestado,1,1,8
4967,788,2023-08-19,Atestado,1,1,8
4968,788,2022-05-09,Atestado,1,2,16
4969,788,2022-03-31,Falta injustificada,0,2,16
4970,789,2021-08-19,Licença curta,1,3,24
4971,790,2021-11-27,Atestado,1,2,16
4972,790,2019-10-11,Atestado,1,1,8
4973,790,2024-05-26,Falta injustificada,0,1,8
4974,790,2023-09-05,Atestado,1,1,8
4975,790,2024-06-13,Atraso,1,0,1
4976,790,2021-10-23,Falta injustificada,0,2,16
4977,790,2020-01-09,Atestado,1,2,16
4978,790,2024-05-22,Atestado,1,2,16
4979,790,2021-09-12,Atestado,1,1,8
4980,790,2023-09-27,Atestado,1,3,24
4981,790,2020-11-13,Atestado,1,1,8
4982,790,2021-06-08,Atraso,1,0,2
4983,790,2025-02-25,Falta injustificada,0,3,24
4984,790,2025-04-06,Falta injustificada,0,1,8
4985,790,2021-04-19,Atestado,1,1,8
4986,790,2020-10-26,Atestado,1,2,16
4987,790,2023-06-28,Atestado,1,3,24
4988,790,2023-01-09,Falta injustificada,0,2,16
4989,790,2021-08-12,Atestado,1,1,8
4990,790,2020-06-27,Atestado,1,3,24
4991,790,2023-07-04,Falta injustificada,0,2,16
4992,790,2022-05-02,Licença curta,1,2,16
4993,791,2025-01-07,Atestado,1,1,8
4994,791,2019-12-23,Atraso,1,0,1
4995,791,2024-02-27,Atestado,1,2,16
4996,791,2024-05-20,Atraso,1,0,2
4997,791,2021-01-06,Atestado,1,2,16
4998,791,2023-12-09,Atraso,1,0,2
4999,791,2023-05-16,Falta injustificada,0,1,8
5000,791,2024-10-06,Atestado,1,3,24
5001,792,2025-08-07,Atestado,1,1,8
5002,793,2019-06-26,Atestado,1,3,24
5003,793,2025-10-03,Atraso,1,0,2
5004,793,2022-11-28,Atestado,1,2,16
5005,793,2018-09-18,Atestado,1,2,16
5006,793,2025-10-18,Licença curta,1,4,32
5007,793,2019-01-17,Falta injustificada,0,1,8
5008,793,2021-04-30,Atestado,1,1,8
5009,793,2024-11-13,Atestado,1,1,8
5010,794,2020-09-25,Atestado,1,3,24
5011,794,2021-01-16,Atraso,1,0,2
5012,794,2020-11-14,Falta injustificada,0,3,24
5013,794,2024-07-26,Atestado,1,1,8
5014,794,2019-12-26,Atestado,1,3,24
5015,794,2021-08-26,Licença curta,1,4,32
5016,794,2023-06-20,Licença curta,1,5,40
5017,794,2021-01-24,Licença curta,1,5,40
5018,794,2021-03-26,Licença curta,1,3,24
5019,794,2025-02-11,Atraso,1,0,2
5020,794,2020-12-30,Atraso,1,0,2
5021,794,2021-05-02,Atestado,1,2,16
5022,794,2020-07-11,Atestado,1,1,8
5023,794,2019-08-20,Licença curta,1,5,40
5024,795,2021-12-23,Atestado,1,2,16
5025,795,2023-02-05,Atestado,1,3,24
5026,795,2022-12-05,Atestado,1,2,16
5027,797,2025-07-30,Atestado,1,2,16
5028,798,2019-06-30,Atestado,1,1,8
5029,798,2022-11-23,Atestado,1,1,8
5030,798,2024-06-14,Falta injustificada,0,1,8
5031,799,2020-11-23,Atestado,1,2,16
5032,799,2019-10-19,Atestado,1,3,24
5033,799,2023-07-04,Atestado,1,3,24
5034,799,2025-03-02,Falta injustificada,0,1,8
5035,799,2021-01-18,Atestado,1,1,8
5036,799,2019-06-12,Atestado,1,2,16
5037,799,2021-10-10,Atestado,1,1,8
5038,799,2023-12-26,Licença curta,1,2,16
5039,799,2020-07-15,Atraso,1,0,3
5040,799,2024-08-11,Atestado,1,2,16
5041,799,2023-12-07,Falta injustificada,0,3,24
5042,799,2024-03-19,Atestado,1,1,8
5043,799,2019-04-14,Atestado,1,2,16
5044,799,2024-08-13,Atestado,1,2,16
5045,799,2022-02-27,Falta injustificada,0,1,8
5046,799,2022-11-24,Atestado,1,3,24
5047,800,2023-12-23,Atestado,1,2,16
5048,800,2024-05-22,Atestado,1,3,24
5049,800,2024-12-19,Atestado,1,1,8
5050,801,2025-02-26,Atraso,1,0,2
5051,801,2025-04-28,Atestado,1,3,24
5052,801,2021-12-30,Licença curta,1,3,24
5053,801,2022-04-04,Atraso,1,0,4
5054,801,2025-07-27,Falta injustificada,0,1,8
5055,801,2021-05-25,Atestado,1,1,8
5056,802,2025-03-28,Licença curta,1,2,16
5057,802,2025-06-22,Falta injustificada,0,1,8
5058,802,2025-05-26,Atestado,1,2,16
5059,802,2024-03-07,Atestado,1,3,24
5060,802,2023-09-07,Atestado,1,1,8
5061,802,2024-01-09,Atestado,1,2,16
5062,802,2023-11-28,Falta injustificada,0,3,24
5063,802,2025-03-28,Atestado,1,2,16
5064,802,2024-04-23,Atestado,1,3,24
5065,802,2024-09-07,Atraso,1,0,2
5066,802,2025-04-06,Atraso,1,0,1
5067,802,2025-01-16,Licença curta,1,4,32
5068,803,2020-06-22,Atraso,1,0,3
5069,803,2022-09-04,Atestado,1,2,16
5070,803,2023-03-15,Licença curta,1,3,24
5071,803,2025-06-30,Atestado,1,3,24
5072,803,2019-05-20,Licença curta,1,5,40
5073,803,2019-07-15,Atestado,1,1,8
5074,803,2021-01-15,Atestado,1,1,8
5075,803,2020-08-07,Atestado,1,3,24
5076,803,2019-05-19,Atestado,1,1,8
5077,803,2020-10-24,Atestado,1,2,16
5078,803,2022-08-13,Atestado,1,1,8
5079,804,2025-06-04,Licença curta,1,5,40
5080,804,2024-06-07,Falta injustificada,0,2,16
5081,804,2021-02-11,Licença curta,1,5,40
5082,804,2024-01-29,Atestado,1,1,8
5083,804,2024-02-03,Atestado,1,3,24
5084,804,2021-12-15,Atestado,1,3,24
5085,804,2023-12-10,Atestado,1,1,8
5086,804,2022-02-21,Atraso,1,0,2
5087,804,2024-10-11,Atestado,1,2,16
5088,804,2022-10-16,Falta injustificada,0,1,8
5089,804,2021-11-14,Atestado,1,2,16
5090,804,2024-06-22,Atestado,1,3,24
5091,804,2024-02-16,Falta injustificada,0,3,24
5092,804,2020-02-03,Licença curta,1,4,32
5093,804,2024-10-30,Atraso,1,0,2
5094,804,2021-12-15,Atestado,1,1,8
5095,805,2025-04-03,Atestado,1,2,16
5096,805,2023-04-06,Licença curta,1,2,16
5097,805,2023-12-01,Atraso,1,0,2
5098,806,2019-12-24,Atraso,1,0,4
5099,806,2019-08-16,Atestado,1,1,8
5100,806,2023-09-10,Atestado,1,1,8
5101,806,2019-11-29,Falta injustificada,0,3,24
5102,807,2023-04-04,Atestado,1,2,16
5103,807,2021-08-12,Atraso,1,0,1
5104,807,2023-09-16,Atraso,1,0,1
5105,807,2022-03-26,Atraso,1,0,2
5106,807,2022-02-13,Atestado,1,2,16
5107,807,2022-06-25,Falta injustificada,0,3,24
5108,808,2019-06-11,Atestado,1,3,24
5109,808,2020-07-23,Atestado,1,2,16
5110,808,2024-03-29,Atestado,1,1,8
5111,808,2020-02-07,Licença curta,1,3,24
5112,808,2018-09-13,Falta injustificada,0,1,8
5113,808,2022-06-25,Atestado,1,3,24
5114,808,2025-04-02,Atraso,1,0,2
5115,809,2022-11-10,Atestado,1,3,24
5116,810,2024-10-25,Atestado,1,3,24
5117,810,2022-02-08,Atestado,1,3,24
5118,810,2023-11-16,Licença curta,1,3,24
5119,811,2024-12-08,Atestado,1,3,24
5120,811,2021-12-25,Licença curta,1,4,32
5121,811,2021-12-09,Atestado,1,1,8
5122,811,2024-11-11,Falta injustificada,0,1,8
5123,811,2024-08-10,Licença curta,1,3,24
5124,811,2025-10-10,Atraso,1,0,2
5125,811,2025-04-05,Licença curta,1,3,24
5126,811,2024-01-30,Falta injustificada,0,3,24
5127,811,2023-06-05,Atestado,1,1,8
5128,811,2022-08-11,Atestado,1,1,8
5129,811,2023-04-18,Atestado,1,2,16
5130,811,2023-03-27,Atestado,1,3,24
5131,812,2025-02-02,Atraso,1,0,1
5132,812,2025-05-26,Licença curta,1,5,40
5133,813,2023-05-25,Atestado,1,1,8
5134,813,2023-02-24,Atestado,1,1,8
5135,813,2020-08-16,Atestado,1,2,16
5136,813,2023-04-13,Falta injustificada,0,1,8
5137,813,2020-07-14,Atestado,1,1,8
5138,813,2024-05-21,Licença curta,1,3,24
5139,813,2021-05-25,Licença curta,1,5,40
5140,813,2021-08-01,Atestado,1,1,8
5141,813,2024-03-04,Atestado,1,1,8
5142,813,2024-06-26,Atestado,1,2,16
5143,813,2021-12-15,Atraso,1,0,2
5144,813,2022-07-29,Atestado,1,2,16
5145,813,2020-07-29,Atestado,1,1,8
5146,813,2022-11-19,Atestado,1,1,8
5147,813,2024-04-15,Licença curta,1,2,16
5148,816,2025-07-05,Falta injustificada,0,3,24
5149,816,2025-02-11,Atestado,1,3,24
5150,816,2023-11-25,Atestado,1,1,8
5151,816,2024-09-19,Licença curta,1,3,24
5152,816,2025-05-11,Atestado,1,2,16
5153,816,2025-08-09,Licença curta,1,4,32
5154,817,2020-12-29,Falta injustificada,0,3,24
5155,817,2021-08-04,Atraso,1,0,2
5156,817,2023-11-08,Atraso,1,0,1
5157,817,2022-09-05,Licença curta,1,2,16
5158,817,2025-04-05,Atestado,1,3,24
5159,817,2024-04-15,Atraso,1,0,1
5160,817,2023-07-29,Atraso,1,0,2
5161,817,2022-03-27,Atestado,1,3,24
5162,817,2023-05-23,Licença curta,1,4,32
5163,818,2024-10-24,Atestado,1,3,24
5164,818,2025-09-27,Atestado,1,1,8
5165,818,2024-08-30,Atraso,1,0,1
5166,819,2025-12-24,Licença curta,1,4,32
5167,819,2024-08-17,Falta injustificada,0,1,8
5168,819,2024-12-07,Atestado,1,2,16
5169,819,2024-03-07,Atestado,1,3,24
5170,819,2025-03-04,Falta injustificada,0,2,16
5171,819,2025-07-04,Falta injustificada,0,1,8
5172,819,2025-11-08,Falta injustificada,0,3,24
5173,819,2025-03-25,Falta injustificada,0,2,16
5174,820,2023-02-20,Atestado,1,3,24
5175,820,2022-06-16,Licença curta,1,2,16
5176,820,2025-12-24,Atraso,1,0,1
5177,822,2024-12-14,Falta injustificada,0,3,24
5178,822,2025-09-08,Falta injustificada,0,2,16
5179,822,2023-12-10,Atestado,1,3,24
5180,823,2023-06-22,Atestado,1,3,24
5181,823,2023-02-15,Falta injustificada,0,2,16
5182,824,2024-05-01,Atestado,1,3,24
5183,824,2024-06-19,Atestado,1,2,16
5184,824,2024-12-11,Licença curta,1,4,32
5185,824,2025-12-19,Licença curta,1,4,32
5186,824,2025-05-07,Atraso,1,0,2
5187,824,2024-11-16,Atestado,1,2,16
5188,824,2024-05-28,Licença curta,1,2,16
5189,825,2023-03-21,Atestado,1,3,24
5190,825,2023-06-28,Atraso,1,0,1
5191,826,2022-11-27,Atestado,1,3,24
5192,826,2024-04-26,Licença curta,1,3,24
5193,826,2024-11-09,Atestado,1,2,16
5194,826,2025-04-11,Atestado,1,2,16
5195,826,2022-02-15,Atestado,1,3,24
5196,826,2024-04-12,Atraso,1,0,1
5197,826,2024-09-08,Atestado,1,3,24
5198,826,2024-09-18,Licença curta,1,5,40
5199,826,2024-12-11,Atraso,1,0,1
5200,827,2025-06-07,Atraso,1,0,1
5201,827,2024-09-01,Atestado,1,1,8
5202,827,2025-11-24,Atestado,1,1,8
5203,827,2025-11-01,Atraso,1,0,1
5204,827,2023-01-28,Atestado,1,3,24
5205,827,2023-01-21,Atestado,1,1,8
5206,827,2023-11-11,Atraso,1,0,2
5207,827,2024-07-18,Atraso,1,0,1
5208,828,2022-04-10,Falta injustificada,0,3,24
5209,828,2022-05-28,Atestado,1,2,16
5210,828,2021-03-24,Atraso,1,0,1
5211,828,2019-03-30,Atestado,1,2,16
5212,828,2022-08-25,Atestado,1,2,16
5213,829,2025-06-27,Atraso,1,0,3
5214,829,2020-09-26,Atestado,1,2,16
5215,829,2025-02-28,Falta injustificada,0,3,24
5216,829,2020-08-10,Atestado,1,1,8
5217,829,2022-05-07,Falta injustificada,0,1,8
5218,829,2024-01-04,Atestado,1,1,8
5219,829,2023-08-07,Atraso,1,0,1
5220,830,2025-08-30,Atestado,1,2,16
5221,831,2025-07-21,Falta injustificada,0,1,8
5222,831,2025-05-07,Falta injustificada,0,2,16
5223,831,2025-09-07,Licença curta,1,4,32
5224,832,2025-08-21,Atraso,1,0,4
5225,832,2025-12-17,Atestado,1,3,24
5226,832,2025-08-18,Atestado,1,2,16
5227,834,2019-11-21,Atraso,1,0,1
5228,834,2019-12-20,Atestado,1,2,16
5229,834,2019-04-29,Atestado,1,2,16
5230,834,2020-06-23,Atestado,1,3,24
5231,834,2020-12-21,Atestado,1,2,16
5232,835,2025-02-28,Atestado,1,1,8
5233,835,2022-01-09,Atestado,1,3,24
5234,835,2025-03-04,Atestado,1,3,24
5235,835,2024-06-26,Atestado,1,2,16
5236,835,2025-01-01,Falta injustificada,0,2,16
5237,835,2025-01-27,Atestado,1,2,16
5238,835,2025-03-25,Atestado,1,1,8
5239,835,2025-08-02,Licença curta,1,5,40
5240,836,2023-08-17,Falta injustificada,0,2,16
5241,836,2025-02-05,Falta injustificada,0,3,24
5242,836,2024-05-27,Atestado,1,2,16
5243,836,2024-11-03,Atestado,1,1,8
5244,836,2023-08-20,Atestado,1,3,24
5245,836,2025-05-27,Licença curta,1,4,32
5246,836,2025-11-30,Atestado,1,3,24
5247,837,2023-09-10,Atestado,1,2,16
5248,838,2024-03-09,Atestado,1,2,16
5249,838,2025-10-10,Falta injustificada,0,2,16
5250,838,2024-12-10,Atestado,1,2,16
5251,838,2025-01-29,Atestado,1,1,8
5252,838,2023-12-31,Atestado,1,2,16
5253,839,2023-08-22,Falta injustificada,0,1,8
5254,840,2023-12-01,Atestado,1,3,24
5255,842,2025-08-04,Falta injustificada,0,3,24
5256,843,2023-11-19,Atraso,1,0,1
5257,843,2023-02-22,Falta injustificada,0,3,24
5258,843,2023-10-28,Licença curta,1,3,24
5259,843,2023-06-06,Atestado,1,3,24
5260,843,2022-07-11,Atestado,1,1,8
5261,843,2022-07-29,Falta injustificada,0,1,8
5262,844,2022-09-07,Licença curta,1,5,40
5263,845,2025-12-13,Atestado,1,2,16
5264,846,2022-05-03,Atestado,1,3,24
5265,846,2023-06-05,Falta injustificada,0,3,24
5266,846,2023-07-03,Falta injustificada,0,2,16
5267,846,2022-04-07,Falta injustificada,0,2,16
5268,846,2022-02-06,Atestado,1,3,24
5269,846,2025-12-30,Atraso,1,0,4
5270,846,2023-03-02,Atestado,1,3,24
5271,846,2024-09-18,Falta injustificada,0,1,8
5272,846,2023-05-03,Licença curta,1,3,24
5273,846,2024-01-01,Falta injustificada,0,1,8
5274,846,2022-11-24,Falta injustificada,0,3,24
5275,846,2022-05-22,Atestado,1,3,24
5276,846,2023-01-20,Atestado,1,1,8
5277,846,2024-04-16,Falta injustificada,0,1,8
5278,847,2025-12-21,Atestado,1,1,8
5279,847,2025-05-05,Atestado,1,1,8
5280,848,2025-11-27,Falta injustificada,0,3,24
5281,849,2021-09-18,Atestado,1,1,8
5282,849,2019-06-07,Atraso,1,0,2
5283,849,2022-08-15,Licença curta,1,3,24
5284,849,2019-07-12,Falta injustificada,0,3,24
5285,849,2024-09-17,Atestado,1,2,16
5286,849,2023-12-10,Atestado,1,3,24
5287,849,2025-06-22,Licença curta,1,3,24
5288,849,2023-12-01,Falta injustificada,0,1,8
5289,849,2025-02-09,Atestado,1,3,24
5290,849,2023-10-10,Falta injustificada,0,3,24
5291,849,2025-09-30,Atestado,1,2,16
5292,849,2022-03-24,Atestado,1,3,24
5293,851,2024-10-11,Atestado,1,2,16
5294,852,2024-06-19,Atestado,1,2,16
5295,852,2023-09-20,Atestado,1,1,8
5296,852,2023-03-22,Atestado,1,3,24
5297,852,2023-08-20,Licença curta,1,2,16
5298,852,2021-02-19,Atestado,1,2,16
5299,852,2022-05-26,Atestado,1,3,24
5300,852,2021-01-27,Atestado,1,1,8
5301,852,2025-04-27,Falta injustificada,0,3,24
5302,852,2024-12-18,Atraso,1,0,1
5303,852,2025-08-19,Atraso,1,0,3
5304,852,2023-02-23,Falta injustificada,0,1,8
5305,853,2022-05-12,Falta injustificada,0,3,24
5306,853,2023-09-17,Atraso,1,0,2
5307,853,2022-04-26,Atestado,1,2,16
5308,853,2022-10-28,Atestado,1,3,24
5309,853,2020-05-26,Falta injustificada,0,2,16
5310,853,2024-09-18,Falta injustificada,0,2,16
5311,853,2024-09-11,Atestado,1,1,8
5312,854,2020-08-13,Atraso,1,0,2
5313,854,2018-12-11,Atestado,1,3,24
5314,854,2023-09-22,Falta injustificada,0,3,24
5315,854,2025-12-27,Licença curta,1,2,16
5316,854,2022-08-05,Licença curta,1,5,40
5317,854,2020-05-09,Atraso,1,0,1
5318,854,2019-05-31,Atraso,1,0,3
5319,854,2022-09-02,Falta injustificada,0,1,8
5320,854,2021-10-16,Atestado,1,3,24
5321,854,2021-07-10,Licença curta,1,2,16
5322,854,2025-05-26,Atestado,1,2,16
5323,854,2023-07-12,Atestado,1,3,24
5324,854,2020-03-11,Atestado,1,2,16
5325,854,2021-02-09,Falta injustificada,0,3,24
5326,854,2023-10-07,Atestado,1,2,16
5327,854,2024-09-25,Atestado,1,3,24
5328,854,2022-02-10,Falta injustificada,0,2,16
5329,855,2023-04-30,Atestado,1,3,24
5330,855,2024-11-14,Atestado,1,2,16
5331,855,2022-10-31,Atraso,1,0,1
5332,855,2025-01-18,Atestado,1,3,24
5333,856,2023-10-21,Licença curta,1,4,32
5334,856,2025-05-08,Licença curta,1,2,16
5335,856,2025-12-16,Atestado,1,3,24
5336,856,2020-10-23,Atestado,1,3,24
5337,856,2024-09-29,Atestado,1,2,16
5338,856,2023-10-23,Atraso,1,0,1
5339,856,2021-03-09,Atestado,1,1,8
5340,856,2023-12-16,Atestado,1,1,8
5341,856,2023-06-26,Atestado,1,2,16
5342,856,2024-08-10,Atestado,1,1,8
5343,856,2024-08-15,Atestado,1,1,8
5344,857,2021-12-03,Licença curta,1,3,24
5345,857,2023-07-27,Atraso,1,0,1
5346,857,2021-09-25,Falta injustificada,0,1,8
5347,857,2023-01-17,Atestado,1,2,16
5348,858,2019-12-11,Atestado,1,2,16
5349,858,2019-08-08,Falta injustificada,0,1,8
5350,858,2023-02-16,Falta injustificada,0,3,24
5351,858,2022-12-12,Falta injustificada,0,2,16
5352,858,2022-11-17,Atestado,1,3,24
5353,858,2023-12-04,Atestado,1,1,8
5354,858,2022-06-15,Falta injustificada,0,1,8
5355,858,2019-09-05,Atestado,1,2,16
5356,858,2022-08-02,Atestado,1,1,8
5357,858,2023-06-06,Atestado,1,2,16
5358,858,2024-03-16,Falta injustificada,0,1,8
5359,859,2024-01-01,Licença curta,1,4,32
5360,859,2025-03-21,Atestado,1,1,8
5361,859,2024-03-28,Atestado,1,2,16
5362,859,2023-06-05,Atestado,1,2,16
5363,859,2025-07-02,Atraso,1,0,1
5364,859,2023-06-30,Atestado,1,3,24
5365,859,2024-05-30,Atestado,1,1,8
5366,860,2024-10-08,Atestado,1,3,24
5367,861,2020-10-31,Atraso,1,0,1
5368,861,2024-05-09,Atestado,1,1,8
5369,861,2022-01-22,Licença curta,1,2,16
5370,861,2020-04-23,Atraso,1,0,2
5371,861,2020-03-22,Atraso,1,0,4
5372,861,2023-11-01,Falta injustificada,0,2,16
5373,861,2023-08-09,Falta injustificada,0,1,8
5374,861,2024-05-16,Atraso,1,0,1
5375,861,2020-12-12,Atestado,1,1,8
5376,861,2022-04-14,Atraso,1,0,1
5377,861,2025-10-03,Atestado,1,1,8
5378,861,2022-08-14,Atestado,1,2,16
5379,861,2021-04-04,Atestado,1,3,24
5380,861,2021-11-26,Licença curta,1,4,32
5381,861,2022-02-25,Falta injustificada,0,2,16
5382,861,2022-02-28,Atestado,1,3,24
5383,862,2021-08-13,Falta injustificada,0,2,16
5384,862,2020-04-15,Falta injustificada,0,3,24
5385,862,2020-05-19,Atestado,1,3,24
5386,862,2021-04-18,Atestado,1,2,16
5387,862,2023-03-20,Atestado,1,1,8
5388,862,2023-11-11,Atestado,1,3,24
5389,862,2021-12-20,Falta injustificada,0,3,24
5390,862,2025-10-05,Falta injustificada,0,1,8
5391,863,2021-09-09,Falta injustificada,0,2,16
5392,863,2022-03-19,Licença curta,1,3,24
5393,863,2024-07-26,Atestado,1,2,16
5394,863,2023-09-06,Atestado,1,3,24
5395,863,2024-03-15,Atestado,1,2,16
5396,863,2025-07-11,Falta injustificada,0,2,16
5397,863,2021-10-13,Atestado,1,3,24
5398,864,2023-12-20,Atestado,1,1,8
5399,864,2022-10-03,Atestado,1,1,8
5400,864,2022-11-28,Atestado,1,1,8
5401,864,2022-03-15,Atestado,1,2,16
5402,864,2021-11-30,Atestado,1,2,16
5403,864,2021-02-03,Atraso,1,0,2
5404,864,2022-11-13,Atestado,1,1,8
5405,864,2023-07-21,Atestado,1,3,24
5406,864,2024-10-29,Atraso,1,0,1
5407,864,2024-03-04,Atestado,1,1,8
5408,865,2025-07-21,Atestado,1,1,8
5409,865,2023-04-26,Falta injustificada,0,3,24
5410,865,2025-09-08,Falta injustificada,0,3,24
5411,865,2024-02-22,Licença curta,1,3,24
5412,865,2022-11-22,Atestado,1,2,16
5413,865,2021-03-29,Atraso,1,0,1
5414,865,2024-09-29,Falta injustificada,0,1,8
5415,865,2023-01-03,Falta injustificada,0,3,24
5416,865,2024-07-03,Atestado,1,2,16
5417,865,2024-08-08,Atraso,1,0,1
5418,865,2023-12-14,Atestado,1,1,8
5419,865,2025-03-22,Atestado,1,1,8
5420,865,2025-03-26,Falta injustificada,0,1,8
5421,867,2023-10-26,Atraso,1,0,2
5422,867,2025-02-28,Atestado,1,2,16
5423,867,2025-06-07,Falta injustificada,0,2,16
5424,867,2023-09-24,Atestado,1,2,16
5425,867,2023-08-17,Atestado,1,3,24
5426,868,2020-09-05,Atestado,1,3,24
5427,868,2020-07-12,Atestado,1,1,8
5428,868,2021-01-23,Licença curta,1,4,32
5429,868,2022-01-03,Atestado,1,3,24
5430,868,2023-07-31,Atestado,1,3,24
5431,868,2020-08-07,Atraso,1,0,1
5432,868,2020-05-17,Atestado,1,1,8
5433,868,2023-06-17,Falta injustificada,0,2,16
5434,868,2022-03-05,Atestado,1,2,16
5435,868,2020-08-25,Atraso,1,0,1
5436,869,2023-04-10,Atestado,1,3,24
5437,870,2022-05-23,Atraso,1,0,1
5438,870,2024-07-19,Atestado,1,3,24
5439,870,2020-11-22,Atestado,1,1,8
5440,870,2021-07-01,Atestado,1,2,16
5441,870,2022-06-22,Falta injustificada,0,1,8
5442,870,2023-12-25,Atestado,1,1,8
5443,871,2025-12-07,Atraso,1,0,1
5444,871,2025-03-21,Atraso,1,0,2
5445,871,2025-08-17,Atestado,1,1,8
5446,872,2025-01-30,Falta injustificada,0,3,24
5447,872,2025-04-26,Atestado,1,1,8
5448,872,2022-02-18,Licença curta,1,5,40
5449,872,2023-01-13,Atestado,1,3,24
5450,872,2022-07-14,Atestado,1,2,16
5451,872,2021-11-27,Falta injustificada,0,1,8
5452,872,2023-09-26,Atestado,1,1,8
5453,872,2024-01-25,Atestado,1,1,8
5454,872,2023-12-19,Atestado,1,2,16
5455,873,2018-12-13,Atestado,1,1,8
5456,873,2020-01-14,Atestado,1,3,24
5457,873,2021-03-17,Atestado,1,3,24
5458,873,2025-12-11,Atestado,1,2,16
5459,873,2023-03-10,Atestado,1,3,24
5460,873,2024-11-04,Atestado,1,3,24
5461,873,2025-06-20,Atestado,1,2,16
5462,873,2020-09-29,Falta injustificada,0,3,24
5463,873,2021-07-03,Atraso,1,0,4
5464,873,2023-01-14,Falta injustificada,0,3,24
5465,873,2018-07-24,Atestado,1,2,16
5466,874,2025-06-29,Licença curta,1,5,40
5467,874,2022-12-28,Atestado,1,2,16
5468,874,2025-08-07,Atestado,1,1,8
5469,874,2025-06-15,Atraso,1,0,1
5470,874,2025-03-30,Atraso,1,0,1
5471,874,2023-08-12,Atraso,1,0,2
5472,874,2022-04-19,Falta injustificada,0,3,24
5473,874,2020-12-07,Atestado,1,3,24
5474,874,2024-10-04,Atestado,1,2,16
5475,874,2021-02-09,Atraso,1,0,1
5476,875,2025-09-30,Atestado,1,2,16
5477,875,2024-02-27,Atestado,1,3,24
5478,876,2025-05-23,Licença curta,1,3,24
5479,876,2023-08-28,Atestado,1,3,24
5480,878,2019-05-14,Falta injustificada,0,1,8
5481,878,2019-11-12,Atraso,1,0,1
5482,878,2023-07-25,Atraso,1,0,1
5483,878,2018-10-30,Atestado,1,1,8
5484,878,2024-02-08,Atestado,1,2,16
5485,878,2019-12-17,Licença curta,1,4,32
5486,878,2025-09-19,Atestado,1,3,24
5487,878,2025-11-16,Atraso,1,0,2
5488,878,2022-07-20,Atestado,1,2,16
5489,878,2024-02-05,Atestado,1,2,16
5490,878,2021-04-11,Atraso,1,0,2
5491,878,2024-06-23,Atestado,1,2,16
5492,878,2019-04-20,Atraso,1,0,1
5493,878,2019-06-04,Licença curta,1,5,40
5494,878,2020-05-07,Atraso,1,0,2
5495,878,2019-01-20,Atraso,1,0,2
5496,878,2024-04-21,Falta injustificada,0,2,16
5497,878,2020-05-02,Falta injustificada,0,1,8
5498,879,2024-03-17,Atestado,1,1,8
5499,879,2024-01-27,Atestado,1,2,16
5500,880,2020-05-02,Atestado,1,1,8
5501,880,2021-01-02,Falta injustificada,0,1,8
5502,880,2021-11-24,Falta injustificada,0,1,8
5503,880,2020-03-11,Atestado,1,3,24
5504,880,2020-02-07,Atestado,1,1,8
5505,880,2022-03-02,Atraso,1,0,1
5506,880,2023-03-05,Atestado,1,2,16
5507,881,2023-09-26,Licença curta,1,3,24
5508,881,2023-10-12,Falta injustificada,0,3,24
5509,881,2019-04-14,Atestado,1,3,24
5510,881,2024-06-20,Atestado,1,1,8
5511,881,2021-03-07,Falta injustificada,0,3,24
5512,881,2022-05-22,Atestado,1,1,8
5513,881,2025-03-14,Licença curta,1,2,16
5514,881,2020-07-14,Falta injustificada,0,2,16
5515,881,2021-08-20,Atestado,1,1,8
5516,881,2022-10-01,Falta injustificada,0,2,16
5517,881,2021-01-26,Atestado,1,3,24
5518,881,2019-06-16,Atestado,1,2,16
5519,881,2023-01-31,Falta injustificada,0,1,8
5520,881,2022-02-04,Falta injustificada,0,3,24
5521,881,2019-07-15,Falta injustificada,0,1,8
5522,881,2020-11-19,Atestado,1,3,24
5523,881,2021-01-01,Falta injustificada,0,2,16
5524,882,2023-09-17,Atestado,1,1,8
5525,882,2023-09-24,Atraso,1,0,2
5526,882,2019-07-27,Atraso,1,0,1
5527,882,2021-07-18,Atestado,1,3,24
5528,882,2024-09-18,Falta injustificada,0,2,16
5529,882,2025-01-12,Licença curta,1,3,24
5530,882,2020-05-25,Atestado,1,3,24
5531,882,2022-05-08,Atraso,1,0,3
5532,882,2019-06-05,Atestado,1,1,8
5533,882,2019-07-09,Atestado,1,2,16
5534,882,2024-08-06,Atestado,1,3,24
5535,882,2018-12-26,Atestado,1,3,24
5536,883,2024-01-04,Atestado,1,3,24
5537,884,2022-12-07,Falta injustificada,0,2,16
5538,884,2019-10-04,Atestado,1,1,8
5539,884,2020-06-28,Atraso,1,0,3
5540,884,2021-12-12,Atestado,1,1,8
5541,884,2023-08-08,Licença curta,1,2,16
5542,884,2025-08-20,Atraso,1,0,2
5543,884,2019-12-25,Falta injustificada,0,2,16
5544,884,2025-09-07,Atestado,1,1,8
5545,884,2021-11-04,Atestado,1,3,24
5546,884,2019-09-21,Atestado,1,3,24
5547,884,2025-06-11,Atestado,1,1,8
5548,884,2019-07-20,Atestado,1,3,24
5549,884,2024-09-01,Atraso,1,0,1
5550,884,2025-09-25,Licença curta,1,5,40
5551,884,2022-06-29,Falta injustificada,0,3,24
5552,884,2023-08-31,Atestado,1,2,16
5553,884,2021-12-28,Atestado,1,3,24
5554,884,2024-10-29,Atestado,1,3,24
5555,884,2022-02-17,Licença curta,1,4,32
5556,885,2025-11-03,Licença curta,1,5,40
5557,886,2024-01-25,Falta injustificada,0,2,16
5558,887,2024-12-26,Licença curta,1,4,32
5559,887,2021-06-24,Atraso,1,0,1
5560,887,2020-08-03,Atestado,1,2,16
5561,887,2020-12-04,Atestado,1,2,16
5562,887,2021-11-08,Atraso,1,0,1
5563,888,2025-07-10,Atestado,1,2,16
5564,888,2025-12-05,Atestado,1,1,8
5565,888,2025-09-17,Falta injustificada,0,2,16
5566,889,2019-12-07,Atestado,1,1,8
5567,889,2020-10-25,Atraso,1,0,1
5568,889,2020-09-05,Falta injustificada,0,3,24
5569,889,2021-01-17,Atraso,1,0,2
5570,891,2021-12-04,Atestado,1,2,16
5571,891,2020-10-13,Licença curta,1,4,32
5572,891,2021-09-18,Falta injustificada,0,2,16
5573,891,2024-02-07,Atestado,1,2,16
5574,891,2024-07-18,Licença curta,1,5,40
5575,891,2024-05-11,Falta injustificada,0,2,16
5576,891,2024-07-30,Atestado,1,2,16
5577,891,2023-03-03,Atestado,1,2,16
5578,891,2023-11-08,Atestado,1,1,8
5579,891,2025-04-28,Licença curta,1,3,24
5580,892,2024-09-17,Atraso,1,0,1
5581,892,2024-08-19,Licença curta,1,3,24
5582,893,2022-12-12,Atraso,1,0,1
5583,893,2023-11-23,Atestado,1,2,16
5584,893,2024-12-05,Atestado,1,2,16
5585,893,2023-12-16,Atestado,1,3,24
5586,893,2023-07-30,Atestado,1,1,8
5587,893,2024-01-22,Atestado,1,1,8
5588,893,2024-06-29,Atestado,1,1,8
5589,893,2024-11-24,Atestado,1,3,24
5590,893,2024-05-23,Atraso,1,0,1
5591,893,2023-07-17,Atestado,1,3,24
5592,893,2024-03-02,Falta injustificada,0,1,8
5593,894,2022-04-19,Falta injustificada,0,1,8
5594,894,2023-11-07,Atestado,1,3,24
5595,894,2021-10-26,Atestado,1,3,24
5596,894,2024-05-16,Atestado,1,3,24
5597,894,2024-11-26,Atestado,1,1,8
5598,894,2025-01-11,Atestado,1,1,8
5599,894,2022-05-18,Falta injustificada,0,2,16
5600,894,2021-12-29,Atestado,1,2,16
5601,894,2021-10-23,Licença curta,1,5,40
5602,894,2022-04-13,Atestado,1,1,8
5603,894,2024-09-03,Atestado,1,2,16
5604,894,2025-04-26,Atestado,1,1,8
5605,895,2020-09-30,Falta injustificada,0,2,16
5606,895,2022-10-31,Atraso,1,0,1
5607,895,2025-03-27,Atestado,1,3,24
5608,895,2019-09-06,Atestado,1,3,24
5609,895,2020-05-16,Atraso,1,0,3
5610,895,2020-01-07,Atestado,1,1,8
5611,895,2019-07-11,Atestado,1,1,8
5612,895,2019-11-17,Licença curta,1,4,32
5613,895,2020-04-17,Atestado,1,2,16
5614,895,2023-04-15,Atestado,1,1,8
5615,895,2020-12-21,Atestado,1,1,8
5616,895,2022-09-25,Falta injustificada,0,1,8
5617,895,2023-05-10,Licença curta,1,4,32
5618,896,2025-02-24,Atestado,1,2,16
5619,896,2023-12-08,Licença curta,1,4,32
5620,896,2020-07-28,Atestado,1,2,16
5621,896,2022-01-04,Atestado,1,1,8
5622,896,2024-11-28,Atestado,1,1,8
5623,896,2020-04-24,Atestado,1,1,8
5624,896,2023-04-07,Licença curta,1,2,16
5625,896,2024-07-30,Licença curta,1,5,40
5626,897,2021-06-25,Atestado,1,3,24
5627,897,2022-01-12,Falta injustificada,0,3,24
5628,897,2021-12-01,Atestado,1,3,24
5629,898,2023-04-15,Licença curta,1,3,24
5630,898,2022-05-07,Falta injustificada,0,3,24
5631,898,2022-07-14,Atestado,1,2,16
5632,898,2022-04-03,Falta injustificada,0,1,8
5633,898,2022-06-21,Atestado,1,2,16
5634,898,2024-05-12,Atestado,1,2,16
5635,899,2023-11-14,Atestado,1,1,8
5636,899,2025-07-01,Atestado,1,1,8
5637,899,2024-06-25,Atestado,1,3,24
5638,900,2023-09-18,Falta injustificada,0,2,16
5639,900,2024-12-16,Falta injustificada,0,3,24
5640,900,2022-09-13,Atestado,1,2,16
5641,901,2024-05-30,Atraso,1,0,1
5642,901,2025-09-25,Atestado,1,3,24
5643,901,2025-12-11,Atestado,1,2,16
5644,902,2023-06-01,Falta injustificada,0,1,8
5645,902,2023-08-02,Falta injustificada,0,1,8
5646,902,2022-07-03,Atestado,1,1,8
5647,902,2025-01-04,Atestado,1,2,16
5648,902,2025-04-23,Atestado,1,2,16
5649,902,2022-05-08,Atestado,1,1,8
5650,902,2025-12-11,Licença curta,1,3,24
5651,902,2025-01-24,Atraso,1,0,4
5652,902,2023-04-23,Falta injustificada,0,2,16
5653,903,2024-01-10,Atraso,1,0,2
5654,903,2022-04-07,Atestado,1,2,16
5655,903,2023-09-21,Atraso,1,0,3
5656,904,2025-10-08,Atestado,1,1,8
5657,904,2025-05-03,Falta injustificada,0,1,8
5658,904,2025-01-15,Atestado,1,2,16
5659,904,2024-01-27,Falta injustificada,0,3,24
5660,905,2023-02-10,Falta injustificada,0,3,24
5661,905,2020-03-26,Falta injustificada,0,2,16
5662,905,2023-07-17,Atestado,1,1,8
5663,905,2020-07-21,Licença curta,1,3,24
5664,906,2020-07-20,Atestado,1,2,16
5665,906,2019-12-09,Atestado,1,2,16
5666,906,2020-03-05,Falta injustificada,0,2,16
5667,907,2018-08-30,Atestado,1,2,16
5668,907,2025-07-28,Atestado,1,2,16
5669,907,2025-08-08,Atestado,1,1,8
5670,907,2021-12-10,Falta injustificada,0,3,24
5671,907,2018-07-24,Atraso,1,0,4
5672,907,2019-09-04,Atestado,1,3,24
5673,907,2018-04-30,Atestado,1,3,24
5674,907,2024-08-22,Falta injustificada,0,1,8
5675,907,2021-08-08,Licença curta,1,5,40
5676,907,2020-06-12,Falta injustificada,0,2,16
5677,907,2022-06-21,Atestado,1,2,16
5678,907,2018-08-12,Atestado,1,3,24
5679,907,2025-09-29,Falta injustificada,0,2,16
5680,907,2022-06-01,Falta injustificada,0,2,16
5681,907,2022-04-28,Atraso,1,0,1
5682,907,2023-12-16,Licença curta,1,5,40
5683,907,2022-10-10,Atestado,1,3,24
5684,907,2022-01-17,Licença curta,1,3,24
5685,907,2022-02-03,Atraso,1,0,2
5686,908,2024-01-04,Atestado,1,3,24
5687,908,2023-08-17,Atestado,1,2,16
5688,909,2024-11-03,Atestado,1,2,16
5689,909,2024-04-14,Atestado,1,2,16
5690,909,2025-12-07,Atraso,1,0,2
5691,909,2024-04-15,Atestado,1,3,24
5692,909,2024-12-11,Atraso,1,0,1
5693,909,2025-06-24,Falta injustificada,0,1,8
5694,910,2022-07-13,Falta injustificada,0,1,8
5695,910,2023-01-01,Atestado,1,1,8
5696,910,2022-10-26,Atestado,1,1,8
5697,910,2024-06-29,Licença curta,1,2,16
5698,910,2023-04-07,Atestado,1,3,24
5699,910,2023-09-24,Atestado,1,1,8
5700,910,2022-10-28,Falta injustificada,0,1,8
5701,910,2022-06-23,Atraso,1,0,1
5702,911,2025-04-11,Atestado,1,2,16
5703,911,2025-08-26,Atestado,1,3,24
5704,912,2023-10-30,Atraso,1,0,1
5705,912,2024-01-25,Falta injustificada,0,3,24
5706,912,2025-05-21,Atestado,1,2,16
5707,913,2025-07-14,Atestado,1,2,16
5708,913,2025-12-19,Licença curta,1,2,16
5709,913,2025-06-25,Falta injustificada,0,1,8
5710,913,2023-12-03,Falta injustificada,0,3,24
5711,913,2024-02-26,Licença curta,1,3,24
5712,913,2025-11-08,Atestado,1,1,8
5713,913,2024-04-14,Atestado,1,1,8
5714,913,2025-10-11,Atestado,1,1,8
5715,914,2024-05-09,Atraso,1,0,4
5716,914,2025-07-23,Falta injustificada,0,3,24
5717,914,2024-12-30,Atestado,1,1,8
5718,915,2019-01-05,Atestado,1,3,24
5719,915,2019-05-06,Licença curta,1,5,40
5720,915,2022-01-17,Atestado,1,3,24
5721,915,2024-05-22,Atestado,1,1,8
5722,915,2023-10-16,Atestado,1,1,8
5723,915,2024-01-03,Falta injustificada,0,3,24
5724,915,2020-07-16,Falta injustificada,0,2,16
5725,915,2021-09-06,Atestado,1,3,24
5726,915,2025-02-02,Licença curta,1,2,16
5727,915,2023-06-01,Licença curta,1,3,24
5728,915,2024-02-23,Atestado,1,1,8
5729,915,2019-05-06,Atestado,1,1,8
5730,915,2020-09-01,Falta injustificada,0,2,16
5731,915,2020-01-25,Falta injustificada,0,3,24
5732,915,2024-11-26,Atestado,1,1,8
5733,916,2022-06-28,Falta injustificada,0,3,24
5734,916,2022-05-10,Falta injustificada,0,1,8
5735,916,2022-09-01,Atraso,1,0,1
5736,917,2023-11-08,Licença curta,1,3,24
5737,917,2022-12-17,Falta injustificada,0,2,16
5738,917,2025-08-12,Atraso,1,0,4
5739,917,2025-05-16,Falta injustificada,0,2,16
5740,917,2025-06-03,Falta injustificada,0,2,16
5741,917,2024-11-21,Atestado,1,3,24
5742,919,2022-09-01,Atraso,1,0,4
5743,919,2022-04-16,Atestado,1,2,16
5744,919,2022-06-22,Falta injustificada,0,2,16
5745,919,2025-03-11,Falta injustificada,0,1,8
5746,919,2024-01-16,Licença curta,1,2,16
5747,919,2024-09-27,Licença curta,1,4,32
5748,919,2022-08-24,Falta injustificada,0,1,8
5749,919,2021-06-06,Atestado,1,1,8
5750,919,2021-06-02,Atestado,1,2,16
5751,919,2022-12-30,Atestado,1,3,24
5752,919,2021-05-28,Falta injustificada,0,3,24
5753,919,2025-04-21,Falta injustificada,0,2,16
5754,920,2022-09-02,Atestado,1,3,24
5755,920,2024-09-21,Atraso,1,0,1
5756,920,2022-04-16,Atraso,1,0,1
5757,920,2022-09-19,Atestado,1,2,16
5758,920,2025-07-09,Licença curta,1,4,32
5759,921,2024-09-25,Atestado,1,3,24
5760,921,2024-03-20,Licença curta,1,2,16
5761,921,2024-01-05,Atestado,1,2,16
5762,921,2024-11-24,Falta injustificada,0,2,16
5763,921,2023-05-08,Atestado,1,2,16
5764,921,2024-12-25,Atestado,1,2,16
5765,921,2022-11-24,Atestado,1,2,16
5766,921,2022-07-03,Falta injustificada,0,2,16
5767,921,2022-07-30,Falta injustificada,0,3,24
5768,921,2024-12-30,Atestado,1,1,8
5769,921,2022-02-06,Atraso,1,0,3
5770,921,2024-02-11,Licença curta,1,3,24
5771,922,2022-02-09,Atestado,1,3,24
5772,922,2023-11-06,Atraso,1,0,1
5773,922,2024-03-02,Atestado,1,2,16
5774,923,2024-09-25,Falta injustificada,0,2,16
5775,923,2024-01-30,Atestado,1,2,16
5776,923,2024-10-07,Licença curta,1,5,40
5777,923,2021-04-09,Atestado,1,1,8
5778,923,2023-11-19,Atestado,1,2,16
5779,923,2019-11-01,Atestado,1,1,8
5780,923,2023-02-10,Atraso,1,0,1
5781,924,2025-10-01,Falta injustificada,0,3,24
5782,924,2025-06-04,Falta injustificada,0,2,16
5783,925,2024-02-10,Atraso,1,0,1
5784,925,2022-02-20,Falta injustificada,0,2,16
5785,926,2025-01-07,Atestado,1,3,24
5786,926,2025-08-29,Atestado,1,1,8
5787,926,2021-06-06,Falta injustificada,0,3,24
5788,926,2025-11-20,Atestado,1,1,8
5789,926,2021-10-19,Atestado,1,1,8
5790,926,2020-09-03,Licença curta,1,5,40
5791,927,2024-09-10,Atraso,1,0,1
5792,927,2023-10-16,Licença curta,1,4,32
5793,927,2024-04-25,Atraso,1,0,3
5794,927,2023-12-04,Atestado,1,1,8
5795,927,2024-10-06,Atestado,1,2,16
5796,927,2023-10-25,Licença curta,1,4,32
5797,927,2025-09-11,Atestado,1,3,24
5798,928,2022-12-31,Atestado,1,1,8
5799,928,2022-11-16,Atestado,1,2,16
5800,929,2025-05-27,Atestado,1,2,16
5801,929,2024-09-07,Atestado,1,1,8
5802,929,2025-04-09,Falta injustificada,0,3,24
5803,929,2020-06-22,Licença curta,1,4,32
5804,929,2020-12-29,Atestado,1,1,8
5805,929,2023-06-07,Atestado,1,3,24
5806,929,2025-02-24,Atestado,1,3,24
5807,929,2023-01-19,Atraso,1,0,4
5808,929,2021-05-23,Atestado,1,1,8
5809,929,2025-08-15,Atestado,1,2,16
5810,930,2025-01-09,Falta injustificada,0,2,16
5811,930,2025-10-17,Falta injustificada,0,1,8
5812,931,2023-06-22,Licença curta,1,3,24
5813,931,2023-10-25,Atestado,1,3,24
5814,931,2023-07-03,Falta injustificada,0,3,24
5815,931,2024-10-30,Falta injustificada,0,3,24
5816,931,2021-05-21,Atestado,1,3,24
5817,931,2021-06-21,Falta injustificada,0,3,24
5818,931,2023-03-07,Atestado,1,2,16
5819,931,2024-03-16,Atestado,1,3,24
5820,931,2021-06-15,Atestado,1,2,16
5821,931,2025-04-30,Atestado,1,1,8
5822,931,2020-03-20,Atestado,1,2,16
5823,931,2024-03-02,Licença curta,1,5,40
5824,931,2022-10-12,Atestado,1,1,8
5825,931,2023-09-05,Atestado,1,3,24
5826,931,2022-08-21,Atestado,1,2,16
5827,931,2025-05-11,Atestado,1,2,16
5828,931,2023-11-03,Atestado,1,3,24
5829,931,2023-09-25,Atestado,1,3,24
5830,931,2022-03-14,Atestado,1,1,8
5831,931,2023-08-18,Atestado,1,3,24
5832,932,2024-08-17,Atestado,1,1,8
5833,932,2024-11-09,Atestado,1,3,24
5834,932,2020-11-12,Atraso,1,0,1
5835,932,2021-01-01,Licença curta,1,5,40
5836,932,2024-07-11,Atestado,1,2,16
5837,932,2018-06-05,Atestado,1,2,16
5838,932,2023-12-09,Falta injustificada,0,1,8
5839,932,2022-07-08,Atraso,1,0,1
5840,932,2019-11-15,Atestado,1,3,24
5841,932,2021-10-25,Atestado,1,1,8
5842,932,2024-02-22,Licença curta,1,5,40
5843,932,2023-05-26,Falta injustificada,0,3,24
5844,932,2021-03-11,Atestado,1,1,8
5845,932,2023-04-02,Atestado,1,2,16
5846,933,2025-06-19,Falta injustificada,0,1,8
5847,933,2025-07-03,Atestado,1,2,16
5848,934,2021-03-16,Atestado,1,2,16
5849,934,2020-04-05,Atestado,1,2,16
5850,934,2022-05-14,Atraso,1,0,2
5851,935,2022-05-20,Atestado,1,3,24
5852,935,2019-11-30,Falta injustificada,0,2,16
5853,935,2023-11-15,Atestado,1,3,24
5854,935,2025-04-16,Atestado,1,3,24
5855,935,2021-07-08,Atestado,1,2,16
5856,935,2023-06-20,Atestado,1,2,16
5857,935,2023-05-27,Falta injustificada,0,3,24
5858,936,2025-07-12,Falta injustificada,0,3,24
5859,936,2021-09-12,Atestado,1,3,24
5860,936,2021-08-19,Atraso,1,0,3
5861,936,2025-12-12,Atestado,1,3,24
5862,936,2023-12-21,Atestado,1,1,8
5863,936,2022-03-27,Atestado,1,3,24
5864,936,2020-12-01,Atestado,1,3,24
5865,936,2025-07-16,Atestado,1,1,8
5866,937,2025-12-02,Atestado,1,2,16
5867,937,2023-01-19,Falta injustificada,0,2,16
5868,937,2025-01-04,Atraso,1,0,4
5869,937,2020-05-22,Atraso,1,0,1
5870,937,2023-08-12,Atraso,1,0,1
5871,937,2023-03-13,Licença curta,1,3,24
5872,937,2021-11-19,Falta injustificada,0,2,16
5873,937,2020-07-20,Atraso,1,0,1
5874,937,2020-08-04,Falta injustificada,0,3,24
5875,937,2024-12-29,Atraso,1,0,3
5876,938,2020-07-23,Falta injustificada,0,2,16
5877,938,2024-11-21,Falta injustificada,0,1,8
5878,939,2025-07-09,Atraso,1,0,1
5879,940,2023-08-08,Falta injustificada,0,3,24
5880,940,2021-01-28,Atraso,1,0,1
5881,940,2025-12-23,Atestado,1,2,16
5882,940,2022-11-03,Licença curta,1,2,16
5883,940,2022-05-21,Atestado,1,2,16
5884,940,2022-05-31,Falta injustificada,0,1,8
5885,940,2024-05-26,Licença curta,1,4,32
5886,941,2024-12-29,Falta injustificada,0,3,24
5887,941,2024-12-11,Atestado,1,2,16
5888,941,2024-10-15,Atraso,1,0,2
5889,941,2024-12-09,Atraso,1,0,3
5890,941,2024-11-02,Atraso,1,0,2
5891,942,2024-07-19,Atestado,1,3,24
5892,942,2025-05-24,Atraso,1,0,2
5893,942,2024-10-14,Atestado,1,1,8
5894,942,2024-06-26,Atraso,1,0,1
5895,942,2024-10-27,Atraso,1,0,2
5896,942,2025-10-20,Falta injustificada,0,1,8
5897,943,2025-03-02,Falta injustificada,0,2,16
5898,943,2025-03-20,Atestado,1,2,16
5899,943,2024-07-07,Atestado,1,1,8
5900,943,2024-04-27,Licença curta,1,2,16
5901,943,2025-03-18,Atestado,1,2,16
5902,943,2024-04-24,Falta injustificada,0,3,24
5903,944,2025-12-16,Atestado,1,1,8
5904,944,2025-08-21,Atestado,1,1,8
5905,944,2023-07-06,Licença curta,1,5,40
5906,944,2023-02-16,Atraso,1,0,1
5907,944,2023-02-25,Atestado,1,1,8
5908,944,2023-08-15,Atraso,1,0,4
5909,944,2023-05-06,Licença curta,1,3,24
5910,944,2024-02-02,Atraso,1,0,1
5911,944,2023-04-15,Licença curta,1,4,32
5912,945,2020-12-10,Atestado,1,2,16
5913,945,2019-05-25,Atestado,1,2,16
5914,945,2020-11-12,Falta injustificada,0,1,8
5915,945,2021-09-13,Atestado,1,2,16
5916,945,2021-12-30,Atestado,1,1,8
5917,945,2021-11-18,Atestado,1,2,16
5918,945,2022-07-16,Atestado,1,2,16
5919,945,2022-11-01,Atestado,1,1,8
5920,945,2022-01-05,Atraso,1,0,1
5921,945,2023-07-22,Licença curta,1,2,16
5922,945,2023-07-04,Atraso,1,0,4
5923,945,2020-02-07,Falta injustificada,0,2,16
5924,945,2019-10-31,Atestado,1,1,8
5925,945,2023-03-21,Atestado,1,2,16
5926,945,2020-03-19,Atestado,1,1,8
5927,946,2018-09-11,Atestado,1,3,24
5928,946,2025-09-22,Licença curta,1,2,16
5929,946,2018-08-25,Atestado,1,3,24
5930,946,2025-11-18,Atraso,1,0,3
5931,946,2020-08-03,Atraso,1,0,1
5932,946,2023-06-06,Atestado,1,1,8
5933,946,2018-07-14,Atraso,1,0,3
5934,946,2020-07-08,Atestado,1,1,8
5935,946,2019-10-10,Atestado,1,1,8
5936,946,2023-09-04,Atestado,1,2,16
5937,946,2021-09-06,Licença curta,1,5,40
5938,947,2025-03-12,Atestado,1,3,24
5939,947,2022-07-09,Atestado,1,1,8
5940,947,2023-10-20,Atestado,1,2,16
5941,947,2023-08-08,Atestado,1,1,8
5942,947,2025-08-03,Atestado,1,3,24
5943,948,2025-12-20,Atestado,1,2,16
5944,948,2025-02-22,Atestado,1,1,8
5945,948,2022-04-15,Atestado,1,1,8
5946,948,2025-05-14,Atestado,1,1,8
5947,948,2023-03-26,Atestado,1,1,8
5948,949,2024-03-13,Atestado,1,2,16
5949,949,2020-12-20,Atestado,1,2,16
5950,949,2024-11-12,Atraso,1,0,1
5951,949,2021-05-20,Atraso,1,0,2
5952,949,2024-03-11,Licença curta,1,4,32
5953,949,2023-10-14,Atestado,1,1,8
5954,949,2023-02-27,Licença curta,1,3,24
5955,949,2021-10-13,Falta injustificada,0,3,24
5956,949,2020-12-21,Falta injustificada,0,3,24
5957,949,2025-02-07,Atestado,1,3,24
5958,949,2022-07-05,Atestado,1,2,16
5959,949,2024-01-19,Licença curta,1,4,32
5960,950,2023-12-15,Atestado,1,2,16
5961,950,2021-12-26,Falta injustificada,0,1,8
5962,951,2025-12-15,Atestado,1,2,16
5963,951,2025-03-10,Atestado,1,1,8
5964,951,2025-03-02,Atestado,1,2,16
5965,951,2025-05-09,Licença curta,1,2,16
5966,952,2025-04-01,Atestado,1,2,16
5967,952,2024-09-09,Atestado,1,1,8
5968,952,2024-09-03,Falta injustificada,0,3,24
5969,952,2025-04-02,Licença curta,1,5,40
5970,953,2023-08-12,Atraso,1,0,3
5971,953,2023-07-02,Falta injustificada,0,1,8
5972,953,2022-09-12,Atestado,1,2,16
5973,953,2023-01-23,Licença curta,1,3,24
5974,953,2023-08-02,Falta injustificada,0,3,24
5975,953,2024-02-20,Licença curta,1,3,24
5976,953,2025-10-15,Falta injustificada,0,2,16
5977,954,2023-11-11,Atestado,1,2,16
5978,954,2020-06-03,Atestado,1,3,24
5979,954,2022-05-23,Falta injustificada,0,3,24
5980,954,2022-08-23,Atestado,1,1,8
5981,954,2025-07-18,Falta injustificada,0,1,8
5982,954,2023-04-16,Atestado,1,1,8
5983,954,2022-03-29,Atraso,1,0,1
5984,954,2021-11-04,Falta injustificada,0,2,16
5985,954,2022-02-16,Falta injustificada,0,2,16
5986,954,2024-03-03,Licença curta,1,4,32
5987,954,2024-12-12,Falta injustificada,0,2,16
5988,954,2021-08-31,Atraso,1,0,4
5989,954,2025-04-29,Falta injustificada,0,2,16
5990,954,2023-01-05,Atestado,1,3,24
5991,955,2023-03-10,Atraso,1,0,4
5992,955,2022-03-26,Licença curta,1,2,16
5993,955,2021-10-18,Atestado,1,1,8
5994,955,2025-04-08,Atestado,1,1,8
5995,955,2021-11-09,Atestado,1,2,16
5996,955,2021-10-18,Atestado,1,2,16
5997,955,2024-04-16,Atraso,1,0,1
5998,955,2023-12-08,Falta injustificada,0,3,24
5999,955,2024-12-24,Falta injustificada,0,1,8
6000,956,2022-11-28,Atraso,1,0,1
6001,956,2022-08-30,Atraso,1,0,1
6002,956,2024-06-04,Atraso,1,0,2
6003,956,2023-07-27,Atestado,1,3,24
6004,956,2023-06-07,Atestado,1,2,16
6005,956,2024-06-14,Atestado,1,1,8
6006,956,2023-12-07,Falta injustificada,0,2,16
6007,958,2019-02-23,Falta injustificada,0,2,16
6008,958,2019-04-16,Atraso,1,0,1
6009,958,2020-03-29,Falta injustificada,0,2,16
6010,958,2020-06-26,Licença curta,1,4,32
6011,958,2024-01-08,Falta injustificada,0,1,8
6012,958,2020-03-30,Falta injustificada,0,3,24
6013,958,2019-03-28,Falta injustificada,0,2,16
6014,958,2020-11-08,Atestado,1,1,8
6015,958,2020-02-28,Falta injustificada,0,1,8
6016,958,2021-07-12,Licença curta,1,5,40
6017,958,2025-05-25,Atestado,1,3,24
6018,958,2025-02-23,Atraso,1,0,1
6019,958,2021-12-16,Atestado,1,2,16
6020,958,2019-02-24,Atraso,1,0,3
6021,958,2025-03-18,Atraso,1,0,4
6022,958,2024-04-10,Atestado,1,1,8
6023,958,2020-08-12,Falta injustificada,0,1,8
6024,958,2019-08-17,Atestado,1,2,16
6025,958,2023-02-16,Atestado,1,1,8
6026,959,2022-09-14,Falta injustificada,0,2,16
6027,959,2024-12-01,Atestado,1,2,16
6028,959,2024-10-21,Atestado,1,1,8
6029,959,2022-07-27,Atraso,1,0,2
6030,959,2025-09-23,Atraso,1,0,2
6031,960,2020-06-16,Atestado,1,3,24
6032,960,2020-09-02,Atestado,1,2,16
6033,960,2023-02-14,Atestado,1,3,24
6034,960,2025-05-03,Atestado,1,1,8
6035,960,2022-12-17,Atestado,1,1,8
6036,960,2023-01-05,Licença curta,1,3,24
6037,960,2022-08-06,Atestado,1,3,24
6038,960,2024-12-26,Falta injustificada,0,1,8
6039,960,2020-06-16,Atestado,1,3,24
6040,960,2024-11-05,Atestado,1,3,24
6041,960,2025-06-11,Atestado,1,1,8
6042,960,2020-06-29,Falta injustificada,0,2,16
6043,960,2024-01-18,Atestado,1,1,8
6044,962,2025-06-17,Atestado,1,2,16
6045,962,2025-01-23,Atestado,1,2,16
6046,962,2025-04-23,Licença curta,1,3,24
6047,962,2024-10-30,Atestado,1,3,24
6048,962,2024-10-28,Licença curta,1,3,24
6049,962,2024-09-06,Atestado,1,3,24
6050,963,2024-04-07,Atestado,1,2,16
6051,963,2022-12-18,Licença curta,1,3,24
6052,963,2023-12-08,Atraso,1,0,2
6053,963,2022-12-07,Falta injustificada,0,2,16
6054,963,2023-04-21,Falta injustificada,0,2,16
6055,963,2024-12-25,Licença curta,1,4,32
6056,963,2021-07-05,Atestado,1,3,24
6057,964,2025-04-02,Atestado,1,3,24
6058,964,2025-07-09,Atestado,1,2,16
6059,964,2024-07-01,Atraso,1,0,1
6060,964,2024-11-25,Falta injustificada,0,1,8
6061,964,2025-11-09,Atestado,1,2,16
6062,964,2023-04-02,Atestado,1,2,16
6063,964,2024-06-28,Licença curta,1,5,40
6064,964,2025-01-03,Atestado,1,3,24
6065,964,2023-05-27,Atestado,1,1,8
6066,964,2024-05-28,Atestado,1,3,24
6067,965,2021-11-15,Atraso,1,0,3
6068,965,2024-01-29,Licença curta,1,3,24
6069,965,2021-10-23,Licença curta,1,3,24
6070,965,2024-09-09,Atestado,1,1,8
6071,966,2023-09-17,Atestado,1,1,8
6072,966,2024-08-19,Atestado,1,3,24
6073,966,2019-06-25,Atestado,1,3,24
6074,966,2020-03-05,Atestado,1,3,24
6075,966,2019-01-21,Falta injustificada,0,2,16
6076,966,2025-03-08,Atestado,1,3,24
6077,966,2020-11-09,Atestado,1,3,24
6078,966,2021-07-21,Falta injustificada,0,3,24
6079,966,2022-10-07,Atestado,1,2,16
6080,966,2020-04-27,Licença curta,1,4,32
6081,966,2023-03-14,Atestado,1,3,24
6082,966,2023-06-10,Falta injustificada,0,3,24
6083,966,2023-06-01,Atestado,1,1,8
6084,966,2025-06-25,Atestado,1,2,16
6085,966,2023-08-03,Atestado,1,3,24
6086,967,2024-10-31,Atestado,1,1,8
6087,967,2025-10-22,Atestado,1,1,8
6088,967,2025-01-23,Atestado,1,3,24
6089,968,2024-10-19,Falta injustificada,0,3,24
6090,968,2025-12-02,Falta injustificada,0,1,8
6091,969,2023-09-15,Atraso,1,0,3
6092,969,2021-09-26,Atestado,1,1,8
6093,969,2024-10-28,Atestado,1,2,16
6094,969,2022-04-14,Licença curta,1,5,40
6095,969,2022-08-17,Atraso,1,0,1
6096,969,2025-07-22,Falta injustificada,0,1,8
6097,969,2023-12-19,Atestado,1,3,24
6098,969,2021-06-20,Atestado,1,1,8
6099,969,2021-01-22,Atestado,1,1,8
6100,969,2021-02-06,Atestado,1,2,16
6101,969,2021-08-09,Falta injustificada,0,1,8
6102,969,2021-12-20,Atraso,1,0,3
6103,969,2025-07-27,Atestado,1,3,24
6104,969,2021-04-30,Atraso,1,0,1
6105,969,2021-04-21,Atestado,1,2,16
6106,969,2023-06-19,Licença curta,1,2,16
6107,970,2023-07-18,Atestado,1,2,16
6108,970,2023-05-01,Atestado,1,1,8
6109,970,2025-07-06,Atraso,1,0,4
6110,970,2022-03-06,Atraso,1,0,3
6111,970,2022-08-29,Falta injustificada,0,2,16
6112,970,2023-01-06,Atraso,1,0,1
6113,970,2021-02-23,Licença curta,1,4,32
6114,970,2023-08-14,Atestado,1,3,24
6115,970,2025-06-04,Licença curta,1,5,40
6116,970,2025-12-07,Atestado,1,3,24
6117,971,2025-06-02,Atestado,1,1,8
6118,971,2025-08-29,Atestado,1,2,16
6119,971,2023-11-05,Atestado,1,2,16
6120,971,2024-08-26,Licença curta,1,4,32
6121,971,2023-11-04,Licença curta,1,4,32
6122,971,2025-09-20,Atestado,1,2,16
6123,971,2025-12-28,Atestado,1,2,16
6124,972,2025-01-27,Atestado,1,3,24
6125,973,2022-05-11,Atestado,1,2,16
6126,973,2025-09-02,Atestado,1,3,24
6127,973,2025-04-15,Atestado,1,2,16
6128,973,2025-08-25,Atestado,1,2,16
6129,973,2021-12-17,Atestado,1,2,16
6130,973,2022-01-10,Falta injustificada,0,2,16
6131,973,2022-04-18,Atestado,1,2,16
6132,973,2023-03-23,Falta injustificada,0,3,24
6133,973,2022-04-29,Atestado,1,1,8
6134,975,2025-06-13,Falta injustificada,0,3,24
6135,975,2025-12-28,Falta injustificada,0,1,8
6136,976,2024-02-03,Atraso,1,0,1
6137,976,2023-09-02,Atestado,1,3,24
6138,976,2023-06-07,Atestado,1,1,8
6139,976,2024-12-04,Atraso,1,0,4
6140,976,2024-03-04,Atraso,1,0,3
6141,976,2021-09-25,Licença curta,1,4,32
6142,976,2023-04-12,Falta injustificada,0,3,24
6143,976,2025-11-24,Atraso,1,0,4
6144,976,2025-06-27,Atestado,1,2,16
6145,976,2022-10-03,Falta injustificada,0,3,24
6146,977,2023-04-03,Atestado,1,1,8
6147,977,2021-01-04,Atestado,1,3,24
6148,977,2021-09-02,Atestado,1,3,24
6149,977,2025-10-15,Atestado,1,3,24
6150,977,2025-05-01,Atestado,1,1,8
6151,977,2023-10-16,Licença curta,1,5,40
6152,978,2022-03-22,Falta injustificada,0,3,24
6153,978,2022-11-07,Atestado,1,2,16
6154,978,2023-05-17,Atestado,1,3,24
6155,978,2025-01-01,Atestado,1,2,16
6156,978,2024-11-02,Atestado,1,3,24
6157,979,2022-03-28,Licença curta,1,4,32
6158,979,2025-04-01,Atraso,1,0,2
6159,979,2022-08-16,Atestado,1,3,24
6160,979,2024-11-11,Atestado,1,2,16
6161,980,2022-01-30,Atraso,1,0,1
6162,980,2025-03-13,Atestado,1,2,16
6163,980,2021-12-15,Atraso,1,0,2
6164,980,2020-07-30,Falta injustificada,0,2,16
6165,980,2023-11-06,Licença curta,1,5,40
6166,980,2021-05-12,Atestado,1,3,24
6167,980,2021-11-13,Atestado,1,1,8
6168,980,2022-05-13,Atestado,1,2,16
6169,980,2025-08-01,Atestado,1,1,8
6170,980,2020-03-12,Atraso,1,0,1
6171,980,2024-06-22,Atestado,1,3,24
6172,980,2022-02-10,Atestado,1,2,16
6173,981,2020-12-16,Licença curta,1,4,32
6174,981,2021-09-27,Atestado,1,1,8
6175,981,2022-08-15,Falta injustificada,0,3,24
6176,981,2023-12-27,Falta injustificada,0,2,16
6177,981,2021-12-30,Falta injustificada,0,3,24
6178,982,2021-06-03,Atraso,1,0,1
6179,982,2020-12-17,Falta injustificada,0,1,8
6180,983,2020-09-21,Atestado,1,1,8
6181,983,2020-05-11,Falta injustificada,0,3,24
6182,983,2025-08-31,Atestado,1,3,24
6183,983,2019-02-22,Falta injustificada,0,2,16
6184,983,2024-06-11,Atestado,1,2,16
6185,983,2023-09-14,Atestado,1,1,8
6186,983,2024-10-08,Falta injustificada,0,3,24
6187,983,2023-01-04,Atestado,1,3,24
6188,983,2024-12-22,Licença curta,1,2,16
6189,983,2023-07-29,Atraso,1,0,2
6190,983,2024-03-11,Atraso,1,0,3
6191,983,2019-04-04,Atestado,1,2,16
6192,983,2023-10-10,Atraso,1,0,1
6193,983,2025-02-16,Atestado,1,3,24
6194,983,2023-08-13,Falta injustificada,0,1,8
6195,983,2019-08-11,Falta injustificada,0,1,8
6196,983,2021-10-29,Atestado,1,3,24
6197,983,2022-11-21,Atestado,1,2,16
6198,983,2023-05-19,Falta injustificada,0,3,24
6199,984,2025-12-26,Atestado,1,1,8
6200,984,2025-12-13,Atestado,1,1,8
6201,984,2023-09-30,Atestado,1,1,8
6202,984,2023-11-11,Atestado,1,1,8
6203,984,2025-01-03,Atestado,1,1,8
6204,984,2025-04-09,Atraso,1,0,2
6205,985,2024-12-29,Falta injustificada,0,2,16
6206,985,2025-12-22,Falta injustificada,0,2,16
6207,985,2025-03-07,Falta injustificada,0,2,16
6208,986,2022-07-05,Falta injustificada,0,3,24
6209,987,2023-10-14,Atestado,1,3,24
6210,987,2025-01-23,Falta injustificada,0,1,8
6211,987,2022-12-20,Atestado,1,1,8
6212,987,2023-11-18,Atraso,1,0,1
6213,987,2023-07-28,Falta injustificada,0,2,16
6214,987,2023-06-29,Atestado,1,3,24
6215,987,2024-12-08,Atestado,1,1,8
6216,987,2024-10-30,Falta injustificada,0,1,8
6217,987,2025-08-09,Atestado,1,1,8
6218,987,2023-05-18,Falta injustificada,0,3,24
6219,987,2024-03-27,Licença curta,1,2,16
6220,987,2024-06-12,Licença curta,1,3,24
6221,988,2023-07-17,Falta injustificada,0,1,8
6222,988,2025-05-06,Falta injustificada,0,1,8
6223,988,2022-01-27,Licença curta,1,5,40
6224,988,2025-04-28,Licença curta,1,5,40
6225,988,2022-05-12,Atestado,1,1,8
6226,988,2021-11-22,Falta injustificada,0,2,16
6227,988,2020-10-02,Atraso,1,0,3
6228,988,2021-08-06,Atestado,1,3,24
6229,988,2021-05-20,Atestado,1,3,24
6230,989,2022-05-09,Falta injustificada,0,1,8
6231,989,2024-03-20,Atestado,1,3,24
6232,989,2021-12-11,Falta injustificada,0,3,24
6233,991,2024-08-11,Atraso,1,0,1
6234,991,2024-11-03,Atestado,1,3,24
6235,991,2025-04-23,Atestado,1,3,24
6236,991,2025-03-01,Falta injustificada,0,1,8
6237,992,2023-04-27,Atestado,1,2,16
6238,992,2022-03-08,Atraso,1,0,1
6239,992,2024-04-08,Atestado,1,1,8
6240,992,2023-08-24,Falta injustificada,0,2,16
6241,992,2022-01-01,Atestado,1,1,8
6242,993,2024-10-17,Atestado,1,2,16
6243,993,2025-03-22,Atestado,1,3,24
6244,993,2023-12-17,Licença curta,1,3,24
6245,993,2025-05-21,Falta injustificada,0,3,24
6246,994,2025-11-29,Atestado,1,2,16
6247,994,2023-12-09,Atestado,1,1,8
6248,994,2025-12-23,Atraso,1,0,1
6249,994,2024-09-01,Falta injustificada,0,2,16
6250,994,2023-06-23,Falta injustificada,0,2,16
6251,995,2023-12-05,Atraso,1,0,2
6252,995,2020-09-26,Atraso,1,0,4
6253,995,2022-11-26,Atestado,1,1,8
6254,995,2023-09-18,Atestado,1,1,8
6255,995,2024-07-06,Atraso,1,0,1
6256,995,2025-07-25,Atestado,1,1,8
6257,995,2024-11-23,Atestado,1,3,24
6258,995,2020-10-14,Atraso,1,0,1
6259,995,2022-08-20,Falta injustificada,0,2,16
6260,996,2025-01-19,Atestado,1,2,16
6261,997,2023-04-26,Falta injustificada,0,3,24
6262,997,2021-12-08,Atestado,1,2,16
6263,997,2024-02-10,Atestado,1,3,24
6264,997,2021-10-10,Licença curta,1,4,32
6265,997,2023-05-18,Atestado,1,3,24
6266,997,2023-07-30,Licença curta,1,5,40
6267,997,2025-10-29,Licença curta,1,3,24
6268,997,2023-05-16,Atestado,1,2,16
6269,999,2023-09-18,Falta injustificada,0,3,24
6270,999,2024-10-30,Falta injustificada,0,2,16
6271,999,2024-12-13,Atestado,1,3,24
6272,999,2025-03-09,Atestado,1,3,24
6273,999,2023-08-20,Atestado,1,2,16
6274,1000,2025-12-29,Atestado,1,2,16
6275,1000,2023-12-27,Atestado,1,2,16
6276,1000,2025-10-19,Atestado,1,3,24
6277,1000,2023-09-29,Atestado,1,2,16
6278,1000,2024-04-13,Atestado,1,1,8
6279,1001,2024-01-10,Licença curta,1,3,24
6280,1001,2022-10-21,Falta injustificada,0,2,16
6281,1001,2021-12-04,Atestado,1,2,16
6282,1001,2023-10-03,Falta injustificada,0,3,24
6283,1001,2023-02-27,Falta injustificada,0,2,16
6284,1001,2022-05-01,Atestado,1,3,24
6285,1001,2023-03-25,Atestado,1,3,24
6286,1001,2024-07-18,Licença curta,1,3,24
6287,1001,2025-02-27,Falta injustificada,0,3,24
6288,1001,2025-11-04,Atestado,1,1,8
6289,1001,2025-05-07,Atestado,1,3,24
6290,1001,2022-07-04,Atestado,1,1,8
6291,1001,2024-09-14,Atestado,1,3,24
6292,1002,2023-10-12,Atestado,1,3,24
6293,1002,2024-10-17,Atestado,1,3,24
6294,1002,2023-07-21,Atestado,1,1,8
6295,1002,2024-05-06,Atestado,1,3,24
6296,1002,2024-09-01,Atraso,1,0,1
6297,1002,2022-09-22,Falta injustificada,0,1,8
6298,1002,2025-10-24,Atestado,1,3,24
6299,1002,2023-05-21,Atestado,1,3,24
6300,1003,2021-03-27,Falta injustificada,0,1,8
6301,1004,2025-08-18,Atraso,1,0,2
6302,1005,2025-08-14,Atestado,1,3,24
6303,1005,2025-11-05,Licença curta,1,4,32
6304,1005,2022-03-20,Atestado,1,3,24
6305,1005,2025-09-24,Atestado,1,2,16
6306,1005,2023-04-17,Atestado,1,1,8
6307,1005,2023-05-22,Falta injustificada,0,2,16
6308,1005,2025-03-18,Atestado,1,2,16
6309,1005,2024-05-17,Atestado,1,2,16
6310,1005,2024-03-15,Falta injustificada,0,2,16
6311,1005,2022-01-04,Atestado,1,2,16
6312,1005,2024-08-03,Atraso,1,0,1
6313,1006,2023-06-01,Atraso,1,0,3
6314,1006,2024-06-05,Licença curta,1,2,16
6315,1006,2025-02-14,Atestado,1,3,24
6316,1006,2025-03-20,Atestado,1,1,8
6317,1006,2023-05-21,Falta injustificada,0,1,8
6318,1006,2024-06-09,Falta injustificada,0,2,16
6319,1006,2025-07-24,Falta injustificada,0,3,24
6320,1007,2025-11-25,Atestado,1,2,16
6321,1010,2023-11-12,Falta injustificada,0,3,24
6322,1010,2023-05-11,Atraso,1,0,3
6323,1011,2024-02-08,Atraso,1,0,1
6324,1011,2024-06-24,Atraso,1,0,1
6325,1011,2023-04-11,Atestado,1,2,16
6326,1011,2025-09-25,Atestado,1,3,24
6327,1011,2023-08-06,Atraso,1,0,3
6328,1012,2025-04-24,Atestado,1,2,16
6329,1012,2024-10-23,Licença curta,1,4,32
6330,1012,2023-04-24,Atestado,1,1,8
6331,1012,2023-08-28,Atraso,1,0,2
6332,1012,2023-05-01,Atraso,1,0,4
6333,1012,2024-09-01,Falta injustificada,0,1,8
6334,1012,2022-11-15,Atraso,1,0,1
6335,1012,2023-01-13,Falta injustificada,0,2,16
6336,1012,2023-03-31,Atraso,1,0,1
6337,1012,2025-09-19,Falta injustificada,0,3,24
6338,1012,2024-02-23,Atraso,1,0,3
6339,1012,2023-05-10,Atestado,1,1,8
6340,1012,2025-01-05,Falta injustificada,0,1,8
6341,1013,2020-11-08,Atestado,1,3,24
6342,1013,2023-10-23,Atestado,1,1,8
6343,1013,2020-09-08,Falta injustificada,0,1,8
6344,1013,2022-07-11,Atraso,1,0,1
6345,1013,2024-02-18,Atestado,1,3,24
6346,1014,2022-12-24,Falta injustificada,0,2,16
6347,1014,2024-09-09,Falta injustificada,0,1,8
6348,1014,2022-06-16,Atestado,1,1,8
6349,1014,2022-11-11,Falta injustificada,0,3,24
6350,1014,2023-11-02,Atestado,1,1,8
6351,1014,2021-07-28,Licença curta,1,2,16
6352,1014,2023-06-04,Atestado,1,1,8
6353,1015,2023-10-15,Falta injustificada,0,2,16
6354,1015,2023-11-17,Atestado,1,3,24
6355,1015,2025-01-13,Atestado,1,1,8
6356,1015,2023-10-04,Atestado,1,1,8
6357,1015,2024-11-27,Falta injustificada,0,3,24
6358,1015,2025-01-10,Atestado,1,2,16
6359,1015,2025-07-29,Atestado,1,2,16
6360,1016,2020-04-30,Atestado,1,1,8
6361,1016,2021-09-10,Licença curta,1,5,40
6362,1016,2021-05-30,Atestado,1,1,8
6363,1016,2024-02-01,Atestado,1,3,24
6364,1019,2021-10-08,Atestado,1,1,8
6365,1019,2022-05-20,Atestado,1,2,16
6366,1019,2021-02-11,Atraso,1,0,1
6367,1019,2019-12-12,Atestado,1,1,8
6368,1019,2023-05-16,Falta injustificada,0,2,16
6369,1019,2024-03-31,Atestado,1,2,16
6370,1019,2022-04-22,Atraso,1,0,2
6371,1019,2022-07-08,Atestado,1,1,8
6372,1019,2020-10-30,Atestado,1,2,16
6373,1019,2024-11-22,Licença curta,1,5,40
6374,1019,2021-08-06,Falta injustificada,0,3,24
6375,1019,2024-03-22,Licença curta,1,5,40
6376,1019,2020-03-03,Atestado,1,3,24
6377,1019,2022-12-16,Atestado,1,1,8
6378,1019,2025-06-04,Licença curta,1,5,40
6379,1019,2025-10-15,Atestado,1,2,16
6380,1020,2023-06-15,Atestado,1,1,8
6381,1020,2024-06-12,Falta injustificada,0,3,24
6382,1020,2025-02-05,Licença curta,1,5,40
6383,1020,2024-02-16,Atestado,1,3,24
6384,1020,2022-10-19,Atestado,1,2,16
6385,1020,2022-06-16,Atestado,1,3,24
6386,1020,2022-01-30,Falta injustificada,0,3,24
6387,1021,2024-12-21,Atestado,1,3,24
6388,1021,2023-03-04,Falta injustificada,0,1,8
6389,1021,2023-04-27,Atraso,1,0,2
6390,1021,2022-03-20,Atestado,1,1,8
6391,1021,2022-10-25,Falta injustificada,0,2,16
6392,1022,2025-03-12,Atestado,1,2,16
6393,1022,2024-12-22,Falta injustificada,0,3,24
6394,1023,2024-09-07,Licença curta,1,3,24
6395,1023,2024-12-07,Falta injustificada,0,3,24
6396,1023,2025-03-09,Atestado,1,1,8
6397,1023,2025-10-17,Atestado,1,3,24
6398,1023,2024-07-21,Licença curta,1,2,16
6399,1024,2023-01-31,Atestado,1,3,24
6400,1024,2025-01-12,Atestado,1,1,8
6401,1024,2022-09-23,Atestado,1,3,24
6402,1024,2022-06-25,Atestado,1,2,16
6403,1024,2022-09-07,Atestado,1,1,8
6404,1024,2023-04-20,Licença curta,1,5,40
6405,1024,2024-08-10,Falta injustificada,0,2,16
6406,1024,2025-08-24,Atestado,1,2,16
6407,1025,2021-06-01,Falta injustificada,0,2,16
6408,1025,2022-05-06,Atestado,1,2,16
6409,1025,2022-03-13,Atestado,1,2,16
6410,1025,2022-12-20,Atestado,1,2,16
6411,1026,2024-11-23,Atestado,1,1,8
6412,1026,2021-06-02,Falta injustificada,0,1,8
6413,1026,2025-04-30,Atestado,1,3,24
6414,1026,2025-06-25,Atestado,1,1,8
6415,1026,2019-12-08,Falta injustificada,0,2,16
6416,1026,2023-08-14,Atestado,1,1,8
6417,1026,2022-02-03,Atestado,1,1,8
6418,1026,2021-04-23,Atraso,1,0,2
6419,1026,2020-07-25,Falta injustificada,0,3,24
6420,1026,2025-09-23,Atestado,1,1,8
6421,1026,2022-05-03,Atestado,1,1,8
6422,1026,2025-06-02,Falta injustificada,0,2,16
6423,1026,2024-08-10,Falta injustificada,0,1,8
6424,1026,2022-10-25,Atestado,1,1,8
6425,1026,2024-06-01,Licença curta,1,4,32
6426,1026,2021-08-12,Licença curta,1,3,24
6427,1026,2024-02-14,Atestado,1,2,16
6428,1027,2023-12-25,Atraso,1,0,1
6429,1027,2024-12-22,Atestado,1,1,8
6430,1027,2024-03-01,Atestado,1,1,8
6431,1027,2025-04-03,Atestado,1,1,8
6432,1027,2025-02-13,Falta injustificada,0,3,24
6433,1027,2025-09-16,Atestado,1,3,24
6434,1028,2022-04-09,Atraso,1,0,1
6435,1028,2022-11-25,Atestado,1,3,24
6436,1028,2023-12-03,Atraso,1,0,4
6437,1029,2024-07-24,Atestado,1,1,8
6438,1029,2023-07-07,Atestado,1,1,8
6439,1029,2023-04-15,Falta injustificada,0,3,24
6440,1029,2022-08-15,Atestado,1,1,8
6441,1029,2022-10-04,Licença curta,1,4,32
6442,1029,2023-03-12,Atestado,1,3,24
6443,1030,2021-07-01,Licença curta,1,5,40
6444,1030,2023-11-27,Licença curta,1,4,32
6445,1030,2021-10-21,Atestado,1,1,8
6446,1030,2023-10-17,Atestado,1,1,8
6447,1030,2022-03-07,Licença curta,1,2,16
6448,1030,2022-08-17,Atestado,1,1,8
6449,1030,2022-04-30,Atestado,1,3,24
6450,1030,2020-12-01,Atraso,1,0,1
6451,1030,2023-08-11,Falta injustificada,0,3,24
6452,1031,2022-07-24,Atraso,1,0,2
6453,1031,2024-06-13,Atestado,1,1,8
6454,1031,2023-03-07,Falta injustificada,0,1,8
6455,1031,2024-11-14,Atraso,1,0,1
6456,1031,2023-02-12,Falta injustificada,0,1,8
6457,1031,2023-08-07,Atestado,1,3,24
6458,1031,2024-04-20,Atestado,1,3,24
6459,1031,2023-10-22,Licença curta,1,5,40
6460,1031,2023-08-15,Licença curta,1,5,40
6461,1032,2021-09-01,Atestado,1,3,24
6462,1032,2021-04-21,Atraso,1,0,3
6463,1032,2024-09-08,Atraso,1,0,1
6464,1032,2022-01-29,Atestado,1,1,8
6465,1032,2024-04-10,Atestado,1,3,24
6466,1032,2024-12-01,Atestado,1,1,8
6467,1032,2021-01-23,Licença curta,1,5,40
6468,1034,2020-04-16,Atestado,1,1,8
6469,1034,2021-12-27,Falta injustificada,0,2,16
6470,1034,2024-09-12,Atestado,1,2,16
6471,1034,2023-03-13,Atestado,1,3,24
6472,1034,2024-11-02,Atestado,1,3,24
6473,1034,2023-04-19,Falta injustificada,0,3,24
6474,1034,2024-01-01,Licença curta,1,4,32
6475,1034,2025-07-23,Atraso,1,0,4
6476,1034,2025-03-30,Atraso,1,0,3
6477,1034,2023-04-24,Falta injustificada,0,2,16
6478,1034,2024-08-21,Atestado,1,2,16
6479,1034,2020-08-21,Atestado,1,3,24
6480,1034,2024-05-15,Atraso,1,0,1
6481,1034,2020-03-08,Atestado,1,1,8
6482,1034,2021-02-01,Licença curta,1,2,16
6483,1034,2025-06-29,Atestado,1,2,16
6484,1034,2022-02-11,Licença curta,1,2,16
6485,1034,2025-07-18,Falta injustificada,0,2,16
6486,1034,2023-01-22,Atestado,1,2,16
6487,1035,2024-10-14,Atestado,1,2,16
6488,1035,2023-03-29,Atestado,1,2,16
6489,1035,2025-11-02,Atestado,1,1,8
6490,1035,2023-03-13,Atestado,1,1,8
6491,1035,2025-07-19,Falta injustificada,0,3,24
6492,1036,2021-10-03,Atraso,1,0,1
6493,1036,2025-02-24,Atestado,1,3,24
6494,1036,2021-09-03,Atestado,1,3,24
6495,1036,2023-06-29,Atraso,1,0,1
6496,1036,2024-07-20,Falta injustificada,0,1,8
6497,1036,2021-09-13,Falta injustificada,0,1,8
6498,1036,2022-08-27,Licença curta,1,5,40
6499,1037,2019-08-31,Atestado,1,2,16
6500,1038,2025-02-25,Licença curta,1,5,40
6501,1038,2025-07-10,Atestado,1,2,16
6502,1038,2024-01-24,Licença curta,1,5,40
6503,1038,2023-08-25,Atestado,1,2,16
6504,1039,2023-08-10,Atestado,1,1,8
6505,1039,2023-09-27,Atraso,1,0,4
6506,1040,2025-09-18,Atestado,1,3,24
6507,1040,2025-10-14,Atestado,1,1,8
6508,1040,2024-01-11,Atestado,1,2,16
6509,1040,2023-05-08,Atestado,1,2,16
6510,1040,2024-07-03,Atestado,1,2,16
6511,1040,2025-09-08,Atestado,1,3,24
6512,1040,2025-08-24,Falta injustificada,0,2,16
6513,1041,2021-06-04,Atestado,1,3,24
6514,1041,2022-08-21,Atestado,1,2,16
6515,1041,2025-08-04,Falta injustificada,0,3,24
6516,1041,2024-01-30,Atestado,1,2,16
6517,1041,2021-03-19,Atestado,1,2,16
6518,1041,2021-05-14,Falta injustificada,0,2,16
6519,1043,2022-08-25,Atestado,1,1,8
6520,1043,2022-07-13,Atestado,1,3,24
6521,1043,2021-09-20,Licença curta,1,2,16
6522,1046,2020-07-03,Falta injustificada,0,1,8
6523,1046,2025-09-01,Atestado,1,2,16
6524,1046,2020-01-16,Atestado,1,1,8
6525,1046,2025-01-30,Atestado,1,1,8
6526,1046,2025-03-19,Atestado,1,2,16
6527,1046,2019-08-22,Licença curta,1,5,40
6528,1046,2023-11-23,Atraso,1,0,1
6529,1046,2023-02-12,Licença curta,1,5,40
6530,1046,2023-04-06,Atestado,1,3,24
6531,1046,2023-01-12,Falta injustificada,0,2,16
6532,1046,2023-07-01,Licença curta,1,2,16
6533,1046,2025-03-02,Atestado,1,3,24
6534,1046,2020-10-02,Falta injustificada,0,2,16
6535,1046,2024-11-01,Atestado,1,2,16
6536,1047,2024-12-03,Atestado,1,1,8
6537,1047,2025-10-11,Licença curta,1,2,16
6538,1047,2022-11-26,Atraso,1,0,1
6539,1047,2024-02-28,Falta injustificada,0,2,16
6540,1047,2025-09-29,Atestado,1,3,24
6541,1047,2024-07-04,Atestado,1,3,24
6542,1047,2025-08-08,Licença curta,1,4,32
6543,1047,2022-11-06,Atraso,1,0,1
6544,1047,2022-11-03,Atestado,1,1,8
6545,1048,2025-03-24,Atestado,1,3,24
6546,1048,2025-08-20,Falta injustificada,0,2,16
6547,1049,2023-04-22,Atestado,1,1,8
6548,1050,2018-12-10,Falta injustificada,0,1,8
6549,1050,2021-11-13,Falta injustificada,0,1,8
6550,1050,2019-12-18,Atestado,1,1,8
6551,1050,2023-03-01,Atestado,1,3,24
6552,1050,2020-08-23,Licença curta,1,5,40
6553,1050,2020-03-04,Atestado,1,2,16
6554,1050,2024-08-09,Atestado,1,3,24
6555,1050,2021-05-02,Atestado,1,1,8
6556,1050,2018-06-24,Atraso,1,0,3
6557,1050,2019-03-20,Atraso,1,0,1
6558,1050,2020-04-21,Atestado,1,1,8
6559,1051,2021-12-24,Falta injustificada,0,3,24
6560,1051,2024-05-31,Licença curta,1,2,16
6561,1051,2021-06-17,Atestado,1,2,16
6562,1051,2020-11-10,Falta injustificada,0,3,24
6563,1051,2024-07-15,Atestado,1,1,8
6564,1051,2019-11-25,Atestado,1,3,24
6565,1051,2024-02-27,Atestado,1,2,16
6566,1051,2025-12-02,Atestado,1,3,24
6567,1051,2023-03-06,Licença curta,1,5,40
6568,1051,2021-11-24,Atestado,1,3,24
6569,1051,2025-04-07,Licença curta,1,4,32
6570,1051,2022-08-31,Atestado,1,3,24
6571,1053,2021-06-21,Atestado,1,3,24
6572,1053,2025-07-23,Atestado,1,3,24
6573,1053,2022-11-08,Atestado,1,3,24
6574,1053,2022-06-23,Licença curta,1,3,24
6575,1053,2019-12-23,Falta injustificada,0,2,16
6576,1053,2025-02-22,Atraso,1,0,1
6577,1053,2022-10-11,Atestado,1,2,16
6578,1053,2025-06-07,Atestado,1,2,16
6579,1053,2025-04-27,Atraso,1,0,1
6580,1053,2024-04-06,Atestado,1,1,8
6581,1054,2023-03-18,Atestado,1,2,16
6582,1054,2022-04-10,Atestado,1,1,8
6583,1054,2021-12-19,Atraso,1,0,4
6584,1054,2023-02-09,Falta injustificada,0,1,8
6585,1054,2022-03-02,Atraso,1,0,2
6586,1054,2022-04-01,Atestado,1,2,16
6587,1055,2021-11-18,Falta injustificada,0,1,8
6588,1055,2025-11-01,Licença curta,1,4,32
6589,1055,2024-10-16,Atestado,1,3,24
6590,1055,2024-08-24,Atestado,1,2,16
6591,1055,2023-11-17,Atestado,1,2,16
6592,1055,2021-01-27,Atestado,1,1,8
6593,1055,2021-12-26,Atraso,1,0,1
6594,1055,2025-07-23,Licença curta,1,2,16
6595,1055,2023-09-07,Licença curta,1,2,16
6596,1055,2025-01-18,Falta injustificada,0,2,16
6597,1055,2025-01-04,Atestado,1,1,8
6598,1055,2024-10-22,Atestado,1,2,16
6599,1055,2020-07-04,Atestado,1,2,16
6600,1055,2024-04-26,Atestado,1,1,8
6601,1056,2022-12-18,Licença curta,1,3,24
6602,1056,2024-12-18,Falta injustificada,0,2,16
6603,1056,2023-12-15,Atestado,1,3,24
6604,1056,2021-11-28,Atraso,1,0,2
6605,1056,2024-01-21,Atraso,1,0,1
6606,1057,2023-09-19,Licença curta,1,3,24
6607,1057,2022-11-29,Atestado,1,1,8
6608,1057,2024-09-23,Licença curta,1,3,24
6609,1057,2023-03-11,Licença curta,1,3,24
6610,1057,2024-08-28,Atestado,1,2,16
6611,1057,2024-08-19,Licença curta,1,5,40
6612,1057,2021-10-08,Atestado,1,1,8
6613,1057,2021-10-07,Atestado,1,1,8
6614,1057,2025-10-08,Atestado,1,3,24
6615,1057,2021-05-09,Licença curta,1,3,24
6616,1057,2024-05-02,Atestado,1,2,16
6617,1057,2024-01-25,Falta injustificada,0,1,8
6618,1057,2025-10-03,Falta injustificada,0,3,24
6619,1057,2024-12-09,Licença curta,1,3,24
6620,1058,2020-09-01,Atraso,1,0,1
6621,1058,2020-02-12,Falta injustificada,0,2,16
6622,1058,2022-01-31,Atestado,1,1,8
6623,1058,2021-08-03,Atestado,1,2,16
6624,1058,2024-03-16,Atestado,1,3,24
6625,1058,2024-02-06,Atestado,1,3,24
6626,1059,2025-07-07,Atraso,1,0,3
6627,1059,2024-11-01,Licença curta,1,2,16
6628,1059,2024-12-11,Atraso,1,0,1
6629,1060,2023-01-20,Atestado,1,2,16
6630,1060,2021-11-16,Atestado,1,1,8
6631,1060,2024-08-01,Atestado,1,1,8
6632,1060,2021-07-15,Atraso,1,0,4
6633,1061,2025-02-26,Licença curta,1,3,24
6634,1061,2025-05-24,Atestado,1,2,16
6635,1062,2023-09-16,Atestado,1,1,8
6636,1062,2021-03-16,Atestado,1,3,24
6637,1062,2021-06-23,Atestado,1,3,24
6638,1063,2024-08-10,Falta injustificada,0,1,8
6639,1063,2025-07-31,Atraso,1,0,1
6640,1063,2021-11-25,Atraso,1,0,1
6641,1063,2020-04-06,Atestado,1,1,8
6642,1063,2023-11-23,Atestado,1,3,24
6643,1063,2021-08-16,Falta injustificada,0,1,8
6644,1063,2025-12-04,Atestado,1,3,24
6645,1063,2024-06-25,Falta injustificada,0,1,8
6646,1063,2024-04-11,Atestado,1,3,24
6647,1063,2021-03-21,Falta injustificada,0,3,24
6648,1063,2021-11-22,Atestado,1,1,8
6649,1063,2023-02-14,Atestado,1,2,16
6650,1063,2020-07-14,Falta injustificada,0,3,24
6651,1063,2024-01-05,Falta injustificada,0,2,16
6652,1064,2024-08-01,Atestado,1,3,24
6653,1064,2024-06-08,Atestado,1,2,16
6654,1064,2025-05-30,Atestado,1,3,24
6655,1064,2025-11-11,Atestado,1,2,16
6656,1064,2024-10-01,Falta injustificada,0,1,8
6657,1064,2025-10-21,Atestado,1,2,16
6658,1064,2025-06-12,Atraso,1,0,1
6659,1065,2024-06-04,Atestado,1,1,8
6660,1065,2023-12-11,Atestado,1,2,16
6661,1065,2023-06-06,Atestado,1,3,24
6662,1065,2023-06-19,Atestado,1,1,8
6663,1065,2023-01-15,Atestado,1,1,8
6664,1065,2025-11-21,Atraso,1,0,1
6665,1065,2023-04-04,Licença curta,1,3,24
6666,1065,2023-03-14,Atestado,1,2,16
6667,1065,2023-04-21,Atestado,1,1,8
6668,1065,2023-01-03,Falta injustificada,0,2,16
6669,1066,2022-06-24,Atraso,1,0,3
6670,1066,2022-05-03,Falta injustificada,0,3,24
6671,1066,2021-06-06,Atraso,1,0,4
6672,1066,2024-02-24,Atestado,1,2,16
6673,1066,2023-05-06,Atestado,1,1,8
6674,1067,2025-05-23,Falta injustificada,0,3,24
6675,1067,2025-10-16,Atraso,1,0,1
6676,1067,2022-08-05,Licença curta,1,3,24
6677,1067,2024-07-04,Atestado,1,3,24
6678,1068,2025-03-21,Atestado,1,2,16
6679,1068,2025-04-22,Atestado,1,2,16
6680,1069,2024-11-20,Atestado,1,2,16
6681,1069,2024-09-16,Atestado,1,1,8
6682,1069,2024-08-30,Licença curta,1,4,32
6683,1070,2023-03-01,Falta injustificada,0,1,8
6684,1070,2024-05-17,Falta injustificada,0,2,16
6685,1070,2023-04-03,Atestado,1,3,24
6686,1070,2022-06-04,Atraso,1,0,1
6687,1070,2023-11-02,Atestado,1,1,8
6688,1070,2022-06-18,Atestado,1,3,24
6689,1072,2024-07-03,Atraso,1,0,1
6690,1072,2025-10-30,Atestado,1,2,16
6691,1072,2025-04-25,Falta injustificada,0,3,24
6692,1072,2023-03-03,Atestado,1,1,8
6693,1072,2023-01-22,Atraso,1,0,1
6694,1072,2023-07-18,Falta injustificada,0,2,16
6695,1072,2022-08-29,Atestado,1,2,16
6696,1072,2024-01-06,Atestado,1,1,8
6697,1072,2022-05-17,Atestado,1,1,8
6698,1072,2023-06-26,Falta injustificada,0,3,24
6699,1072,2025-07-10,Falta injustificada,0,2,16
6700,1072,2023-09-12,Falta injustificada,0,1,8
6701,1072,2023-02-24,Licença curta,1,5,40
6702,1072,2022-05-09,Falta injustificada,0,1,8
6703,1072,2025-09-05,Licença curta,1,4,32
6704,1073,2022-08-20,Atestado,1,3,24
6705,1073,2022-12-21,Atestado,1,2,16
6706,1073,2018-10-27,Atestado,1,1,8
6707,1073,2024-03-15,Atestado,1,3,24
6708,1073,2021-01-19,Falta injustificada,0,1,8
6709,1073,2020-06-12,Falta injustificada,0,2,16
6710,1073,2024-06-14,Licença curta,1,4,32
6711,1073,2024-09-28,Atraso,1,0,1
6712,1073,2023-03-04,Atestado,1,3,24
6713,1073,2025-05-30,Atestado,1,3,24
6714,1073,2025-08-27,Atestado,1,1,8
6715,1074,2024-01-05,Atestado,1,3,24
6716,1074,2019-07-30,Atestado,1,2,16
6717,1074,2025-10-05,Atestado,1,3,24
6718,1074,2022-05-22,Atraso,1,0,1
6719,1074,2025-03-05,Atestado,1,2,16
6720,1074,2019-08-20,Atestado,1,2,16
6721,1074,2022-11-12,Atraso,1,0,1
6722,1074,2019-05-03,Atestado,1,2,16
6723,1074,2025-09-28,Falta injustificada,0,3,24
6724,1075,2024-01-29,Atestado,1,2,16
6725,1076,2025-06-06,Atestado,1,2,16
6726,1076,2025-12-19,Atraso,1,0,2
6727,1076,2025-11-11,Atraso,1,0,2
6728,1077,2024-06-08,Atestado,1,2,16
6729,1077,2024-05-23,Atestado,1,2,16
6730,1077,2024-08-17,Falta injustificada,0,2,16
6731,1077,2023-05-12,Atestado,1,1,8
6732,1078,2025-10-01,Atestado,1,2,16
6733,1078,2024-09-18,Falta injustificada,0,2,16
6734,1078,2022-07-11,Atestado,1,3,24
6735,1078,2023-10-15,Licença curta,1,2,16
6736,1078,2023-09-30,Atestado,1,2,16
6737,1078,2023-11-04,Atestado,1,2,16
6738,1078,2022-07-07,Falta injustificada,0,2,16
6739,1078,2022-10-08,Atestado,1,1,8
6740,1079,2025-02-10,Atraso,1,0,1
6741,1079,2025-06-24,Atestado,1,3,24
6742,1079,2025-04-24,Falta injustificada,0,1,8
6743,1080,2024-12-24,Falta injustificada,0,3,24
6744,1080,2025-10-03,Atestado,1,2,16
6745,1080,2025-07-14,Atestado,1,3,24
6746,1081,2020-11-03,Licença curta,1,5,40
6747,1081,2022-04-29,Atestado,1,1,8
6748,1081,2022-03-12,Atestado,1,3,24
6749,1081,2022-03-31,Atestado,1,2,16
6750,1082,2025-03-21,Atestado,1,1,8
6751,1082,2025-08-23,Atestado,1,1,8
6752,1082,2023-01-11,Atraso,1,0,1
6753,1082,2023-12-29,Falta injustificada,0,3,24
6754,1082,2022-09-09,Atraso,1,0,1
6755,1082,2021-11-03,Atestado,1,3,24
6756,1082,2024-07-11,Atraso,1,0,1
6757,1082,2021-12-21,Atestado,1,1,8
6758,1082,2024-09-09,Atestado,1,2,16
6759,1083,2019-04-13,Falta injustificada,0,2,16
6760,1083,2025-08-22,Atestado,1,1,8
6761,1083,2023-10-08,Atestado,1,1,8
6762,1083,2019-07-03,Licença curta,1,3,24
6763,1083,2021-04-13,Atestado,1,1,8
6764,1083,2025-10-04,Atestado,1,2,16
6765,1083,2025-12-02,Licença curta,1,4,32
6766,1083,2023-01-18,Licença curta,1,3,24
6767,1083,2023-03-03,Atestado,1,1,8
6768,1083,2020-03-23,Atestado,1,2,16
6769,1083,2019-06-25,Atestado,1,2,16
6770,1083,2021-11-09,Atestado,1,3,24
6771,1083,2024-07-16,Falta injustificada,0,3,24
6772,1083,2019-02-26,Atestado,1,1,8
6773,1083,2020-02-18,Atestado,1,1,8
6774,1084,2021-05-27,Atestado,1,1,8
6775,1084,2021-10-03,Atestado,1,2,16
6776,1084,2022-05-22,Atestado,1,1,8
6777,1084,2025-09-03,Atestado,1,2,16
6778,1084,2023-04-12,Atestado,1,1,8
6779,1084,2024-03-10,Atestado,1,3,24
6780,1085,2022-11-01,Atestado,1,3,24
6781,1085,2021-11-15,Licença curta,1,5,40
6782,1086,2025-12-17,Falta injustificada,0,2,16
6783,1086,2024-06-21,Falta injustificada,0,2,16
6784,1086,2024-06-30,Falta injustificada,0,2,16
6785,1087,2023-05-30,Falta injustificada,0,2,16
6786,1088,2025-01-21,Licença curta,1,4,32
6787,1089,2024-06-12,Atestado,1,3,24
6788,1089,2024-08-21,Atestado,1,1,8
6789,1090,2022-07-20,Atestado,1,1,8
6790,1091,2022-11-27,Atestado,1,1,8
6791,1091,2024-12-03,Atraso,1,0,1
6792,1091,2025-01-24,Falta injustificada,0,1,8
6793,1091,2024-06-08,Atestado,1,3,24
6794,1091,2023-01-04,Atestado,1,1,8
6795,1091,2022-11-19,Atestado,1,2,16
6796,1091,2023-12-02,Atestado,1,1,8
6797,1091,2024-10-24,Atraso,1,0,3
6798,1092,2025-08-04,Falta injustificada,0,1,8
6799,1092,2024-12-06,Falta injustificada,0,1,8
6800,1092,2025-10-26,Atestado,1,3,24
6801,1093,2025-12-10,Falta injustificada,0,3,24
6802,1093,2022-02-15,Falta injustificada,0,3,24
6803,1093,2023-01-08,Atestado,1,3,24
6804,1093,2024-07-09,Atestado,1,3,24
6805,1093,2024-04-25,Licença curta,1,5,40
6806,1094,2022-05-07,Atestado,1,3,24
6807,1094,2022-08-11,Falta injustificada,0,1,8
6808,1094,2020-10-10,Licença curta,1,2,16
6809,1094,2023-01-30,Falta injustificada,0,1,8
6810,1094,2020-07-24,Atestado,1,3,24
6811,1094,2022-07-14,Falta injustificada,0,1,8
6812,1094,2024-04-08,Falta injustificada,0,2,16
6813,1094,2024-03-06,Falta injustificada,0,2,16
6814,1094,2022-11-15,Atestado,1,3,24
6815,1095,2021-06-17,Atestado,1,2,16
6816,1095,2024-01-07,Licença curta,1,2,16
6817,1096,2020-01-20,Falta injustificada,0,1,8
6818,1096,2021-05-05,Falta injustificada,0,3,24
6819,1096,2021-04-01,Atraso,1,0,2
6820,1096,2021-10-28,Falta injustificada,0,1,8
6821,1096,2021-05-04,Licença curta,1,3,24
6822,1097,2025-01-22,Atestado,1,2,16
6823,1097,2025-07-05,Atestado,1,3,24
6824,1097,2024-04-25,Falta injustificada,0,1,8
6825,1097,2025-11-28,Atestado,1,1,8
6826,1097,2025-12-25,Atestado,1,2,16
6827,1098,2021-11-13,Licença curta,1,4,32
6828,1098,2023-07-02,Licença curta,1,5,40
6829,1098,2022-02-18,Atraso,1,0,1
6830,1098,2020-09-15,Atestado,1,1,8
6831,1098,2020-10-18,Atestado,1,2,16
6832,1098,2024-03-20,Atraso,1,0,3
6833,1099,2021-01-06,Falta injustificada,0,3,24
6834,1099,2022-05-18,Atestado,1,2,16
6835,1099,2021-03-13,Atestado,1,2,16
6836,1099,2023-04-18,Atestado,1,2,16
6837,1099,2020-04-25,Licença curta,1,4,32
6838,1099,2020-04-28,Atestado,1,2,16
6839,1099,2022-12-10,Falta injustificada,0,3,24
6840,1099,2022-11-05,Atraso,1,0,2
6841,1099,2024-01-17,Falta injustificada,0,1,8
6842,1099,2019-10-11,Falta injustificada,0,2,16
6843,1099,2023-02-27,Atestado,1,1,8
6844,1099,2020-07-11,Atestado,1,1,8
6845,1100,2024-06-09,Falta injustificada,0,3,24
6846,1100,2025-04-10,Atestado,1,1,8
6847,1100,2022-08-13,Atestado,1,1,8
6848,1100,2019-08-14,Licença curta,1,4,32
6849,1100,2022-04-18,Atraso,1,0,1
6850,1100,2022-02-13,Licença curta,1,2,16
6851,1100,2020-08-07,Falta injustificada,0,3,24
6852,1100,2020-12-06,Atestado,1,3,24
6853,1100,2019-06-08,Falta injustificada,0,1,8
6854,1100,2019-02-07,Atestado,1,2,16
6855,1100,2022-01-16,Falta injustificada,0,3,24
6856,1100,2024-08-15,Atestado,1,1,8
6857,1100,2024-09-15,Atestado,1,3,24
6858,1100,2024-09-03,Falta injustificada,0,2,16
6859,1100,2024-09-29,Atraso,1,0,2
6860,1100,2025-12-05,Atestado,1,2,16
6861,1100,2019-09-05,Atraso,1,0,2
6862,1100,2023-01-29,Falta injustificada,0,1,8
6863,1100,2022-01-18,Atestado,1,2,16
6864,1101,2023-11-21,Atestado,1,3,24
6865,1101,2024-07-24,Falta injustificada,0,2,16
6866,1101,2025-09-14,Falta injustificada,0,1,8
6867,1101,2024-01-05,Atestado,1,1,8
6868,1101,2023-11-22,Atestado,1,3,24
6869,1101,2023-08-22,Atestado,1,1,8
6870,1102,2025-08-10,Atestado,1,1,8
6871,1102,2025-08-02,Licença curta,1,4,32
6872,1103,2025-06-06,Atestado,1,3,24
6873,1103,2024-08-04,Atestado,1,2,16
6874,1103,2024-09-26,Atestado,1,3,24
6875,1104,2025-12-20,Atraso,1,0,1
6876,1104,2024-03-18,Falta injustificada,0,1,8
6877,1104,2024-09-11,Falta injustificada,0,1,8
6878,1105,2023-09-05,Falta injustificada,0,3,24
6879,1105,2025-10-30,Atestado,1,3,24
6880,1105,2023-03-22,Atestado,1,3,24
6881,1105,2022-09-25,Falta injustificada,0,2,16
6882,1105,2023-11-12,Licença curta,1,3,24
6883,1105,2023-08-03,Atestado,1,3,24
6884,1105,2025-06-30,Licença curta,1,3,24
6885,1105,2024-12-04,Falta injustificada,0,1,8
6886,1106,2025-09-07,Falta injustificada,0,3,24
6887,1107,2024-05-17,Atestado,1,2,16
6888,1107,2023-07-16,Falta injustificada,0,3,24
6889,1108,2024-12-20,Falta injustificada,0,1,8
6890,1108,2023-05-19,Falta injustificada,0,3,24
6891,1108,2021-12-14,Atestado,1,1,8
6892,1108,2023-01-11,Atestado,1,1,8
6893,1109,2025-11-02,Falta injustificada,0,3,24
6894,1109,2023-04-27,Atestado,1,1,8
6895,1109,2024-11-17,Atestado,1,2,16
6896,1109,2022-10-28,Atraso,1,0,1
6897,1109,2020-06-27,Falta injustificada,0,2,16
6898,1109,2025-08-02,Atestado,1,2,16
6899,1109,2025-06-12,Atestado,1,2,16
6900,1109,2021-12-25,Falta injustificada,0,1,8
6901,1109,2025-11-15,Falta injustificada,0,1,8
6902,1110,2024-05-14,Atraso,1,0,4
6903,1110,2022-07-07,Falta injustificada,0,3,24
6904,1110,2025-03-27,Atraso,1,0,1
6905,1110,2019-09-02,Atestado,1,1,8
6906,1110,2024-03-15,Atestado,1,3,24
6907,1110,2021-10-19,Atestado,1,3,24
6908,1110,2022-06-29,Atestado,1,3,24
6909,1110,2021-02-03,Falta injustificada,0,3,24
6910,1110,2021-09-21,Atestado,1,3,24
6911,1110,2020-12-31,Falta injustificada,0,3,24
6912,1110,2022-06-12,Atestado,1,1,8
6913,1110,2020-02-08,Atestado,1,1,8
6914,1111,2024-06-12,Falta injustificada,0,3,24
6915,1111,2023-04-23,Atestado,1,3,24
6916,1112,2024-03-26,Atestado,1,3,24
6917,1112,2025-02-20,Atestado,1,1,8
6918,1112,2024-08-23,Atraso,1,0,3
6919,1113,2024-03-11,Falta injustificada,0,1,8
6920,1114,2024-07-17,Atraso,1,0,2
6921,1114,2025-02-15,Falta injustificada,0,3,24
6922,1115,2021-10-21,Atestado,1,3,24
6923,1115,2021-04-06,Falta injustificada,0,2,16
6924,1115,2021-10-14,Falta injustificada,0,2,16
6925,1115,2022-05-05,Atraso,1,0,1
6926,1115,2023-09-10,Atraso,1,0,1
6927,1115,2021-12-29,Falta injustificada,0,1,8
6928,1115,2025-03-31,Atestado,1,3,24
6929,1115,2025-08-03,Licença curta,1,2,16
6930,1115,2023-04-03,Atestado,1,2,16
6931,1115,2023-06-28,Falta injustificada,0,2,16
6932,1115,2024-11-18,Falta injustificada,0,3,24
6933,1115,2024-12-31,Atestado,1,2,16
6934,1115,2023-09-03,Atestado,1,3,24
6935,1116,2023-10-12,Atestado,1,3,24
6936,1116,2023-08-16,Atraso,1,0,2
6937,1116,2023-10-17,Atraso,1,0,1
6938,1116,2024-04-21,Falta injustificada,0,2,16
6939,1116,2023-09-28,Atestado,1,3,24
6940,1116,2025-08-14,Atestado,1,3,24
6941,1117,2025-07-28,Falta injustificada,0,2,16
6942,1118,2025-12-19,Falta injustificada,0,2,16
6943,1118,2025-11-22,Licença curta,1,2,16
6944,1119,2021-12-10,Atestado,1,1,8
6945,1119,2023-12-22,Atestado,1,2,16
6946,1119,2020-11-22,Falta injustificada,0,1,8
6947,1119,2019-10-14,Atestado,1,3,24
6948,1119,2024-04-05,Atraso,1,0,2
6949,1119,2024-12-29,Atestado,1,2,16
6950,1119,2021-05-26,Atraso,1,0,3
6951,1119,2023-10-02,Falta injustificada,0,1,8
6952,1119,2022-05-03,Licença curta,1,3,24
6953,1119,2022-04-17,Licença curta,1,4,32
6954,1119,2021-02-06,Licença curta,1,5,40
6955,1119,2019-04-09,Atraso,1,0,2
6956,1119,2024-06-03,Falta injustificada,0,3,24
6957,1119,2019-11-06,Atestado,1,3,24
6958,1119,2024-03-18,Atestado,1,2,16
6959,1119,2022-07-07,Atestado,1,3,24
6960,1119,2021-08-18,Atestado,1,2,16
6961,1119,2021-05-14,Atestado,1,3,24
6962,1119,2022-03-16,Atestado,1,2,16
6963,1120,2021-03-05,Atraso,1,0,2
6964,1120,2020-07-01,Atraso,1,0,1
6965,1120,2019-11-20,Atestado,1,2,16
6966,1120,2020-03-22,Falta injustificada,0,2,16
6967,1120,2024-01-23,Licença curta,1,3,24
6968,1120,2019-01-31,Atestado,1,1,8
6969,1120,2022-08-09,Licença curta,1,5,40
6970,1120,2021-02-21,Atraso,1,0,2
6971,1120,2020-03-19,Atraso,1,0,2
6972,1120,2024-04-21,Atestado,1,3,24
6973,1120,2021-11-04,Atestado,1,3,24
6974,1120,2024-03-22,Atraso,1,0,2
6975,1121,2019-11-12,Atestado,1,1,8
6976,1121,2021-03-30,Atestado,1,3,24
6977,1121,2022-05-26,Falta injustificada,0,3,24
6978,1121,2021-02-05,Atestado,1,3,24
6979,1121,2019-05-08,Atestado,1,2,16
6980,1122,2025-11-28,Atestado,1,3,24
6981,1122,2024-12-09,Atestado,1,2,16
6982,1123,2024-03-17,Atestado,1,1,8
6983,1123,2022-04-19,Falta injustificada,0,3,24
6984,1123,2022-07-19,Atestado,1,1,8
6985,1123,2023-07-14,Falta injustificada,0,2,16
6986,1123,2023-04-26,Atestado,1,3,24
6987,1123,2025-01-23,Atestado,1,3,24
6988,1123,2025-03-02,Falta injustificada,0,3,24
6989,1124,2022-02-12,Atestado,1,3,24
6990,1124,2023-11-17,Atestado,1,3,24
6991,1124,2021-02-09,Atestado,1,1,8
6992,1124,2021-03-15,Falta injustificada,0,2,16
6993,1124,2025-05-26,Falta injustificada,0,3,24
6994,1124,2025-05-29,Atestado,1,3,24
6995,1124,2023-06-12,Falta injustificada,0,3,24
6996,1124,2023-01-02,Falta injustificada,0,1,8
6997,1124,2023-10-16,Atestado,1,1,8
6998,1124,2022-02-21,Atraso,1,0,3
6999,1124,2021-09-13,Atestado,1,3,24
7000,1124,2022-10-23,Licença curta,1,5,40
7001,1124,2022-07-02,Atestado,1,3,24
7002,1124,2025-08-08,Falta injustificada,0,2,16
7003,1125,2024-11-26,Atestado,1,1,8
7004,1125,2025-05-19,Licença curta,1,5,40
7005,1125,2025-11-03,Atestado,1,3,24
7006,1125,2024-09-01,Atestado,1,3,24
7007,1125,2022-05-01,Atestado,1,1,8
7008,1125,2022-08-04,Atraso,1,0,4
7009,1125,2023-08-15,Atestado,1,3,24
7010,1125,2020-07-12,Atraso,1,0,1
7011,1125,2021-01-28,Licença curta,1,4,32
7012,1125,2018-11-04,Falta injustificada,0,2,16
7013,1125,2022-05-01,Atestado,1,2,16
7014,1125,2021-01-12,Atestado,1,3,24
7015,1125,2022-01-25,Atestado,1,2,16
7016,1125,2020-11-18,Atestado,1,2,16
7017,1125,2024-08-20,Atraso,1,0,1
7018,1125,2018-07-07,Licença curta,1,2,16
7019,1125,2019-06-27,Falta injustificada,0,3,24
7020,1125,2019-11-13,Falta injustificada,0,1,8
7021,1125,2022-12-08,Atestado,1,1,8
7022,1126,2022-12-24,Atestado,1,2,16
7023,1126,2023-07-25,Atraso,1,0,3
7024,1126,2023-11-27,Falta injustificada,0,3,24
7025,1126,2022-08-11,Atestado,1,1,8
7026,1127,2025-10-27,Atestado,1,3,24
7027,1128,2025-04-03,Licença curta,1,3,24
7028,1128,2024-01-08,Atraso,1,0,4
7029,1129,2021-11-18,Atraso,1,0,4
7030,1129,2021-12-04,Licença curta,1,4,32
7031,1129,2020-07-24,Falta injustificada,0,1,8
7032,1129,2022-05-09,Atestado,1,1,8
7033,1129,2024-01-24,Atestado,1,1,8
7034,1129,2022-08-15,Atestado,1,3,24
7035,1129,2024-07-09,Licença curta,1,3,24
7036,1129,2020-07-10,Atestado,1,2,16
7037,1129,2022-02-17,Atraso,1,0,2
7038,1129,2020-10-22,Falta injustificada,0,1,8
7039,1129,2022-04-14,Atestado,1,3,24
7040,1129,2025-07-01,Atestado,1,3,24
7041,1129,2022-03-07,Atestado,1,1,8
7042,1129,2024-10-24,Falta injustificada,0,3,24
7043,1129,2022-08-01,Atestado,1,3,24
7044,1129,2021-05-08,Atraso,1,0,1
7045,1129,2019-07-20,Atraso,1,0,1
7046,1129,2024-12-19,Falta injustificada,0,1,8
7047,1129,2024-02-04,Atestado,1,2,16
7048,1129,2020-08-06,Atraso,1,0,1
7049,1130,2021-04-06,Atraso,1,0,2
7050,1130,2025-12-01,Atestado,1,3,24
7051,1130,2022-11-03,Atestado,1,3,24
7052,1131,2020-04-17,Atestado,1,1,8
7053,1132,2025-06-12,Atestado,1,3,24
7054,1132,2025-03-24,Licença curta,1,4,32
7055,1132,2025-07-08,Licença curta,1,3,24
7056,1132,2024-04-28,Atestado,1,3,24
7057,1132,2024-07-09,Atestado,1,3,24
7058,1132,2025-11-07,Atestado,1,1,8
7059,1132,2025-01-07,Atestado,1,1,8
7060,1133,2020-08-06,Atraso,1,0,1
7061,1133,2024-03-30,Atraso,1,0,1
7062,1133,2020-07-06,Atestado,1,1,8
7063,1133,2023-10-08,Atestado,1,1,8
7064,1133,2023-09-28,Atestado,1,1,8
7065,1133,2020-09-24,Atestado,1,1,8
7066,1133,2020-09-27,Atraso,1,0,1
7067,1133,2020-05-17,Falta injustificada,0,2,16
7068,1133,2022-03-20,Atestado,1,1,8
7069,1133,2023-05-06,Atestado,1,2,16
7070,1134,2025-06-16,Falta injustificada,0,3,24
7071,1134,2025-04-30,Licença curta,1,2,16
7072,1135,2020-10-17,Falta injustificada,0,3,24
7073,1135,2021-10-06,Atestado,1,2,16
7074,1135,2022-11-01,Falta injustificada,0,3,24
7075,1135,2024-04-25,Atestado,1,1,8
7076,1135,2020-03-08,Atestado,1,1,8
7077,1135,2024-10-14,Falta injustificada,0,2,16
7078,1135,2019-07-24,Atestado,1,1,8
7079,1135,2023-09-04,Atestado,1,1,8
7080,1135,2025-06-14,Atraso,1,0,3
7081,1135,2021-06-09,Atestado,1,3,24
7082,1135,2024-03-09,Atestado,1,1,8
7083,1135,2020-06-04,Atestado,1,1,8
7084,1135,2021-11-06,Atestado,1,1,8
7085,1135,2021-03-13,Licença curta,1,5,40
7086,1135,2020-09-09,Falta injustificada,0,2,16
7087,1135,2022-01-17,Atestado,1,3,24
7088,1135,2021-05-03,Atestado,1,2,16
7089,1135,2025-04-22,Falta injustificada,0,3,24
7090,1135,2025-09-12,Falta injustificada,0,3,24
7091,1136,2022-06-25,Atestado,1,3,24
7092,1136,2021-12-01,Atestado,1,2,16
7093,1137,2021-06-21,Atestado,1,3,24
7094,1137,2023-07-30,Atestado,1,3,24
7095,1137,2023-10-08,Atestado,1,1,8
7096,1137,2025-12-08,Atestado,1,2,16
7097,1137,2022-12-21,Licença curta,1,3,24
7098,1137,2024-01-06,Atestado,1,2,16
7099,1137,2022-02-25,Atestado,1,2,16
7100,1137,2022-01-17,Licença curta,1,3,24
7101,1137,2025-10-12,Atestado,1,3,24
7102,1137,2025-01-23,Atestado,1,1,8
7103,1138,2024-03-07,Atestado,1,2,16
7104,1138,2024-06-17,Atraso,1,0,3
7105,1139,2024-06-14,Atraso,1,0,2
7106,1139,2025-05-07,Atestado,1,2,16
7107,1139,2022-11-09,Falta injustificada,0,3,24
7108,1139,2022-12-29,Atestado,1,3,24
7109,1140,2021-03-31,Atestado,1,1,8
7110,1140,2021-10-28,Licença curta,1,2,16
7111,1140,2023-09-05,Atestado,1,2,16
7112,1140,2022-10-01,Atestado,1,3,24
7113,1141,2024-04-13,Licença curta,1,3,24
7114,1141,2021-04-28,Falta injustificada,0,3,24
7115,1141,2022-01-13,Licença curta,1,3,24
7116,1141,2025-07-04,Atestado,1,1,8
7117,1141,2022-05-17,Atestado,1,1,8
7118,1141,2023-11-17,Atestado,1,3,24
7119,1141,2024-01-28,Falta injustificada,0,1,8
7120,1142,2023-01-01,Atestado,1,3,24
7121,1142,2021-03-25,Atestado,1,2,16
7122,1142,2021-05-05,Atestado,1,2,16
7123,1142,2023-03-22,Falta injustificada,0,2,16
7124,1142,2021-10-26,Atestado,1,1,8
7125,1142,2020-10-14,Atestado,1,2,16
7126,1142,2025-10-17,Atestado,1,1,8
7127,1142,2021-11-10,Falta injustificada,0,1,8
7128,1142,2021-04-18,Atraso,1,0,2
7129,1142,2021-12-13,Atestado,1,3,24
7130,1142,2025-04-02,Licença curta,1,2,16
7131,1143,2024-01-04,Falta injustificada,0,3,24
7132,1143,2025-03-13,Atestado,1,3,24
7133,1143,2022-02-03,Atestado,1,3,24
7134,1143,2025-11-26,Falta injustificada,0,2,16
7135,1143,2024-03-23,Atestado,1,1,8
7136,1143,2025-06-18,Falta injustificada,0,2,16
7137,1143,2023-07-15,Falta injustificada,0,1,8
7138,1143,2021-10-29,Atraso,1,0,1
7139,1144,2018-08-07,Falta injustificada,0,1,8
7140,1144,2025-12-04,Atestado,1,3,24
7141,1144,2018-09-28,Atestado,1,3,24
7142,1144,2018-10-23,Atestado,1,1,8
7143,1144,2022-01-31,Atestado,1,1,8
7144,1144,2025-08-12,Atraso,1,0,2
7145,1144,2025-01-14,Atestado,1,1,8
7146,1144,2019-05-25,Atestado,1,3,24
7147,1144,2020-08-08,Atestado,1,2,16
7148,1144,2019-07-28,Atestado,1,2,16
7149,1144,2024-07-06,Atestado,1,3,24
7150,1145,2023-08-04,Atestado,1,1,8
7151,1145,2024-11-24,Atestado,1,1,8
7152,1145,2022-05-07,Atraso,1,0,1
7153,1145,2023-06-28,Atestado,1,2,16
7154,1145,2023-08-20,Atestado,1,3,24
7155,1145,2022-02-25,Licença curta,1,4,32
7156,1145,2023-02-23,Falta injustificada,0,2,16
7157,1146,2024-05-03,Atraso,1,0,2
7158,1146,2024-02-17,Falta injustificada,0,3,24
7159,1147,2023-01-12,Falta injustificada,0,1,8
7160,1147,2021-11-03,Falta injustificada,0,3,24
7161,1147,2021-09-15,Atestado,1,3,24
7162,1147,2021-02-23,Atestado,1,2,16
7163,1147,2021-03-24,Atestado,1,3,24
7164,1147,2022-10-12,Licença curta,1,2,16
7165,1147,2019-04-27,Atestado,1,1,8
7166,1148,2023-12-18,Atestado,1,3,24
7167,1148,2025-10-30,Atestado,1,1,8
7168,1148,2024-02-08,Atestado,1,2,16
7169,1148,2024-12-21,Falta injustificada,0,1,8
7170,1148,2025-03-09,Falta injustificada,0,2,16
7171,1148,2024-12-18,Atestado,1,1,8
7172,1148,2022-08-04,Falta injustificada,0,3,24
7173,1148,2022-08-14,Atestado,1,1,8
7174,1148,2023-10-23,Falta injustificada,0,1,8
7175,1148,2024-06-17,Falta injustificada,0,2,16
7176,1149,2024-11-04,Atestado,1,1,8
7177,1149,2024-12-15,Atestado,1,3,24
7178,1150,2020-08-03,Atestado,1,2,16
7179,1150,2020-08-10,Atestado,1,1,8
7180,1151,2024-02-20,Falta injustificada,0,2,16
7181,1151,2025-11-28,Atestado,1,1,8
7182,1151,2022-03-28,Atraso,1,0,4
7183,1151,2024-03-23,Falta injustificada,0,1,8
7184,1151,2022-08-13,Atraso,1,0,2
7185,1151,2025-05-01,Licença curta,1,3,24
7186,1151,2023-03-15,Atraso,1,0,4
7187,1151,2023-09-27,Falta injustificada,0,3,24
7188,1151,2020-02-22,Atraso,1,0,2
7189,1151,2023-09-13,Atestado,1,2,16
7190,1151,2021-07-03,Atestado,1,3,24
7191,1151,2023-10-21,Atraso,1,0,1
7192,1151,2020-01-24,Falta injustificada,0,3,24
7193,1151,2020-01-14,Atestado,1,3,24
7194,1151,2024-11-11,Atestado,1,1,8
7195,1151,2024-02-26,Atraso,1,0,3
7196,1152,2024-03-12,Atestado,1,1,8
7197,1152,2024-10-06,Atestado,1,3,24
7198,1152,2025-05-02,Atestado,1,3,24
7199,1152,2024-11-26,Falta injustificada,0,3,24
7200,1153,2024-05-26,Atestado,1,1,8
7201,1153,2025-11-28,Atraso,1,0,3
7202,1153,2025-12-23,Falta injustificada,0,3,24
7203,1153,2023-06-12,Atestado,1,1,8
7204,1153,2022-10-09,Falta injustificada,0,1,8
7205,1154,2024-08-03,Atestado,1,1,8
7206,1154,2023-10-10,Atraso,1,0,1
7207,1154,2025-04-14,Atestado,1,2,16
7208,1154,2023-10-14,Atestado,1,3,24
7209,1154,2023-02-12,Licença curta,1,4,32
7210,1154,2024-07-15,Licença curta,1,3,24
7211,1154,2025-09-29,Atestado,1,2,16
7212,1155,2022-03-14,Atestado,1,3,24
7213,1155,2021-11-22,Atraso,1,0,1
7214,1155,2022-12-04,Atestado,1,3,24
7215,1155,2021-11-09,Falta injustificada,0,3,24
7216,1155,2024-06-08,Atestado,1,1,8
7217,1155,2023-01-17,Atestado,1,2,16
7218,1155,2022-03-01,Falta injustificada,0,1,8
7219,1155,2024-07-30,Falta injustificada,0,1,8
7220,1155,2021-08-06,Atestado,1,3,24
7221,1155,2023-01-18,Atestado,1,3,24
7222,1155,2024-08-09,Falta injustificada,0,2,16
7223,1156,2021-04-20,Atestado,1,3,24
7224,1156,2025-10-17,Atestado,1,3,24
7225,1156,2022-11-01,Atestado,1,2,16
7226,1156,2022-09-21,Licença curta,1,3,24
7227,1156,2019-08-14,Atestado,1,1,8
7228,1156,2024-02-04,Falta injustificada,0,3,24
7229,1156,2020-11-06,Atestado,1,2,16
7230,1156,2025-04-24,Falta injustificada,0,2,16
7231,1156,2021-10-14,Atestado,1,1,8
7232,1156,2022-11-10,Atestado,1,2,16
7233,1156,2020-04-22,Atestado,1,2,16
7234,1156,2019-11-05,Atraso,1,0,1
7235,1156,2023-10-06,Atestado,1,2,16
7236,1156,2023-10-04,Atestado,1,1,8
7237,1156,2023-05-13,Licença curta,1,4,32
7238,1156,2022-08-24,Falta injustificada,0,1,8
7239,1156,2021-06-24,Falta injustificada,0,2,16
7240,1156,2021-12-15,Falta injustificada,0,3,24
7241,1156,2023-07-11,Atestado,1,2,16
7242,1156,2025-06-25,Falta injustificada,0,3,24
7243,1157,2023-02-12,Atestado,1,2,16
7244,1157,2023-02-22,Atestado,1,3,24
7245,1157,2022-03-14,Atraso,1,0,2
7246,1158,2024-09-03,Atraso,1,0,3
7247,1159,2020-02-25,Atestado,1,2,16
7248,1159,2020-12-21,Falta injustificada,0,2,16
7249,1160,2024-03-26,Falta injustificada,0,2,16
7250,1160,2022-11-18,Atestado,1,3,24
7251,1161,2024-09-12,Atestado,1,3,24
7252,1161,2024-04-20,Atestado,1,1,8
7253,1161,2025-10-19,Atestado,1,1,8
7254,1161,2025-07-26,Falta injustificada,0,1,8
7255,1161,2023-07-15,Atestado,1,1,8
7256,1161,2024-08-02,Falta injustificada,0,3,24
7257,1161,2024-04-11,Atraso,1,0,1
7258,1161,2024-05-18,Atestado,1,1,8
7259,1162,2022-07-25,Atestado,1,2,16
7260,1162,2020-12-23,Atestado,1,2,16
7261,1162,2020-03-01,Atestado,1,3,24
7262,1162,2023-04-15,Licença curta,1,2,16
7263,1162,2022-09-21,Atestado,1,3,24
7264,1163,2023-06-19,Licença curta,1,4,32
7265,1163,2024-06-25,Atestado,1,1,8
7266,1163,2024-05-09,Atestado,1,1,8
7267,1163,2025-02-18,Atestado,1,1,8
7268,1163,2024-08-02,Atestado,1,3,24
7269,1164,2024-06-01,Falta injustificada,0,3,24
7270,1164,2023-11-17,Atestado,1,2,16
7271,1164,2025-07-29,Atestado,1,1,8
7272,1164,2025-10-18,Atestado,1,1,8
7273,1164,2025-10-17,Atestado,1,1,8
7274,1164,2023-10-15,Atestado,1,1,8
7275,1164,2025-07-12,Atestado,1,3,24
7276,1164,2024-10-22,Atraso,1,0,1
7277,1165,2025-07-19,Falta injustificada,0,2,16
7278,1165,2023-04-17,Atestado,1,3,24
7279,1165,2022-11-13,Atestado,1,3,24
7280,1165,2023-09-17,Atraso,1,0,2
7281,1165,2023-12-13,Atestado,1,3,24
7282,1165,2023-02-10,Atraso,1,0,4
7283,1165,2023-09-16,Atestado,1,2,16
7284,1166,2021-12-16,Atestado,1,1,8
7285,1166,2023-01-06,Falta injustificada,0,3,24
7286,1166,2022-07-22,Licença curta,1,3,24
7287,1166,2020-12-18,Atestado,1,2,16
7288,1166,2020-12-09,Atestado,1,3,24
7289,1166,2021-03-05,Atestado,1,1,8
7290,1166,2024-03-05,Atestado,1,3,24
7291,1166,2023-07-13,Atestado,1,2,16
7292,1166,2022-12-05,Atestado,1,1,8
7293,1167,2025-07-04,Falta injustificada,0,3,24
7294,1167,2024-11-22,Atraso,1,0,2
7295,1167,2020-06-03,Atraso,1,0,3
7296,1167,2020-06-12,Atestado,1,1,8
7297,1168,2023-01-31,Atestado,1,1,8
7298,1168,2022-01-29,Atestado,1,3,24
7299,1168,2022-07-06,Licença curta,1,4,32
7300,1169,2025-08-23,Atestado,1,1,8
7301,1170,2025-05-21,Atestado,1,1,8
7302,1170,2025-12-02,Atestado,1,3,24
7303,1170,2019-05-15,Atestado,1,1,8
7304,1170,2023-06-15,Atestado,1,2,16
7305,1170,2024-07-08,Atestado,1,3,24
7306,1170,2024-10-19,Falta injustificada,0,2,16
7307,1170,2022-05-27,Atestado,1,3,24
7308,1170,2020-07-25,Falta injustificada,0,3,24
7309,1170,2023-11-18,Atestado,1,1,8
7310,1170,2021-08-14,Atestado,1,2,16
7311,1170,2023-05-07,Licença curta,1,4,32
7312,1170,2020-09-21,Atestado,1,1,8
7313,1171,2025-06-19,Atestado,1,2,16
7314,1171,2025-11-01,Atestado,1,1,8
7315,1172,2023-10-19,Atestado,1,3,24
7316,1172,2024-09-18,Atestado,1,1,8
7317,1172,2024-09-29,Licença curta,1,3,24
7318,1172,2024-05-27,Atestado,1,2,16
7319,1172,2025-10-13,Atraso,1,0,1
7320,1172,2025-01-11,Licença curta,1,2,16
7321,1172,2023-11-21,Atestado,1,2,16
7322,1172,2024-03-13,Atestado,1,1,8
7323,1173,2025-12-04,Atestado,1,3,24
7324,1173,2022-03-28,Licença curta,1,3,24
7325,1173,2024-10-03,Falta injustificada,0,3,24
7326,1173,2024-03-10,Atraso,1,0,1
7327,1173,2022-03-08,Licença curta,1,2,16
7328,1173,2022-09-13,Falta injustificada,0,2,16
7329,1173,2022-11-24,Atestado,1,2,16
7330,1173,2023-04-01,Falta injustificada,0,2,16
7331,1173,2021-10-14,Licença curta,1,2,16
7332,1173,2022-10-14,Atestado,1,1,8
7333,1173,2025-04-03,Falta injustificada,0,3,24
7334,1173,2025-06-14,Licença curta,1,4,32
7335,1173,2022-01-31,Atestado,1,3,24
7336,1173,2024-05-11,Falta injustificada,0,2,16
7337,1173,2025-07-18,Atestado,1,1,8
7338,1173,2023-05-31,Atestado,1,3,24
7339,1174,2022-11-29,Atestado,1,2,16
7340,1174,2024-02-15,Atestado,1,2,16
7341,1174,2025-01-03,Atestado,1,2,16
7342,1175,2023-07-09,Atestado,1,3,24
7343,1175,2021-05-03,Licença curta,1,2,16
7344,1175,2021-09-24,Falta injustificada,0,3,24
7345,1175,2021-10-19,Falta injustificada,0,2,16
7346,1175,2025-06-15,Atestado,1,1,8
7347,1175,2021-04-25,Atestado,1,1,8
7348,1175,2025-12-25,Atestado,1,1,8
7349,1175,2023-12-30,Licença curta,1,3,24
7350,1175,2023-02-07,Atestado,1,2,16
7351,1176,2022-07-29,Atestado,1,3,24
7352,1176,2020-11-03,Atestado,1,1,8
7353,1176,2022-07-06,Licença curta,1,3,24
7354,1176,2024-03-08,Atestado,1,2,16
7355,1176,2020-10-01,Atestado,1,2,16
7356,1177,2025-07-07,Atestado,1,1,8
7357,1177,2023-09-15,Falta injustificada,0,1,8
7358,1177,2025-07-30,Atraso,1,0,2
7359,1177,2024-01-14,Atestado,1,2,16
7360,1177,2025-12-10,Licença curta,1,4,32
7361,1177,2024-06-03,Atestado,1,1,8
7362,1177,2025-09-19,Atestado,1,2,16
7363,1177,2024-11-07,Atestado,1,3,24
7364,1177,2023-12-09,Atestado,1,2,16
7365,1177,2025-01-10,Atestado,1,1,8
7366,1177,2024-10-14,Falta injustificada,0,3,24
7367,1177,2025-10-19,Atraso,1,0,4
7368,1178,2024-04-08,Falta injustificada,0,2,16
7369,1178,2025-10-29,Falta injustificada,0,3,24
7370,1178,2025-02-28,Atestado,1,1,8
7371,1178,2025-01-12,Falta injustificada,0,1,8
7372,1178,2024-06-28,Licença curta,1,4,32
7373,1178,2023-03-06,Licença curta,1,2,16
7374,1178,2022-03-14,Atestado,1,1,8
7375,1178,2023-04-03,Atestado,1,3,24
7376,1179,2019-07-06,Atestado,1,3,24
7377,1179,2024-06-21,Atestado,1,1,8
7378,1179,2023-04-19,Atraso,1,0,3
7379,1179,2022-10-20,Atestado,1,1,8
7380,1179,2024-10-20,Atestado,1,3,24
7381,1179,2025-08-16,Falta injustificada,0,3,24
7382,1179,2025-05-20,Atestado,1,1,8
7383,1179,2024-01-09,Atestado,1,1,8
7384,1179,2021-10-31,Atestado,1,1,8
7385,1179,2023-08-27,Atestado,1,3,24
7386,1179,2020-11-05,Atestado,1,1,8
7387,1179,2020-08-08,Falta injustificada,0,3,24
7388,1179,2023-08-11,Falta injustificada,0,2,16
7389,1179,2019-08-28,Atestado,1,3,24
7390,1179,2019-12-27,Atestado,1,3,24
7391,1179,2023-08-02,Atestado,1,3,24
7392,1179,2025-12-20,Falta injustificada,0,3,24
7393,1179,2020-03-07,Atestado,1,2,16
7394,1180,2023-03-22,Atraso,1,0,1
7395,1180,2022-01-20,Atestado,1,1,8
7396,1180,2025-02-04,Licença curta,1,4,32
7397,1180,2021-11-15,Licença curta,1,5,40
7398,1180,2024-09-25,Atestado,1,3,24
7399,1180,2024-03-25,Atraso,1,0,2
7400,1181,2022-08-26,Atestado,1,3,24
7401,1181,2024-06-10,Falta injustificada,0,1,8
7402,1181,2025-03-07,Licença curta,1,4,32
7403,1181,2020-12-14,Atestado,1,3,24
7404,1181,2023-06-07,Atestado,1,3,24
7405,1181,2023-08-20,Atestado,1,3,24
7406,1181,2025-09-14,Atestado,1,1,8
7407,1181,2020-12-21,Atestado,1,2,16
7408,1181,2025-08-31,Atestado,1,1,8
7409,1181,2022-08-17,Atestado,1,1,8
7410,1181,2024-12-08,Atestado,1,2,16
7411,1181,2025-09-17,Atraso,1,0,4
7412,1181,2021-07-04,Atestado,1,1,8
7413,1182,2022-06-17,Falta injustificada,0,1,8
7414,1182,2022-05-26,Atestado,1,1,8
7415,1182,2023-08-17,Atestado,1,1,8
7416,1182,2025-02-22,Atestado,1,2,16
7417,1182,2020-12-09,Falta injustificada,0,2,16
7418,1183,2024-05-07,Falta injustificada,0,3,24
7419,1184,2023-10-23,Atestado,1,1,8
7420,1184,2023-05-23,Atestado,1,3,24
7421,1184,2021-10-26,Falta injustificada,0,2,16
7422,1185,2025-03-28,Atestado,1,2,16
7423,1185,2024-03-17,Falta injustificada,0,3,24
7424,1185,2024-10-14,Atestado,1,1,8
7425,1185,2025-03-20,Atestado,1,1,8
7426,1186,2025-03-31,Atestado,1,3,24
7427,1187,2025-11-07,Atestado,1,1,8
7428,1187,2024-09-14,Atraso,1,0,1
7429,1187,2025-03-11,Atestado,1,1,8
7430,1187,2023-08-14,Falta injustificada,0,3,24
7431,1187,2025-07-03,Falta injustificada,0,3,24
7432,1187,2023-10-26,Atestado,1,3,24
7433,1187,2023-02-27,Atraso,1,0,1
7434,1187,2024-09-15,Falta injustificada,0,1,8
7435,1188,2025-10-25,Atraso,1,0,2
7436,1188,2019-09-20,Falta injustificada,0,2,16
7437,1188,2019-07-23,Atraso,1,0,1
7438,1188,2023-05-22,Falta injustificada,0,2,16
7439,1188,2020-11-04,Licença curta,1,3,24
7440,1188,2025-11-15,Falta injustificada,0,3,24
7441,1188,2024-05-23,Atestado,1,2,16
7442,1188,2019-11-10,Atestado,1,3,24
7443,1188,2021-03-05,Atestado,1,2,16
7444,1188,2023-07-19,Atestado,1,3,24
7445,1188,2021-03-02,Atestado,1,2,16
7446,1190,2021-08-11,Atestado,1,1,8
7447,1190,2024-10-20,Falta injustificada,0,2,16
7448,1190,2025-01-19,Falta injustificada,0,2,16
7449,1190,2022-06-29,Atestado,1,2,16
7450,1190,2025-09-11,Atestado,1,1,8
7451,1190,2021-01-21,Atestado,1,1,8
7452,1190,2024-12-05,Atestado,1,2,16
7453,1190,2023-05-28,Atestado,1,1,8
7454,1191,2024-12-13,Atraso,1,0,2
7455,1191,2025-03-04,Falta injustificada,0,3,24
7456,1191,2024-03-18,Licença curta,1,3,24
7457,1191,2025-02-20,Atestado,1,3,24
7458,1192,2023-03-11,Atraso,1,0,1
7459,1192,2023-06-14,Atestado,1,1,8
7460,1192,2022-07-01,Falta injustificada,0,1,8
7461,1192,2022-09-01,Atestado,1,2,16
7462,1192,2025-09-29,Atestado,1,1,8
7463,1192,2022-05-16,Atestado,1,3,24
7464,1192,2023-02-27,Falta injustificada,0,3,24
7465,1192,2022-09-21,Atraso,1,0,2
7466,1192,2020-02-17,Atraso,1,0,2
7467,1192,2020-01-02,Atestado,1,1,8
7468,1192,2025-01-14,Atestado,1,1,8
7469,1192,2019-09-08,Falta injustificada,0,1,8
7470,1192,2025-06-08,Atestado,1,2,16
7471,1192,2024-01-21,Atestado,1,2,16
7472,1192,2020-05-17,Atestado,1,1,8
7473,1192,2020-12-25,Falta injustificada,0,2,16
7474,1192,2025-04-28,Atestado,1,1,8
7475,1193,2024-03-14,Falta injustificada,0,1,8
7476,1193,2025-11-12,Atraso,1,0,2
7477,1193,2024-07-13,Atraso,1,0,1
7478,1193,2025-09-15,Falta injustificada,0,2,16
7479,1195,2018-08-22,Atestado,1,1,8
7480,1195,2019-02-05,Falta injustificada,0,2,16
7481,1195,2024-04-09,Atestado,1,1,8
7482,1195,2025-03-21,Falta injustificada,0,3,24
7483,1195,2021-06-26,Atestado,1,1,8
7484,1195,2021-08-22,Falta injustificada,0,3,24
7485,1195,2025-02-26,Atraso,1,0,1
7486,1196,2021-01-27,Licença curta,1,4,32
7487,1196,2020-12-20,Atestado,1,2,16
7488,1196,2022-12-14,Atestado,1,1,8
7489,1196,2025-07-03,Falta injustificada,0,3,24
7490,1196,2023-08-04,Atestado,1,1,8
7491,1196,2025-07-21,Licença curta,1,5,40
7492,1196,2024-04-06,Atraso,1,0,2
7493,1196,2022-12-21,Falta injustificada,0,3,24
7494,1198,2020-01-12,Atestado,1,1,8
7495,1198,2022-07-20,Atestado,1,1,8
7496,1198,2021-07-23,Licença curta,1,4,32
7497,1198,2018-08-10,Atestado,1,2,16
7498,1198,2023-05-12,Falta injustificada,0,2,16
7499,1198,2021-07-30,Atestado,1,2,16
7500,1198,2020-03-28,Atestado,1,1,8
7501,1198,2023-06-16,Atraso,1,0,1
7502,1198,2019-12-27,Falta injustificada,0,3,24
7503,1198,2022-12-10,Atestado,1,2,16
7504,1198,2019-11-17,Atestado,1,3,24
7505,1198,2019-12-16,Licença curta,1,4,32
7506,1198,2018-08-21,Falta injustificada,0,3,24
7507,1198,2019-06-15,Licença curta,1,5,40
7508,1198,2023-09-27,Licença curta,1,5,40
7509,1198,2018-12-15,Licença curta,1,3,24
7510,1199,2024-03-15,Licença curta,1,2,16
