id_hora_extra,id_colaborador,data_hora_extra,horas_extras,horas_banco,tipo_lancamento
1,2,2021-12-24,0.91,0.0,Hora extra paga
2,2,2020-08-18,9.83,9.83,Banco de horas positivo
3,2,2022-09-24,1.49,0.0,Hora extra paga
4,2,2023-06-11,1.82,0.0,Hora extra paga
5,3,2025-07-26,4.1,4.1,Banco de horas positivo
6,4,2023-08-07,3.14,3.14,Banco de horas positivo
7,4,2022-01-30,5.45,0.0,Hora extra paga
8,4,2020-12-25,5.94,5.94,Banco de horas positivo
9,4,2021-09-13,9.05,0.0,Hora extra paga
10,4,2021-09-20,4.38,4.38,Banco de horas positivo
11,4,2021-09-29,1.77,0.0,Hora extra paga
12,4,2023-02-25,0.52,0.0,Hora extra paga
13,6,2022-06-03,4.09,0.0,Compensação
14,6,2021-08-14,2.05,0.0,Hora extra paga
15,6,2021-11-11,10.45,0.0,Hora extra paga
16,6,2022-11-18,1.99,0.0,Hora extra paga
17,6,2023-02-15,3.48,0.0,Hora extra paga
18,6,2025-02-16,1.68,1.68,Banco de horas positivo
19,6,2022-01-29,1.41,0.0,Hora extra paga
20,6,2022-04-03,10.69,0.0,Hora extra paga
21,6,2023-01-20,0.43,0.43,Banco de horas positivo
22,6,2023-05-15,1.68,0.0,Hora extra paga
23,6,2021-09-23,3.6,3.6,Banco de horas positivo
24,7,2023-09-26,4.84,0.0,Hora extra paga
25,7,2024-03-03,4.16,4.16,Banco de horas positivo
26,7,2021-07-24,2.81,2.81,Banco de horas positivo
27,7,2023-09-20,1.62,1.62,Banco de horas positivo
28,7,2021-03-05,2.74,2.74,Banco de horas positivo
29,7,2022-04-07,3.44,3.44,Banco de horas positivo
30,7,2025-11-17,1.18,0.0,Hora extra paga
31,7,2022-01-14,4.13,4.13,Banco de horas positivo
32,7,2024-12-01,0.66,0.66,Banco de horas positivo
33,7,2021-09-08,4.3,0.0,Hora extra paga
34,7,2021-07-22,2.73,2.73,Banco de horas positivo
35,7,2024-06-30,8.4,8.4,Banco de horas positivo
36,7,2022-01-12,2.8,0.0,Hora extra paga
37,8,2019-01-15,2.18,2.18,Banco de horas positivo
38,8,2021-03-02,1.16,0.0,Hora extra paga
39,8,2019-09-02,5.17,0.0,Hora extra paga
40,9,2020-12-09,3.12,3.12,Banco de horas positivo
41,9,2023-03-21,3.52,0.0,Hora extra paga
42,9,2021-02-25,2.01,0.0,Compensação
43,10,2025-08-18,2.68,0.0,Hora extra paga
44,10,2025-01-30,9.03,9.03,Banco de horas positivo
45,10,2024-07-24,9.17,0.0,Compensação
46,10,2025-07-02,8.43,0.0,Hora extra paga
47,10,2025-07-31,4.56,0.0,Hora extra paga
48,11,2024-01-09,3.07,3.07,Banco de horas positivo
49,11,2024-05-16,1.27,0.0,Hora extra paga
50,11,2021-07-07,1.08,1.08,Banco de horas positivo
51,11,2022-04-16,2.29,2.29,Banco de horas positivo
52,11,2022-08-08,1.47,0.0,Hora extra paga
53,11,2025-03-04,5.19,0.0,Hora extra paga
54,11,2020-12-27,2.4,0.0,Hora extra paga
55,11,2023-06-26,0.63,0.0,Compensação
56,11,2023-08-07,3.96,0.0,Hora extra paga
57,11,2023-02-14,2.8,0.0,Hora extra paga
58,11,2020-09-15,4.3,0.0,Compensação
59,11,2022-01-17,5.74,0.0,Hora extra paga
60,12,2024-06-28,0.13,0.0,Hora extra paga
61,12,2023-01-21,0.47,0.47,Banco de horas positivo
62,12,2021-07-06,8.75,0.0,Hora extra paga
63,12,2022-01-13,3.17,3.17,Banco de horas positivo
64,12,2023-06-19,3.22,0.0,Hora extra paga
65,12,2022-11-23,4.46,0.0,Hora extra paga
66,12,2024-02-09,10.76,0.0,Hora extra paga
67,13,2021-05-11,1.5,1.5,Banco de horas positivo
68,13,2025-09-13,12.0,12.0,Banco de horas positivo
69,13,2021-08-24,5.9,5.9,Banco de horas positivo
70,13,2023-07-15,0.21,0.21,Banco de horas positivo
71,13,2022-08-30,5.5,0.0,Hora extra paga
72,14,2022-12-13,2.64,2.64,Banco de horas positivo
73,14,2022-04-20,2.64,0.0,Hora extra paga
74,15,2025-06-14,2.05,2.05,Banco de horas positivo
75,15,2025-10-02,2.0,0.0,Hora extra paga
76,16,2023-10-04,0.64,0.64,Banco de horas positivo
77,16,2025-02-04,4.36,4.36,Banco de horas positivo
78,16,2023-11-20,7.36,0.0,Hora extra paga
79,16,2023-06-21,0.67,0.0,Compensação
80,16,2024-04-19,5.53,5.53,Banco de horas positivo
81,17,2024-04-10,3.58,3.58,Banco de horas positivo
82,17,2024-08-19,0.63,0.63,Banco de horas positivo
83,17,2022-03-30,7.59,0.0,Hora extra paga
84,18,2022-05-02,2.88,2.88,Banco de horas positivo
85,18,2024-02-19,4.05,4.05,Banco de horas positivo
86,18,2025-09-10,10.21,10.21,Banco de horas positivo
87,19,2025-01-22,1.37,0.0,Hora extra paga
88,20,2025-12-05,2.21,0.0,Hora extra paga
89,20,2025-06-13,4.95,4.95,Banco de horas positivo
90,21,2024-10-26,1.51,1.51,Banco de horas positivo
91,22,2024-10-02,7.07,7.07,Banco de horas positivo
92,22,2024-08-01,5.58,0.0,Hora extra paga
93,22,2024-12-30,4.34,0.0,Hora extra paga
94,22,2024-10-20,1.72,0.0,Hora extra paga
95,22,2025-12-03,4.65,0.0,Hora extra paga
96,22,2025-01-20,5.3,5.3,Banco de horas positivo
97,22,2024-10-30,12.0,0.0,Hora extra paga
98,23,2025-04-18,1.9,0.0,Hora extra paga
99,23,2024-01-29,2.94,0.0,Hora extra paga
100,23,2024-04-07,3.66,0.0,Hora extra paga
101,24,2025-03-21,7.52,0.0,Hora extra paga
102,25,2025-12-26,12.0,0.0,Hora extra paga
103,25,2025-04-08,1.36,0.0,Hora extra paga
104,26,2019-02-03,1.98,1.98,Banco de horas positivo
105,26,2021-05-04,2.29,0.0,Compensação
106,26,2021-03-11,3.12,3.12,Banco de horas positivo
107,26,2020-01-14,0.7,0.0,Hora extra paga
108,27,2025-05-30,12.0,12.0,Banco de horas positivo
109,27,2025-12-11,5.33,0.0,Hora extra paga
110,27,2024-01-18,11.7,0.0,Hora extra paga
111,27,2025-09-09,2.16,0.0,Hora extra paga
112,27,2025-05-23,9.79,0.0,Compensação
113,27,2025-02-21,3.92,3.92,Banco de horas positivo
114,27,2024-09-10,1.17,0.0,Hora extra paga
115,27,2023-09-30,0.97,0.0,Hora extra paga
116,27,2022-08-08,4.86,0.0,Hora extra paga
117,27,2025-07-17,5.15,0.0,Hora extra paga
118,27,2023-09-06,4.73,4.73,Banco de horas positivo
119,27,2025-12-04,1.13,0.0,Hora extra paga
120,27,2022-08-04,5.99,0.0,Hora extra paga
121,28,2025-11-09,2.93,0.0,Hora extra paga
122,28,2025-07-25,1.43,1.43,Banco de horas positivo
123,30,2025-10-06,2.57,0.0,Hora extra paga
124,30,2022-06-10,0.38,0.38,Banco de horas positivo
125,30,2021-01-01,4.23,0.0,Hora extra paga
126,30,2025-06-29,4.89,4.89,Banco de horas positivo
127,30,2021-09-13,1.07,0.0,Hora extra paga
128,30,2025-10-23,4.21,0.0,Hora extra paga
129,30,2023-04-15,7.35,7.35,Banco de horas positivo
130,30,2024-04-17,3.46,0.0,Hora extra paga
131,30,2020-01-16,2.24,0.0,Hora extra paga
132,30,2023-07-06,2.92,0.0,Hora extra paga
133,30,2022-04-13,3.06,0.0,Hora extra paga
134,30,2024-10-03,5.13,5.13,Banco de horas positivo
135,30,2019-12-21,3.34,3.34,Banco de horas positivo
136,30,2025-03-29,3.64,0.0,Hora extra paga
137,31,2025-11-20,1.59,0.0,Compensação
138,31,2024-08-09,6.76,6.76,Banco de horas positivo
139,31,2024-02-11,1.32,0.0,Hora extra paga
140,31,2025-02-22,0.49,0.0,Compensação
141,31,2022-10-24,6.81,0.0,Hora extra paga
142,31,2022-07-10,5.9,0.0,Hora extra paga
143,31,2025-08-22,1.1,0.0,Hora extra paga
144,31,2019-05-05,0.53,0.0,Hora extra paga
145,31,2023-02-03,2.99,0.0,Hora extra paga
146,31,2023-05-16,1.91,1.91,Banco de horas positivo
147,31,2025-11-09,3.52,0.0,Hora extra paga
148,31,2018-09-10,0.71,0.71,Banco de horas positivo
149,31,2022-07-10,2.45,0.0,Hora extra paga
150,31,2023-07-29,3.53,0.0,Hora extra paga
151,31,2020-08-26,1.72,1.72,Banco de horas positivo
152,31,2022-07-20,1.53,1.53,Banco de horas positivo
153,31,2023-10-26,3.49,0.0,Hora extra paga
154,31,2019-08-26,1.31,0.0,Hora extra paga
155,31,2018-03-07,0.68,0.68,Banco de horas positivo
156,32,2024-02-12,12.0,0.0,Hora extra paga
157,32,2022-01-30,10.07,0.0,Hora extra paga
158,32,2024-03-06,1.01,0.0,Hora extra paga
159,32,2025-02-06,4.14,0.0,Hora extra paga
160,32,2022-11-16,12.0,0.0,Compensação
161,32,2022-07-17,2.13,2.13,Banco de horas positivo
162,32,2025-10-06,6.17,0.0,Compensação
163,32,2023-01-11,4.07,0.0,Hora extra paga
164,32,2023-01-30,3.18,0.0,Hora extra paga
165,33,2024-12-27,4.0,4.0,Banco de horas positivo
166,33,2025-05-04,2.1,2.1,Banco de horas positivo
167,33,2025-04-12,4.21,0.0,Hora extra paga
168,34,2020-07-24,3.32,0.0,Hora extra paga
169,34,2019-09-29,7.41,0.0,Hora extra paga
170,34,2023-03-10,5.61,5.61,Banco de horas positivo
171,34,2022-11-18,0.74,0.0,Hora extra paga
172,34,2018-12-10,2.7,0.0,Hora extra paga
173,34,2022-07-14,3.73,0.0,Hora extra paga
174,34,2024-10-27,6.33,6.33,Banco de horas positivo
175,34,2023-10-17,0.94,0.0,Hora extra paga
176,34,2019-12-14,3.75,0.0,Hora extra paga
177,34,2021-09-30,2.06,2.06,Banco de horas positivo
178,35,2024-05-23,12.0,12.0,Banco de horas positivo
179,35,2021-07-15,3.38,0.0,Hora extra paga
180,35,2020-09-01,5.78,0.0,Hora extra paga
181,35,2025-09-18,1.69,0.0,Hora extra paga
182,35,2021-10-21,2.6,0.0,Compensação
183,35,2020-08-31,1.86,0.0,Hora extra paga
184,35,2021-05-29,2.47,2.47,Banco de horas positivo
185,35,2023-07-10,2.46,0.0,Compensação
186,35,2024-04-24,12.0,12.0,Banco de horas positivo
187,35,2024-12-21,8.34,0.0,Hora extra paga
188,35,2020-04-17,4.15,0.0,Hora extra paga
189,35,2025-11-04,2.93,0.0,Hora extra paga
190,35,2022-11-11,2.21,0.0,Hora extra paga
191,35,2022-06-28,2.2,2.2,Banco de horas positivo
192,36,2025-03-13,5.63,5.63,Banco de horas positivo
193,36,2023-08-12,8.17,8.17,Banco de horas positivo
194,36,2020-07-22,4.86,4.86,Banco de horas positivo
195,36,2022-02-24,0.64,0.64,Banco de horas positivo
196,36,2021-10-18,3.86,0.0,Hora extra paga
197,36,2020-10-18,3.72,3.72,Banco de horas positivo
198,36,2024-02-01,5.56,0.0,Hora extra paga
199,36,2020-10-02,3.84,3.84,Banco de horas positivo
200,36,2022-12-14,12.0,12.0,Banco de horas positivo
201,36,2025-03-26,1.64,0.0,Hora extra paga
202,36,2023-03-10,6.63,0.0,Hora extra paga
203,37,2024-05-04,5.41,0.0,Hora extra paga
204,37,2023-02-17,6.64,6.64,Banco de horas positivo
205,37,2025-02-16,5.65,0.0,Hora extra paga
206,37,2022-03-23,7.18,7.18,Banco de horas positivo
207,37,2023-03-02,8.17,8.17,Banco de horas positivo
208,37,2024-11-21,2.28,0.0,Hora extra paga
209,37,2023-05-22,5.61,0.0,Hora extra paga
210,37,2025-08-14,7.68,0.0,Hora extra paga
211,37,2024-11-29,2.51,0.0,Hora extra paga
212,37,2024-05-13,1.12,0.0,Compensação
213,38,2025-05-09,5.36,5.36,Banco de horas positivo
214,38,2025-07-26,7.78,0.0,Hora extra paga
215,39,2022-02-28,1.03,1.03,Banco de horas positivo
216,39,2025-06-02,1.65,0.0,Hora extra paga
217,39,2022-04-06,2.54,0.0,Compensação
218,39,2023-05-19,1.83,0.0,Hora extra paga
219,39,2023-09-26,4.99,0.0,Hora extra paga
220,39,2024-04-28,4.98,4.98,Banco de horas positivo
221,39,2025-04-20,2.6,2.6,Banco de horas positivo
222,39,2024-11-06,1.77,1.77,Banco de horas positivo
223,39,2024-08-20,6.6,6.6,Banco de horas positivo
224,40,2023-01-14,2.49,2.49,Banco de horas positivo
225,40,2025-11-13,11.8,0.0,Hora extra paga
226,40,2025-01-05,6.15,6.15,Banco de horas positivo
227,40,2024-09-06,5.8,5.8,Banco de horas positivo
228,40,2025-08-03,2.26,2.26,Banco de horas positivo
229,40,2020-09-02,2.61,0.0,Hora extra paga
230,40,2024-05-14,4.23,4.23,Banco de horas positivo
231,40,2024-02-22,0.49,0.0,Hora extra paga
232,40,2022-12-11,1.53,0.0,Hora extra paga
233,40,2020-12-25,0.64,0.0,Hora extra paga
234,40,2022-06-22,1.79,1.79,Banco de horas positivo
235,40,2025-08-25,4.91,0.0,Hora extra paga
236,40,2021-06-22,0.85,0.0,Compensação
237,40,2021-10-15,1.88,0.0,Hora extra paga
238,40,2025-06-28,1.64,0.0,Compensação
239,41,2024-11-09,4.82,0.0,Hora extra paga
240,41,2023-04-06,3.73,0.0,Hora extra paga
241,41,2023-10-11,1.67,1.67,Banco de horas positivo
242,41,2023-02-19,0.46,0.0,Hora extra paga
243,41,2024-02-11,4.18,0.0,Hora extra paga
244,41,2020-12-14,4.12,0.0,Hora extra paga
245,41,2024-10-20,2.06,0.0,Hora extra paga
246,41,2020-11-06,0.42,0.42,Banco de horas positivo
247,41,2019-01-19,4.03,0.0,Hora extra paga
248,41,2025-08-29,9.4,0.0,Hora extra paga
249,41,2023-10-29,2.7,2.7,Banco de horas positivo
250,41,2021-11-02,7.33,0.0,Hora extra paga
251,41,2023-01-09,12.0,0.0,Hora extra paga
252,41,2019-08-19,3.92,0.0,Hora extra paga
253,41,2025-08-23,8.68,8.68,Banco de horas positivo
254,41,2019-06-21,0.22,0.22,Banco de horas positivo
255,41,2025-10-18,6.71,0.0,Compensação
256,41,2023-12-06,10.79,0.0,Hora extra paga
257,41,2024-04-22,2.52,0.0,Hora extra paga
258,41,2025-08-08,8.29,0.0,Hora extra paga
259,42,2024-02-08,4.08,0.0,Hora extra paga
260,42,2023-11-19,6.43,6.43,Banco de horas positivo
261,42,2023-04-12,7.6,0.0,Compensação
262,42,2024-02-28,1.37,0.0,Hora extra paga
263,42,2021-12-18,0.93,0.0,Hora extra paga
264,42,2025-12-05,2.64,2.64,Banco de horas positivo
265,42,2024-08-14,2.72,2.72,Banco de horas positivo
266,42,2024-05-05,1.92,0.0,Hora extra paga
267,43,2025-08-16,2.09,0.0,Hora extra paga
268,43,2025-10-26,2.3,2.3,Banco de horas positivo
269,44,2025-05-09,3.07,3.07,Banco de horas positivo
270,44,2023-06-06,4.83,0.0,Hora extra paga
271,44,2023-04-17,3.78,3.78,Banco de horas positivo
272,44,2024-05-11,1.78,0.0,Hora extra paga
273,44,2025-06-17,8.78,0.0,Hora extra paga
274,44,2025-10-19,1.8,0.0,Hora extra paga
275,44,2023-08-31,0.78,0.78,Banco de horas positivo
276,44,2025-05-02,3.76,3.76,Banco de horas positivo
277,44,2022-10-12,6.45,6.45,Banco de horas positivo
278,44,2025-07-19,1.07,0.0,Compensação
279,44,2024-05-07,2.72,2.72,Banco de horas positivo
280,44,2025-07-03,4.73,0.0,Hora extra paga
281,44,2022-07-27,3.94,0.0,Compensação
282,44,2024-10-19,1.38,0.0,Hora extra paga
283,45,2023-10-17,7.2,0.0,Compensação
284,45,2024-01-30,1.62,0.0,Hora extra paga
285,45,2024-10-25,5.78,5.78,Banco de horas positivo
286,45,2023-01-15,3.18,3.18,Banco de horas positivo
287,45,2024-04-04,2.43,2.43,Banco de horas positivo
288,45,2022-12-01,3.2,3.2,Banco de horas positivo
289,45,2024-10-08,1.39,1.39,Banco de horas positivo
290,45,2024-12-08,5.12,0.0,Hora extra paga
291,46,2025-08-05,11.11,11.11,Banco de horas positivo
292,46,2025-10-05,3.36,0.0,Hora extra paga
293,47,2023-11-14,2.24,2.24,Banco de horas positivo
294,47,2025-04-08,1.8,1.8,Banco de horas positivo
295,47,2020-07-29,5.25,0.0,Hora extra paga
296,47,2020-06-28,1.65,0.0,Hora extra paga
297,47,2021-07-19,5.8,0.0,Compensação
298,47,2022-01-11,2.96,0.0,Compensação
299,48,2023-03-12,3.87,0.0,Hora extra paga
300,48,2022-01-11,1.51,1.51,Banco de horas positivo
301,48,2023-11-25,3.43,0.0,Hora extra paga
302,48,2024-04-04,2.08,2.08,Banco de horas positivo
303,48,2023-01-25,7.5,7.5,Banco de horas positivo
304,48,2022-11-15,4.1,0.0,Hora extra paga
305,48,2022-02-07,4.18,0.0,Hora extra paga
306,48,2025-12-05,2.74,0.0,Hora extra paga
307,48,2024-06-19,4.35,0.0,Compensação
308,48,2025-03-22,1.38,1.38,Banco de horas positivo
309,48,2024-06-23,2.76,0.0,Compensação
310,48,2022-04-04,2.59,2.59,Banco de horas positivo
311,48,2021-08-18,2.16,2.16,Banco de horas positivo
312,48,2024-01-06,2.59,2.59,Banco de horas positivo
313,48,2023-05-10,11.81,0.0,Hora extra paga
314,49,2024-09-10,1.46,1.46,Banco de horas positivo
315,49,2025-12-17,10.54,0.0,Hora extra paga
316,49,2024-11-11,3.45,3.45,Banco de horas positivo
317,49,2025-12-13,3.04,0.0,Hora extra paga
318,49,2024-07-18,0.6,0.6,Banco de horas positivo
319,49,2025-08-31,4.87,0.0,Compensação
320,50,2024-08-16,4.29,4.29,Banco de horas positivo
321,50,2021-03-08,8.03,0.0,Hora extra paga
322,50,2022-07-22,0.67,0.67,Banco de horas positivo
323,50,2020-08-28,2.46,0.0,Hora extra paga
324,50,2020-05-06,0.57,0.0,Hora extra paga
325,50,2024-04-16,1.76,1.76,Banco de horas positivo
326,50,2024-08-02,3.41,0.0,Hora extra paga
327,50,2019-04-28,5.59,0.0,Hora extra paga
328,50,2021-12-24,2.61,0.0,Compensação
329,50,2022-09-15,2.16,0.0,Hora extra paga
330,50,2020-01-04,1.78,1.78,Banco de horas positivo
331,50,2021-02-01,4.41,0.0,Hora extra paga
332,50,2019-01-22,3.55,3.55,Banco de horas positivo
333,50,2025-11-03,9.31,9.31,Banco de horas positivo
334,50,2025-10-18,7.54,7.54,Banco de horas positivo
335,50,2021-11-03,9.79,9.79,Banco de horas positivo
336,50,2020-04-04,2.79,0.0,Compensação
337,50,2024-02-22,2.14,0.0,Hora extra paga
338,50,2021-12-14,2.68,0.0,Hora extra paga
339,51,2025-06-03,2.34,2.34,Banco de horas positivo
340,51,2024-10-01,1.26,1.26,Banco de horas positivo
341,51,2023-11-24,3.82,3.82,Banco de horas positivo
342,51,2025-12-16,4.87,4.87,Banco de horas positivo
343,51,2024-05-11,1.43,0.0,Hora extra paga
344,51,2024-06-27,0.47,0.0,Hora extra paga
345,51,2023-11-13,1.34,1.34,Banco de horas positivo
346,51,2025-01-04,3.79,0.0,Hora extra paga
347,51,2023-11-17,6.58,6.58,Banco de horas positivo
348,51,2024-07-12,8.06,0.0,Hora extra paga
349,51,2025-01-18,1.39,0.0,Hora extra paga
350,52,2020-07-04,3.08,3.08,Banco de horas positivo
351,52,2025-10-24,0.92,0.0,Hora extra paga
352,52,2020-07-07,4.39,0.0,Hora extra paga
353,52,2021-11-15,1.99,1.99,Banco de horas positivo
354,52,2023-12-18,3.96,0.0,Hora extra paga
355,52,2024-11-03,9.06,0.0,Hora extra paga
356,52,2025-09-20,0.91,0.0,Hora extra paga
357,52,2022-03-04,5.53,0.0,Hora extra paga
358,52,2019-03-03,5.45,0.0,Hora extra paga
359,52,2020-07-12,2.33,0.0,Hora extra paga
360,52,2023-09-06,2.83,2.83,Banco de horas positivo
361,52,2019-03-20,2.04,2.04,Banco de horas positivo
362,52,2024-04-20,1.12,1.12,Banco de horas positivo
363,52,2025-12-28,4.8,0.0,Hora extra paga
364,52,2022-05-30,8.57,8.57,Banco de horas positivo
365,52,2022-03-01,2.26,2.26,Banco de horas positivo
366,52,2022-02-15,3.93,0.0,Hora extra paga
367,53,2022-11-20,7.44,7.44,Banco de horas positivo
368,53,2025-06-27,9.73,0.0,Hora extra paga
369,53,2025-08-26,2.95,2.95,Banco de horas positivo
370,54,2023-01-28,3.43,0.0,Hora extra paga
371,54,2024-06-17,2.48,0.0,Hora extra paga
372,54,2023-10-07,3.6,0.0,Hora extra paga
373,54,2020-04-21,5.65,0.0,Hora extra paga
374,55,2025-10-15,1.63,1.63,Banco de horas positivo
375,55,2024-12-23,4.05,4.05,Banco de horas positivo
376,55,2025-06-12,8.67,8.67,Banco de horas positivo
377,55,2025-12-26,2.0,0.0,Hora extra paga
378,55,2024-11-19,1.63,0.0,Hora extra paga
379,55,2024-10-23,2.06,2.06,Banco de horas positivo
380,55,2024-09-15,1.7,1.7,Banco de horas positivo
381,55,2024-02-06,6.78,0.0,Hora extra paga
382,55,2024-08-15,6.24,0.0,Hora extra paga
383,57,2022-01-27,2.07,0.0,Hora extra paga
384,57,2025-09-05,2.3,0.0,Hora extra paga
385,57,2025-08-16,0.85,0.85,Banco de horas positivo
386,57,2019-12-25,4.18,4.18,Banco de horas positivo
387,57,2024-05-19,2.66,0.0,Hora extra paga
388,57,2025-02-08,0.59,0.0,Compensação
389,57,2019-06-22,1.45,0.0,Hora extra paga
390,58,2024-10-01,9.66,9.66,Banco de horas positivo
391,58,2025-01-04,5.69,0.0,Compensação
392,60,2025-06-01,3.09,0.0,Hora extra paga
393,61,2021-11-06,3.22,3.22,Banco de horas positivo
394,61,2021-03-10,4.45,4.45,Banco de horas positivo
395,61,2022-01-15,6.17,0.0,Hora extra paga
396,61,2023-11-07,2.75,0.0,Hora extra paga
397,61,2025-08-06,0.35,0.35,Banco de horas positivo
398,61,2024-11-16,3.55,0.0,Compensação
399,61,2022-10-18,0.41,0.0,Compensação
400,61,2024-03-09,1.4,0.0,Hora extra paga
401,61,2022-04-01,5.01,0.0,Compensação
402,61,2022-06-08,8.97,0.0,Hora extra paga
403,61,2025-05-16,1.56,0.0,Hora extra paga
404,61,2021-02-19,1.48,0.0,Hora extra paga
405,61,2021-05-29,6.77,6.77,Banco de horas positivo
406,61,2025-08-17,6.87,0.0,Hora extra paga
407,61,2022-12-19,4.21,0.0,Hora extra paga
408,61,2022-02-07,0.06,0.0,Hora extra paga
409,61,2023-02-19,2.09,0.0,Hora extra paga
410,61,2022-08-25,3.84,3.84,Banco de horas positivo
411,61,2021-06-02,0.8,0.0,Hora extra paga
412,62,2022-10-20,1.82,0.0,Hora extra paga
413,62,2022-08-16,2.91,0.0,Hora extra paga
414,62,2023-07-10,0.2,0.2,Banco de horas positivo
415,62,2021-07-31,1.45,0.0,Hora extra paga
416,63,2023-05-19,2.84,2.84,Banco de horas positivo
417,63,2023-05-21,12.0,0.0,Hora extra paga
418,63,2022-09-06,12.0,0.0,Hora extra paga
419,63,2022-02-23,3.06,0.0,Hora extra paga
420,63,2022-10-05,0.98,0.0,Hora extra paga
421,63,2025-08-19,1.85,1.85,Banco de horas positivo
422,63,2022-07-09,3.36,0.0,Hora extra paga
423,63,2023-08-07,4.64,0.0,Hora extra paga
424,63,2025-01-07,4.32,0.0,Hora extra paga
425,64,2021-07-11,1.82,0.0,Hora extra paga
426,64,2023-10-29,3.19,3.19,Banco de horas positivo
427,64,2024-06-16,4.22,4.22,Banco de horas positivo
428,64,2025-01-01,12.0,0.0,Compensação
429,64,2020-03-18,4.81,4.81,Banco de horas positivo
430,64,2021-10-16,3.87,0.0,Compensação
431,64,2023-11-25,2.55,0.0,Hora extra paga
432,64,2024-02-20,7.39,0.0,Hora extra paga
433,64,2022-09-05,12.0,0.0,Compensação
434,65,2019-12-31,1.53,0.0,Hora extra paga
435,65,2019-08-31,5.2,5.2,Banco de horas positivo
436,65,2022-06-19,12.0,0.0,Hora extra paga
437,65,2021-03-01,6.31,0.0,Hora extra paga
438,65,2020-09-15,3.89,0.0,Compensação
439,65,2022-08-31,8.44,0.0,Hora extra paga
440,65,2020-06-17,1.03,1.03,Banco de horas positivo
441,65,2019-11-18,6.89,6.89,Banco de horas positivo
442,65,2023-06-15,7.06,0.0,Hora extra paga
443,65,2021-06-22,5.84,0.0,Hora extra paga
444,65,2024-08-09,7.13,7.13,Banco de horas positivo
445,65,2023-10-12,3.53,0.0,Compensação
446,66,2025-09-14,1.69,0.0,Hora extra paga
447,66,2021-02-19,2.29,2.29,Banco de horas positivo
448,66,2025-08-23,4.29,0.0,Hora extra paga
449,66,2025-01-26,3.41,3.41,Banco de horas positivo
450,66,2020-06-11,10.97,0.0,Hora extra paga
451,67,2025-10-03,3.25,0.0,Hora extra paga
452,67,2025-11-05,2.37,2.37,Banco de horas positivo
453,69,2019-12-09,2.15,0.0,Compensação
454,69,2021-11-17,2.8,0.0,Hora extra paga
455,69,2019-03-28,1.41,0.0,Hora extra paga
456,69,2020-09-21,0.66,0.0,Hora extra paga
457,69,2021-03-23,4.11,0.0,Hora extra paga
458,69,2019-12-05,1.38,1.38,Banco de horas positivo
459,69,2020-07-08,3.08,0.0,Compensação
460,70,2023-04-15,2.93,0.0,Hora extra paga
461,71,2023-10-08,5.13,0.0,Hora extra paga
462,71,2023-12-11,8.71,8.71,Banco de horas positivo
463,71,2025-08-14,5.38,0.0,Hora extra paga
464,71,2025-02-11,1.29,0.0,Hora extra paga
465,71,2022-10-08,1.57,0.0,Hora extra paga
466,71,2023-01-26,0.61,0.0,Hora extra paga
467,71,2021-09-23,3.49,0.0,Compensação
468,71,2025-10-22,8.29,8.29,Banco de horas positivo
469,71,2021-08-01,7.84,7.84,Banco de horas positivo
470,71,2022-09-02,3.91,3.91,Banco de horas positivo
471,71,2023-12-10,6.8,0.0,Hora extra paga
472,71,2025-05-09,6.92,6.92,Banco de horas positivo
473,71,2025-12-07,3.22,0.0,Compensação
474,71,2025-05-09,5.17,0.0,Compensação
475,72,2025-06-14,3.98,3.98,Banco de horas positivo
476,72,2023-07-03,5.14,0.0,Hora extra paga
477,72,2023-06-09,2.55,0.0,Hora extra paga
478,72,2021-06-06,5.8,5.8,Banco de horas positivo
479,72,2022-12-03,3.49,0.0,Compensação
480,72,2025-06-08,1.72,0.0,Hora extra paga
481,72,2024-05-17,8.62,0.0,Hora extra paga
482,72,2023-12-11,3.15,0.0,Compensação
483,72,2023-06-07,8.75,0.0,Hora extra paga
484,72,2025-07-18,5.77,0.0,Hora extra paga
485,72,2025-05-01,4.28,4.28,Banco de horas positivo
486,72,2023-08-17,0.54,0.54,Banco de horas positivo
487,72,2024-02-15,3.79,0.0,Hora extra paga
488,72,2023-08-01,2.18,0.0,Hora extra paga
489,72,2022-09-02,5.48,5.48,Banco de horas positivo
490,72,2022-10-11,3.45,3.45,Banco de horas positivo
491,72,2022-01-16,2.65,0.0,Hora extra paga
492,73,2021-09-17,1.27,1.27,Banco de horas positivo
493,73,2023-09-13,3.68,0.0,Compensação
494,74,2024-09-08,12.0,12.0,Banco de horas positivo
495,74,2025-08-27,1.49,0.0,Compensação
496,74,2024-09-07,0.72,0.0,Hora extra paga
497,74,2024-05-12,3.49,0.0,Hora extra paga
498,75,2022-09-15,6.22,0.0,Hora extra paga
499,75,2023-03-20,4.83,0.0,Hora extra paga
500,75,2021-07-29,12.0,0.0,Hora extra paga
501,75,2023-10-12,4.35,0.0,Hora extra paga
502,75,2022-12-20,3.08,0.0,Hora extra paga
503,76,2024-05-23,1.5,0.0,Hora extra paga
504,76,2023-09-27,4.4,4.4,Banco de horas positivo
505,76,2023-03-21,5.29,5.29,Banco de horas positivo
506,76,2022-11-21,7.59,0.0,Compensação
507,76,2021-08-27,6.0,0.0,Compensação
508,76,2025-04-16,9.45,0.0,Hora extra paga
509,77,2019-11-22,6.43,0.0,Hora extra paga
510,77,2021-11-11,2.15,0.0,Hora extra paga
511,77,2025-05-03,3.9,0.0,Hora extra paga
512,77,2019-10-12,6.98,0.0,Hora extra paga
513,77,2019-05-18,1.37,1.37,Banco de horas positivo
514,77,2023-04-01,1.24,0.0,Compensação
515,77,2022-03-05,8.59,8.59,Banco de horas positivo
516,77,2018-09-25,0.98,0.98,Banco de horas positivo
517,77,2019-12-22,2.48,0.0,Hora extra paga
518,77,2018-07-08,7.19,0.0,Hora extra paga
519,77,2018-11-21,0.78,0.78,Banco de horas positivo
520,77,2018-12-05,12.0,12.0,Banco de horas positivo
521,77,2020-03-12,5.17,0.0,Hora extra paga
522,77,2021-11-20,3.82,0.0,Hora extra paga
523,77,2022-08-16,2.82,0.0,Compensação
524,77,2025-08-13,2.58,0.0,Hora extra paga
525,77,2021-01-08,5.59,0.0,Hora extra paga
526,78,2025-09-23,0.76,0.0,Compensação
527,78,2021-10-03,1.03,0.0,Hora extra paga
528,78,2019-12-20,4.81,0.0,Hora extra paga
529,78,2021-10-21,2.62,2.62,Banco de horas positivo
530,78,2020-08-16,5.16,0.0,Compensação
531,78,2020-06-14,1.1,1.1,Banco de horas positivo
532,78,2022-10-23,0.43,0.43,Banco de horas positivo
533,78,2022-09-17,1.66,0.0,Hora extra paga
534,78,2019-12-06,2.88,0.0,Hora extra paga
535,78,2021-06-28,4.93,4.93,Banco de horas positivo
536,78,2019-03-20,12.0,0.0,Hora extra paga
537,78,2022-10-15,0.27,0.27,Banco de horas positivo
538,78,2022-12-19,10.24,0.0,Hora extra paga
539,78,2024-07-17,4.76,0.0,Hora extra paga
540,78,2019-07-14,2.1,0.0,Hora extra paga
541,78,2025-01-02,4.17,4.17,Banco de horas positivo
542,78,2021-06-10,6.88,0.0,Hora extra paga
543,78,2023-12-05,4.34,4.34,Banco de horas positivo
544,78,2025-05-20,6.64,0.0,Hora extra paga
545,78,2021-03-13,2.82,0.0,Hora extra paga
546,79,2020-11-10,3.98,0.0,Compensação
547,79,2022-12-01,4.21,4.21,Banco de horas positivo
548,79,2023-02-19,5.03,5.03,Banco de horas positivo
549,79,2022-12-03,5.69,0.0,Hora extra paga
550,79,2025-07-25,6.58,0.0,Hora extra paga
551,81,2023-09-22,0.85,0.0,Hora extra paga
552,81,2024-03-29,4.92,4.92,Banco de horas positivo
553,81,2022-12-06,4.05,0.0,Hora extra paga
554,81,2022-12-12,9.9,0.0,Hora extra paga
555,81,2024-01-27,4.96,0.0,Hora extra paga
556,81,2024-04-04,2.02,0.0,Hora extra paga
557,81,2024-10-19,2.11,2.11,Banco de horas positivo
558,81,2023-07-14,2.0,2.0,Banco de horas positivo
559,81,2021-08-04,3.9,0.0,Hora extra paga
560,81,2023-08-02,1.83,0.0,Compensação
561,82,2023-11-01,2.33,0.0,Hora extra paga
562,82,2023-03-15,2.54,0.0,Hora extra paga
563,82,2022-04-21,2.14,2.14,Banco de horas positivo
564,82,2023-09-08,1.69,1.69,Banco de horas positivo
565,82,2019-09-05,3.4,0.0,Hora extra paga
566,82,2020-10-21,1.12,1.12,Banco de horas positivo
567,82,2020-12-13,2.2,2.2,Banco de horas positivo
568,82,2023-06-22,1.43,1.43,Banco de horas positivo
569,84,2024-09-12,2.57,0.0,Hora extra paga
570,84,2025-07-19,1.12,0.0,Hora extra paga
571,84,2023-08-07,0.48,0.0,Compensação
572,84,2025-02-27,2.22,0.0,Hora extra paga
573,84,2022-10-07,3.04,0.0,Hora extra paga
574,84,2024-09-24,5.92,0.0,Hora extra paga
575,84,2023-06-11,5.05,0.0,Hora extra paga
576,84,2021-12-18,3.84,3.84,Banco de horas positivo
577,85,2024-01-09,5.09,0.0,Hora extra paga
578,85,2024-03-12,5.09,0.0,Hora extra paga
579,85,2024-07-11,1.47,1.47,Banco de horas positivo
580,86,2025-09-20,12.0,0.0,Hora extra paga
581,86,2023-11-13,4.93,0.0,Hora extra paga
582,86,2025-02-12,1.97,0.0,Hora extra paga
583,87,2025-06-18,1.63,1.63,Banco de horas positivo
584,87,2022-06-16,3.45,0.0,Hora extra paga
585,87,2023-08-02,3.47,3.47,Banco de horas positivo
586,87,2023-02-17,3.56,0.0,Hora extra paga
587,87,2022-09-09,7.17,0.0,Compensação
588,88,2024-07-24,3.12,0.0,Hora extra paga
589,89,2025-04-21,3.26,0.0,Hora extra paga
590,89,2024-06-10,4.1,4.1,Banco de horas positivo
591,89,2024-04-25,12.0,0.0,Hora extra paga
592,89,2025-10-24,4.36,0.0,Hora extra paga
593,89,2025-05-09,2.44,0.0,Hora extra paga
594,89,2024-02-16,8.98,8.98,Banco de horas positivo
595,89,2025-11-23,5.34,0.0,Hora extra paga
596,90,2023-08-02,1.88,0.0,Hora extra paga
597,90,2023-11-26,4.96,0.0,Hora extra paga
598,90,2023-03-10,2.15,0.0,Hora extra paga
599,90,2023-07-18,1.59,1.59,Banco de horas positivo
600,90,2023-12-16,2.57,0.0,Hora extra paga
601,90,2023-08-22,7.68,7.68,Banco de horas positivo
602,90,2022-11-16,7.18,0.0,Hora extra paga
603,90,2024-07-18,4.99,4.99,Banco de horas positivo
604,90,2023-05-10,5.08,0.0,Hora extra paga
605,90,2023-03-02,5.33,0.0,Hora extra paga
606,93,2023-08-28,7.88,7.88,Banco de horas positivo
607,93,2019-07-09,1.2,0.0,Hora extra paga
608,93,2020-06-08,1.7,0.0,Hora extra paga
609,94,2025-10-11,4.66,4.66,Banco de horas positivo
610,94,2022-09-11,5.31,0.0,Hora extra paga
611,94,2024-08-10,6.57,6.57,Banco de horas positivo
612,94,2022-11-22,4.68,0.0,Hora extra paga
613,95,2023-06-30,7.63,0.0,Compensação
614,95,2019-10-19,3.46,0.0,Compensação
615,95,2020-04-16,1.38,0.0,Hora extra paga
616,95,2024-03-15,3.34,3.34,Banco de horas positivo
617,95,2023-03-14,3.41,3.41,Banco de horas positivo
618,95,2021-11-15,1.45,0.0,Hora extra paga
619,95,2018-04-11,1.29,0.0,Hora extra paga
620,95,2023-12-23,6.66,0.0,Hora extra paga
621,95,2019-11-09,5.98,0.0,Hora extra paga
622,95,2023-04-17,0.87,0.87,Banco de horas positivo
623,96,2025-08-20,1.42,0.0,Hora extra paga
624,96,2025-12-16,2.58,0.0,Compensação
625,96,2024-09-30,1.9,0.0,Hora extra paga
626,97,2024-10-28,6.01,0.0,Compensação
627,97,2024-03-27,4.64,0.0,Hora extra paga
628,97,2023-06-16,5.29,0.0,Hora extra paga
629,97,2025-03-01,2.89,0.0,Hora extra paga
630,97,2023-06-20,2.33,0.0,Compensação
631,97,2023-12-10,5.83,5.83,Banco de horas positivo
632,97,2024-04-21,1.79,1.79,Banco de horas positivo
633,97,2024-04-05,2.11,0.0,Hora extra paga
634,98,2022-07-20,3.27,0.0,Hora extra paga
635,98,2021-11-14,0.53,0.0,Hora extra paga
636,98,2023-01-09,5.28,5.28,Banco de horas positivo
637,98,2025-04-03,1.87,0.0,Hora extra paga
638,98,2025-12-28,4.97,0.0,Hora extra paga
639,98,2021-12-06,1.08,0.0,Hora extra paga
640,98,2024-05-17,4.28,4.28,Banco de horas positivo
641,98,2020-06-21,1.03,0.0,Hora extra paga
642,98,2023-03-15,5.43,0.0,Hora extra paga
643,98,2020-09-07,5.76,0.0,Compensação
644,98,2025-05-10,1.48,0.0,Hora extra paga
645,98,2019-04-26,1.9,0.0,Hora extra paga
646,98,2022-08-07,6.59,6.59,Banco de horas positivo
647,98,2020-07-19,8.11,8.11,Banco de horas positivo
648,98,2025-11-20,2.88,0.0,Hora extra paga
649,98,2019-12-18,2.46,0.0,Hora extra paga
650,98,2024-09-05,4.71,0.0,Hora extra paga
651,98,2024-01-14,1.57,1.57,Banco de horas positivo
652,98,2023-03-29,6.18,0.0,Hora extra paga
653,98,2025-02-28,5.07,0.0,Hora extra paga
654,98,2021-08-27,3.02,3.02,Banco de horas positivo
655,98,2020-02-05,4.69,0.0,Hora extra paga
656,98,2023-05-09,3.93,3.93,Banco de horas positivo
657,98,2019-07-19,2.74,2.74,Banco de horas positivo
658,98,2025-02-10,5.21,0.0,Hora extra paga
659,98,2020-12-27,1.7,0.0,Compensação
660,98,2023-11-18,3.11,3.11,Banco de horas positivo
661,99,2020-05-27,9.13,0.0,Hora extra paga
662,99,2024-04-21,6.54,0.0,Hora extra paga
663,99,2021-01-06,7.45,0.0,Hora extra paga
664,99,2019-10-04,1.49,0.0,Hora extra paga
665,99,2024-03-04,5.85,5.85,Banco de horas positivo
666,100,2022-08-23,0.75,0.0,Hora extra paga
667,100,2022-06-16,4.03,0.0,Hora extra paga
668,100,2025-03-14,9.25,9.25,Banco de horas positivo
669,100,2022-09-01,5.16,0.0,Hora extra paga
670,100,2022-04-27,3.74,0.0,Hora extra paga
671,100,2020-07-23,9.42,0.0,Compensação
672,101,2025-04-23,1.16,0.0,Hora extra paga
673,101,2025-02-09,5.16,5.16,Banco de horas positivo
674,102,2022-07-19,4.58,0.0,Hora extra paga
675,103,2020-12-07,2.51,0.0,Hora extra paga
676,103,2021-08-05,8.68,8.68,Banco de horas positivo
677,103,2023-10-25,1.83,0.0,Hora extra paga
678,103,2021-02-11,2.3,0.0,Compensação
679,105,2024-03-28,6.23,0.0,Hora extra paga
680,105,2025-02-25,2.72,0.0,Hora extra paga
681,105,2024-11-14,3.9,0.0,Hora extra paga
682,105,2025-10-19,4.55,0.0,Hora extra paga
683,105,2025-08-06,1.12,0.0,Hora extra paga
684,105,2024-03-02,0.48,0.48,Banco de horas positivo
685,105,2025-10-01,0.56,0.0,Compensação
686,105,2024-10-21,2.42,0.0,Hora extra paga
687,105,2024-08-13,3.52,0.0,Hora extra paga
688,106,2025-03-18,4.18,0.0,Hora extra paga
689,106,2025-03-15,2.14,2.14,Banco de horas positivo
690,107,2023-09-23,2.73,0.0,Compensação
691,108,2025-04-25,3.99,0.0,Hora extra paga
692,109,2023-11-13,6.14,0.0,Hora extra paga
693,109,2024-10-02,2.86,0.0,Hora extra paga
694,109,2024-12-20,4.88,4.88,Banco de horas positivo
695,109,2024-04-20,8.03,0.0,Hora extra paga
696,109,2025-12-17,0.45,0.45,Banco de horas positivo
697,109,2024-01-27,3.81,3.81,Banco de horas positivo
698,109,2024-09-22,4.35,4.35,Banco de horas positivo
699,110,2024-11-18,0.17,0.0,Compensação
700,110,2023-06-29,1.83,0.0,Hora extra paga
701,110,2023-04-06,2.57,0.0,Hora extra paga
702,111,2022-12-08,2.81,0.0,Hora extra paga
703,111,2021-04-12,1.23,0.0,Hora extra paga
704,111,2023-05-03,5.03,5.03,Banco de horas positivo
705,111,2024-08-28,0.85,0.0,Hora extra paga
706,111,2024-03-17,3.88,0.0,Hora extra paga
707,111,2023-03-11,0.82,0.0,Hora extra paga
708,111,2024-09-22,1.98,0.0,Hora extra paga
709,111,2024-10-06,7.82,0.0,Hora extra paga
710,112,2025-06-01,1.29,0.0,Hora extra paga
711,112,2023-11-18,3.0,0.0,Hora extra paga
712,112,2023-07-23,1.04,0.0,Hora extra paga
713,112,2024-11-09,2.92,0.0,Hora extra paga
714,112,2024-04-11,1.79,0.0,Hora extra paga
715,113,2021-06-21,7.68,0.0,Hora extra paga
716,113,2018-12-02,4.21,0.0,Hora extra paga
717,113,2025-02-06,1.65,0.0,Hora extra paga
718,113,2022-06-06,1.81,0.0,Hora extra paga
719,113,2021-08-17,4.16,0.0,Hora extra paga
720,113,2021-07-18,6.29,0.0,Hora extra paga
721,113,2025-03-05,6.46,0.0,Hora extra paga
722,114,2023-10-22,6.32,0.0,Hora extra paga
723,114,2025-01-27,4.84,4.84,Banco de horas positivo
724,114,2019-07-12,2.44,2.44,Banco de horas positivo
725,114,2020-03-30,3.15,3.15,Banco de horas positivo
726,114,2023-03-26,0.53,0.0,Hora extra paga
727,114,2024-12-27,7.91,0.0,Hora extra paga
728,114,2024-09-30,5.16,0.0,Compensação
729,114,2023-02-21,0.83,0.0,Hora extra paga
730,115,2021-05-13,3.63,0.0,Hora extra paga
731,115,2022-05-25,3.03,0.0,Hora extra paga
732,115,2024-07-20,3.85,0.0,Hora extra paga
733,115,2022-04-30,12.0,0.0,Hora extra paga
734,116,2025-05-19,4.52,0.0,Hora extra paga
735,116,2024-11-10,2.93,2.93,Banco de horas positivo
736,116,2024-12-27,1.92,0.0,Hora extra paga
737,116,2024-11-03,1.72,1.72,Banco de horas positivo
738,116,2025-03-24,4.59,0.0,Hora extra paga
739,117,2024-02-20,3.69,0.0,Hora extra paga
740,117,2025-04-25,1.35,0.0,Hora extra paga
741,118,2020-04-08,1.43,0.0,Compensação
742,119,2025-08-22,3.63,3.63,Banco de horas positivo
743,119,2025-10-21,4.7,0.0,Hora extra paga
744,119,2025-09-21,1.77,1.77,Banco de horas positivo
745,119,2024-08-23,1.68,0.0,Hora extra paga
746,120,2024-05-18,2.99,0.0,Hora extra paga
747,120,2025-12-05,1.5,0.0,Hora extra paga
748,120,2025-01-04,5.0,0.0,Hora extra paga
749,121,2021-12-03,2.73,0.0,Hora extra paga
750,121,2023-02-05,7.61,0.0,Hora extra paga
751,121,2021-11-02,4.17,4.17,Banco de horas positivo
752,121,2022-01-17,1.67,0.0,Hora extra paga
753,121,2020-09-08,7.3,0.0,Hora extra paga
754,121,2021-06-23,2.24,2.24,Banco de horas positivo
755,121,2021-11-18,3.09,3.09,Banco de horas positivo
756,122,2022-12-25,1.44,0.0,Compensação
757,122,2023-01-02,7.13,0.0,Hora extra paga
758,123,2025-12-30,2.42,0.0,Hora extra paga
759,123,2022-03-25,6.91,0.0,Hora extra paga
760,124,2024-06-29,3.03,0.0,Hora extra paga
761,124,2020-06-17,2.89,0.0,Compensação
762,124,2020-04-16,4.03,0.0,Hora extra paga
763,124,2018-10-09,10.26,10.26,Banco de horas positivo
764,124,2018-11-06,3.5,0.0,Hora extra paga
765,124,2021-04-28,12.0,0.0,Hora extra paga
766,124,2024-07-25,2.19,0.0,Compensação
767,124,2023-10-31,2.26,0.0,Hora extra paga
768,124,2025-02-24,1.68,0.0,Hora extra paga
769,124,2023-07-28,0.76,0.0,Hora extra paga
770,124,2024-03-01,12.0,0.0,Hora extra paga
771,124,2023-12-30,8.7,8.7,Banco de horas positivo
772,124,2024-01-09,1.92,0.0,Hora extra paga
773,124,2024-09-23,11.76,0.0,Compensação
774,124,2023-04-07,4.08,0.0,Hora extra paga
775,124,2022-04-07,2.18,2.18,Banco de horas positivo
776,124,2020-09-16,2.28,0.0,Hora extra paga
777,124,2022-07-10,2.99,0.0,Hora extra paga
778,124,2025-10-31,4.76,0.0,Hora extra paga
779,124,2024-02-12,3.72,3.72,Banco de horas positivo
780,124,2022-05-10,0.47,0.0,Hora extra paga
781,124,2020-06-02,3.63,0.0,Hora extra paga
782,124,2021-01-01,1.35,0.0,Hora extra paga
783,125,2025-09-16,2.97,0.0,Hora extra paga
784,125,2024-02-18,4.33,4.33,Banco de horas positivo
785,125,2020-05-23,5.26,5.26,Banco de horas positivo
786,125,2020-02-29,5.05,0.0,Hora extra paga
787,125,2021-12-22,0.44,0.0,Hora extra paga
788,125,2019-11-27,6.87,0.0,Hora extra paga
789,125,2022-10-30,4.95,0.0,Compensação
790,125,2023-02-05,1.22,0.0,Hora extra paga
791,125,2022-05-11,1.5,1.5,Banco de horas positivo
792,125,2024-01-22,4.09,0.0,Hora extra paga
793,125,2020-08-17,4.71,4.71,Banco de horas positivo
794,126,2025-01-04,2.19,0.0,Hora extra paga
795,126,2023-08-27,1.22,0.0,Hora extra paga
796,126,2025-03-28,12.0,0.0,Hora extra paga
797,126,2024-11-23,4.8,4.8,Banco de horas positivo
798,126,2023-08-30,6.0,0.0,Hora extra paga
799,126,2022-03-29,3.94,3.94,Banco de horas positivo
800,126,2021-01-21,2.26,0.0,Hora extra paga
801,126,2023-01-09,2.69,0.0,Compensação
802,126,2020-10-25,1.83,1.83,Banco de horas positivo
803,126,2022-05-22,2.29,2.29,Banco de horas positivo
804,126,2025-02-15,3.52,3.52,Banco de horas positivo
805,126,2025-05-01,3.13,3.13,Banco de horas positivo
806,126,2021-05-10,3.21,3.21,Banco de horas positivo
807,127,2025-02-01,2.56,0.0,Hora extra paga
808,128,2020-05-06,8.0,0.0,Hora extra paga
809,128,2020-03-27,1.58,1.58,Banco de horas positivo
810,128,2019-11-25,2.72,0.0,Hora extra paga
811,129,2022-05-03,6.44,0.0,Hora extra paga
812,129,2023-01-17,4.24,0.0,Hora extra paga
813,129,2025-10-24,3.63,0.0,Hora extra paga
814,129,2025-06-12,7.62,7.62,Banco de horas positivo
815,129,2023-02-23,9.2,9.2,Banco de horas positivo
816,129,2025-07-01,6.15,6.15,Banco de horas positivo
817,129,2024-02-29,4.16,0.0,Hora extra paga
818,129,2025-12-06,1.49,1.49,Banco de horas positivo
819,129,2022-05-06,0.4,0.0,Compensação
820,129,2022-09-23,3.43,3.43,Banco de horas positivo
821,129,2023-11-28,1.7,0.0,Hora extra paga
822,129,2023-04-29,6.78,0.0,Hora extra paga
823,129,2024-11-20,0.22,0.22,Banco de horas positivo
824,129,2023-10-06,6.03,0.0,Hora extra paga
825,130,2025-12-13,1.32,0.0,Hora extra paga
826,130,2025-10-01,1.89,0.0,Hora extra paga
827,130,2025-04-21,3.92,3.92,Banco de horas positivo
828,131,2024-10-24,0.84,0.0,Hora extra paga
829,131,2025-08-04,1.67,0.0,Compensação
830,131,2025-11-20,4.33,0.0,Hora extra paga
831,133,2022-12-05,10.58,0.0,Hora extra paga
832,133,2021-11-08,3.01,3.01,Banco de horas positivo
833,133,2025-01-21,2.0,2.0,Banco de horas positivo
834,134,2025-03-11,1.13,0.0,Hora extra paga
835,134,2025-06-30,4.9,0.0,Hora extra paga
836,134,2023-04-29,0.94,0.0,Hora extra paga
837,134,2024-01-15,5.39,5.39,Banco de horas positivo
838,134,2025-08-30,3.83,0.0,Hora extra paga
839,134,2023-05-20,3.01,0.0,Hora extra paga
840,134,2023-07-04,5.33,0.0,Compensação
841,134,2023-09-04,0.42,0.0,Hora extra paga
842,135,2024-03-05,6.51,0.0,Compensação
843,135,2020-04-04,3.72,3.72,Banco de horas positivo
844,135,2021-05-29,8.14,0.0,Hora extra paga
845,135,2021-06-01,7.36,0.0,Compensação
846,135,2021-01-04,3.22,0.0,Hora extra paga
847,135,2022-01-14,2.0,2.0,Banco de horas positivo
848,135,2021-06-24,2.82,2.82,Banco de horas positivo
849,135,2021-01-14,5.92,0.0,Compensação
850,135,2024-11-16,1.79,1.79,Banco de horas positivo
851,135,2024-04-24,4.61,4.61,Banco de horas positivo
852,135,2024-12-12,6.1,0.0,Hora extra paga
853,135,2021-04-12,0.91,0.0,Compensação
854,136,2021-04-30,5.68,0.0,Hora extra paga
855,136,2021-09-03,11.06,11.06,Banco de horas positivo
856,137,2025-06-29,12.0,0.0,Hora extra paga
857,138,2019-12-21,3.46,0.0,Hora extra paga
858,138,2020-04-08,1.14,1.14,Banco de horas positivo
859,138,2020-03-26,4.93,0.0,Compensação
860,138,2023-04-06,0.89,0.89,Banco de horas positivo
861,138,2023-06-27,2.08,0.0,Hora extra paga
862,138,2020-02-22,0.7,0.7,Banco de horas positivo
863,138,2020-06-03,1.72,0.0,Hora extra paga
864,138,2020-12-30,0.88,0.0,Hora extra paga
865,138,2019-06-10,1.56,0.0,Hora extra paga
866,138,2020-04-29,2.16,2.16,Banco de horas positivo
867,138,2025-11-23,8.25,8.25,Banco de horas positivo
868,138,2019-04-30,8.43,8.43,Banco de horas positivo
869,138,2023-12-23,9.74,0.0,Hora extra paga
870,138,2020-06-30,2.14,0.0,Hora extra paga
871,138,2022-10-25,10.66,10.66,Banco de horas positivo
872,138,2024-11-26,4.6,0.0,Compensação
873,138,2023-11-17,4.87,4.87,Banco de horas positivo
874,138,2021-10-04,2.68,2.68,Banco de horas positivo
875,138,2021-03-10,0.91,0.91,Banco de horas positivo
876,138,2025-12-15,0.57,0.0,Hora extra paga
877,138,2021-05-15,4.4,0.0,Hora extra paga
878,138,2019-05-21,0.27,0.0,Hora extra paga
879,138,2022-04-06,7.0,0.0,Compensação
880,138,2025-05-20,4.87,0.0,Hora extra paga
881,138,2021-02-16,5.86,0.0,Hora extra paga
882,139,2025-06-12,2.81,0.0,Hora extra paga
883,139,2025-05-17,3.06,0.0,Hora extra paga
884,139,2025-04-25,5.27,0.0,Hora extra paga
885,140,2022-03-25,5.71,0.0,Hora extra paga
886,140,2023-02-24,4.67,0.0,Hora extra paga
887,140,2021-09-06,10.02,0.0,Hora extra paga
888,140,2023-07-01,2.56,2.56,Banco de horas positivo
889,141,2022-02-20,2.0,0.0,Hora extra paga
890,141,2023-09-09,9.46,9.46,Banco de horas positivo
891,141,2024-10-13,5.91,0.0,Hora extra paga
892,141,2024-11-12,2.55,0.0,Hora extra paga
893,141,2025-09-07,5.36,5.36,Banco de horas positivo
894,141,2022-10-29,4.83,4.83,Banco de horas positivo
895,141,2025-06-28,4.01,0.0,Compensação
896,141,2024-01-21,3.91,3.91,Banco de horas positivo
897,141,2021-09-19,3.11,3.11,Banco de horas positivo
898,141,2021-12-22,3.74,0.0,Compensação
899,141,2025-06-03,1.84,0.0,Hora extra paga
900,141,2025-07-15,5.24,0.0,Hora extra paga
901,143,2025-01-06,4.97,4.97,Banco de horas positivo
902,143,2024-09-20,5.62,0.0,Compensação
903,143,2024-07-04,2.03,0.0,Hora extra paga
904,143,2024-06-24,1.28,1.28,Banco de horas positivo
905,144,2021-05-20,2.12,0.0,Hora extra paga
906,144,2018-06-13,3.1,0.0,Hora extra paga
907,144,2024-06-15,1.71,0.0,Hora extra paga
908,144,2025-11-07,2.33,0.0,Hora extra paga
909,144,2022-08-15,2.5,2.5,Banco de horas positivo
910,144,2025-03-16,1.5,1.5,Banco de horas positivo
911,144,2024-01-29,6.45,0.0,Hora extra paga
912,144,2019-10-08,1.55,1.55,Banco de horas positivo
913,144,2021-12-21,5.44,5.44,Banco de horas positivo
914,144,2018-04-16,0.88,0.0,Hora extra paga
915,144,2024-08-28,3.92,3.92,Banco de horas positivo
916,144,2025-08-25,4.47,0.0,Hora extra paga
917,145,2022-07-23,3.18,3.18,Banco de horas positivo
918,145,2021-06-25,4.03,4.03,Banco de horas positivo
919,145,2021-07-27,4.22,0.0,Hora extra paga
920,145,2024-01-27,2.86,0.0,Hora extra paga
921,146,2025-01-04,8.29,8.29,Banco de horas positivo
922,146,2025-04-05,3.23,3.23,Banco de horas positivo
923,146,2024-07-26,12.0,0.0,Hora extra paga
924,146,2024-04-03,9.71,0.0,Hora extra paga
925,146,2025-11-12,2.42,2.42,Banco de horas positivo
926,147,2023-01-12,4.93,0.0,Hora extra paga
927,147,2025-11-15,2.63,2.63,Banco de horas positivo
928,147,2024-01-02,3.04,0.0,Hora extra paga
929,147,2023-11-28,5.42,0.0,Compensação
930,147,2025-12-28,0.91,0.91,Banco de horas positivo
931,147,2024-01-30,3.44,3.44,Banco de horas positivo
932,147,2022-04-26,6.89,6.89,Banco de horas positivo
933,147,2025-08-14,3.88,0.0,Hora extra paga
934,147,2021-12-14,2.82,0.0,Hora extra paga
935,147,2023-02-24,2.01,0.0,Hora extra paga
936,148,2025-09-25,5.98,0.0,Hora extra paga
937,148,2023-03-24,4.74,0.0,Hora extra paga
938,148,2020-10-16,3.07,0.0,Hora extra paga
939,148,2025-11-23,3.9,3.9,Banco de horas positivo
940,148,2024-12-02,3.74,3.74,Banco de horas positivo
941,148,2019-07-18,3.75,0.0,Hora extra paga
942,148,2020-06-11,6.17,6.17,Banco de horas positivo
943,148,2021-12-02,4.27,4.27,Banco de horas positivo
944,148,2024-06-10,3.44,3.44,Banco de horas positivo
945,148,2020-09-06,5.82,0.0,Hora extra paga
946,148,2020-12-11,2.43,0.0,Hora extra paga
947,148,2022-06-11,3.39,0.0,Hora extra paga
948,148,2021-06-29,5.31,5.31,Banco de horas positivo
949,148,2024-02-09,3.18,0.0,Hora extra paga
950,149,2024-02-07,1.9,0.0,Hora extra paga
951,149,2023-09-27,6.95,6.95,Banco de horas positivo
952,149,2024-03-09,2.04,0.0,Hora extra paga
953,149,2024-06-02,5.18,5.18,Banco de horas positivo
954,149,2023-07-09,3.55,0.0,Hora extra paga
955,149,2021-07-15,6.43,0.0,Hora extra paga
956,149,2022-06-15,7.34,7.34,Banco de horas positivo
957,149,2020-05-18,8.36,0.0,Hora extra paga
958,149,2022-12-26,2.03,2.03,Banco de horas positivo
959,149,2020-11-30,6.91,0.0,Hora extra paga
960,149,2021-10-29,6.73,0.0,Hora extra paga
961,149,2020-05-13,7.28,0.0,Hora extra paga
962,149,2021-08-27,0.5,0.0,Hora extra paga
963,149,2025-06-24,4.35,0.0,Hora extra paga
964,149,2020-09-05,3.1,0.0,Hora extra paga
965,150,2025-03-15,2.81,0.0,Hora extra paga
966,151,2021-07-23,0.9,0.0,Hora extra paga
967,151,2024-03-27,0.16,0.0,Hora extra paga
968,151,2021-12-29,4.52,0.0,Hora extra paga
969,151,2025-07-21,5.06,5.06,Banco de horas positivo
970,151,2022-10-07,8.91,0.0,Hora extra paga
971,151,2025-09-22,3.68,0.0,Compensação
972,151,2023-04-18,2.3,0.0,Hora extra paga
973,152,2018-11-01,1.95,1.95,Banco de horas positivo
974,152,2020-01-09,6.41,0.0,Hora extra paga
975,152,2024-11-15,3.42,3.42,Banco de horas positivo
976,152,2025-02-07,2.77,2.77,Banco de horas positivo
977,152,2018-11-05,7.66,0.0,Hora extra paga
978,152,2023-02-15,9.15,0.0,Hora extra paga
979,152,2019-02-11,4.51,0.0,Hora extra paga
980,152,2022-12-29,1.11,1.11,Banco de horas positivo
981,152,2022-12-08,3.79,0.0,Compensação
982,152,2024-10-12,1.99,1.99,Banco de horas positivo
983,152,2018-05-29,2.99,0.0,Hora extra paga
984,152,2022-10-12,3.27,0.0,Hora extra paga
985,152,2020-09-18,3.04,3.04,Banco de horas positivo
986,152,2019-08-13,0.24,0.24,Banco de horas positivo
987,152,2019-07-30,2.39,2.39,Banco de horas positivo
988,152,2021-04-24,4.86,0.0,Hora extra paga
989,152,2024-02-11,2.77,0.0,Hora extra paga
990,152,2025-06-12,3.52,0.0,Hora extra paga
991,153,2024-07-03,6.58,6.58,Banco de horas positivo
992,153,2025-03-01,3.84,0.0,Hora extra paga
993,153,2025-02-06,6.65,0.0,Hora extra paga
994,153,2024-12-08,1.3,1.3,Banco de horas positivo
995,153,2024-08-25,1.6,0.0,Hora extra paga
996,153,2025-12-22,7.55,0.0,Hora extra paga
997,154,2025-05-03,6.81,6.81,Banco de horas positivo
998,154,2018-03-23,9.76,0.0,Hora extra paga
999,154,2020-08-16,7.56,0.0,Hora extra paga
1000,154,2021-05-04,10.79,10.79,Banco de horas positivo
1001,154,2018-07-02,1.53,0.0,Hora extra paga
1002,154,2020-12-08,6.56,0.0,Hora extra paga
1003,154,2018-10-18,1.54,1.54,Banco de horas positivo
1004,154,2019-07-15,2.94,2.94,Banco de horas positivo
1005,154,2018-04-30,3.04,0.0,Hora extra paga
1006,154,2025-01-17,2.26,0.0,Hora extra paga
1007,154,2022-03-18,4.48,0.0,Compensação
1008,155,2024-02-04,6.14,0.0,Hora extra paga
1009,155,2024-08-08,0.24,0.0,Hora extra paga
1010,155,2024-12-25,0.88,0.0,Hora extra paga
1011,155,2025-05-29,5.07,0.0,Hora extra paga
1012,155,2024-05-08,3.37,0.0,Hora extra paga
1013,155,2023-11-20,3.14,0.0,Hora extra paga
1014,155,2024-03-11,3.32,3.32,Banco de horas positivo
1015,155,2023-07-20,0.6,0.0,Hora extra paga
1016,155,2025-04-24,5.04,5.04,Banco de horas positivo
1017,156,2019-06-17,3.88,3.88,Banco de horas positivo
1018,156,2022-11-22,4.99,0.0,Hora extra paga
1019,156,2023-09-12,0.36,0.36,Banco de horas positivo
1020,156,2025-05-08,0.71,0.0,Compensação
1021,156,2022-08-20,3.23,0.0,Hora extra paga
1022,156,2022-11-26,2.69,2.69,Banco de horas positivo
1023,156,2021-12-05,1.16,1.16,Banco de horas positivo
1024,157,2024-06-10,4.33,0.0,Hora extra paga
1025,157,2021-08-10,8.61,0.0,Hora extra paga
1026,157,2022-06-08,7.08,0.0,Hora extra paga
1027,157,2022-06-29,3.14,3.14,Banco de horas positivo
1028,157,2025-01-19,0.29,0.0,Hora extra paga
1029,158,2024-07-21,4.0,0.0,Hora extra paga
1030,159,2024-01-20,0.81,0.0,Hora extra paga
1031,159,2024-03-18,4.73,0.0,Hora extra paga
1032,160,2024-01-05,5.57,0.0,Hora extra paga
1033,160,2023-11-10,2.4,0.0,Compensação
1034,160,2021-06-09,0.26,0.26,Banco de horas positivo
1035,160,2022-01-16,3.58,0.0,Hora extra paga
1036,160,2021-09-02,5.03,5.03,Banco de horas positivo
1037,160,2024-07-14,8.86,8.86,Banco de horas positivo
1038,160,2021-10-03,10.59,0.0,Hora extra paga
1039,160,2025-09-26,4.44,0.0,Compensação
1040,161,2020-06-10,3.26,0.0,Hora extra paga
1041,161,2024-11-17,2.66,0.0,Hora extra paga
1042,161,2020-06-27,5.81,0.0,Hora extra paga
1043,161,2019-07-19,4.19,4.19,Banco de horas positivo
1044,161,2021-06-08,2.53,0.0,Compensação
1045,161,2019-05-31,7.93,7.93,Banco de horas positivo
1046,161,2023-09-27,2.88,0.0,Hora extra paga
1047,161,2025-04-28,1.15,0.0,Compensação
1048,161,2021-09-09,6.17,0.0,Hora extra paga
1049,161,2020-03-28,0.84,0.0,Hora extra paga
1050,162,2023-12-13,0.9,0.9,Banco de horas positivo
1051,162,2023-05-19,3.6,0.0,Hora extra paga
1052,162,2022-01-03,4.89,0.0,Hora extra paga
1053,162,2019-12-02,1.51,1.51,Banco de horas positivo
1054,162,2024-05-23,3.92,0.0,Hora extra paga
1055,162,2020-09-22,4.46,4.46,Banco de horas positivo
1056,162,2023-08-30,3.09,3.09,Banco de horas positivo
1057,162,2024-09-12,2.05,0.0,Hora extra paga
1058,162,2019-05-22,4.55,0.0,Hora extra paga
1059,162,2025-01-05,10.32,10.32,Banco de horas positivo
1060,162,2019-01-21,0.89,0.0,Hora extra paga
1061,162,2024-09-15,8.56,0.0,Hora extra paga
1062,162,2020-01-02,6.34,0.0,Hora extra paga
1063,162,2023-01-07,5.19,5.19,Banco de horas positivo
1064,162,2023-12-07,0.3,0.3,Banco de horas positivo
1065,162,2020-02-11,0.44,0.44,Banco de horas positivo
1066,163,2021-06-01,7.65,0.0,Hora extra paga
1067,163,2020-02-05,2.89,0.0,Hora extra paga
1068,163,2020-12-20,5.95,0.0,Hora extra paga
1069,163,2023-08-07,3.16,0.0,Hora extra paga
1070,163,2020-06-09,0.59,0.0,Hora extra paga
1071,163,2024-12-14,3.35,3.35,Banco de horas positivo
1072,163,2020-09-13,1.96,0.0,Hora extra paga
1073,163,2021-12-12,1.63,1.63,Banco de horas positivo
1074,163,2025-06-16,4.16,0.0,Hora extra paga
1075,163,2020-03-25,3.75,0.0,Compensação
1076,164,2023-07-22,0.57,0.0,Hora extra paga
1077,164,2023-10-21,2.14,0.0,Hora extra paga
1078,164,2021-11-01,5.69,5.69,Banco de horas positivo
1079,164,2022-08-24,1.28,1.28,Banco de horas positivo
1080,164,2021-07-26,3.54,3.54,Banco de horas positivo
1081,164,2023-11-09,3.65,0.0,Hora extra paga
1082,164,2025-04-05,2.84,0.0,Compensação
1083,164,2022-07-20,8.33,0.0,Hora extra paga
1084,164,2023-02-16,7.19,7.19,Banco de horas positivo
1085,164,2021-09-17,5.13,0.0,Hora extra paga
1086,165,2023-05-11,2.6,0.0,Hora extra paga
1087,165,2024-09-14,4.24,4.24,Banco de horas positivo
1088,165,2025-02-11,7.22,0.0,Hora extra paga
1089,165,2024-08-20,4.63,0.0,Hora extra paga
1090,165,2025-11-06,12.0,0.0,Hora extra paga
1091,165,2024-10-09,3.97,0.0,Hora extra paga
1092,165,2024-03-17,4.11,0.0,Hora extra paga
1093,165,2025-05-03,1.54,1.54,Banco de horas positivo
1094,167,2019-10-12,2.46,0.0,Hora extra paga
1095,167,2019-08-10,3.76,0.0,Hora extra paga
1096,167,2019-11-03,5.69,0.0,Hora extra paga
1097,167,2019-05-11,3.16,3.16,Banco de horas positivo
1098,167,2019-05-03,5.47,5.47,Banco de horas positivo
1099,167,2020-11-14,10.16,0.0,Hora extra paga
1100,167,2020-07-04,4.84,0.0,Hora extra paga
1101,167,2019-10-19,3.24,0.0,Compensação
1102,167,2020-04-07,0.2,0.2,Banco de horas positivo
1103,167,2020-10-11,0.76,0.0,Compensação
1104,168,2025-07-08,3.79,0.0,Hora extra paga
1105,168,2023-07-31,6.94,0.0,Hora extra paga
1106,168,2024-08-09,4.41,0.0,Hora extra paga
1107,168,2024-05-15,2.92,2.92,Banco de horas positivo
1108,168,2024-05-30,9.57,0.0,Hora extra paga
1109,168,2022-06-10,7.49,0.0,Hora extra paga
1110,168,2025-02-27,6.03,0.0,Hora extra paga
1111,168,2019-12-05,6.13,0.0,Hora extra paga
1112,168,2021-11-20,2.33,0.0,Hora extra paga
1113,168,2020-12-11,0.89,0.89,Banco de horas positivo
1114,168,2025-11-20,2.37,2.37,Banco de horas positivo
1115,168,2019-08-28,2.32,0.0,Hora extra paga
1116,169,2025-04-26,1.12,0.0,Hora extra paga
1117,169,2024-12-09,4.39,4.39,Banco de horas positivo
1118,170,2025-03-04,1.94,0.0,Hora extra paga
1119,170,2025-11-30,0.77,0.0,Hora extra paga
1120,170,2025-10-07,4.4,0.0,Hora extra paga
1121,170,2022-07-14,4.85,0.0,Hora extra paga
1122,170,2024-10-24,2.8,0.0,Hora extra paga
1123,170,2023-09-01,2.1,0.0,Hora extra paga
1124,170,2022-04-15,0.98,0.0,Hora extra paga
1125,170,2025-12-13,0.66,0.0,Hora extra paga
1126,170,2023-11-16,2.16,0.0,Hora extra paga
1127,170,2022-11-01,2.81,0.0,Hora extra paga
1128,170,2023-11-11,1.79,1.79,Banco de horas positivo
1129,170,2023-08-14,1.76,1.76,Banco de horas positivo
1130,171,2025-05-11,3.89,0.0,Hora extra paga
1131,171,2023-09-29,3.23,0.0,Hora extra paga
1132,171,2023-05-09,2.02,0.0,Hora extra paga
1133,171,2024-11-21,7.09,7.09,Banco de horas positivo
1134,171,2023-04-09,3.9,0.0,Hora extra paga
1135,171,2025-11-07,2.61,0.0,Compensação
1136,171,2024-04-04,10.74,0.0,Hora extra paga
1137,171,2023-09-08,6.53,0.0,Hora extra paga
1138,171,2025-07-28,2.23,0.0,Hora extra paga
1139,172,2021-09-20,1.29,1.29,Banco de horas positivo
1140,172,2021-10-17,0.94,0.0,Hora extra paga
1141,172,2021-12-08,7.78,0.0,Hora extra paga
1142,172,2023-02-08,0.37,0.37,Banco de horas positivo
1143,172,2023-11-16,4.21,0.0,Hora extra paga
1144,172,2023-12-10,4.45,0.0,Compensação
1145,172,2024-01-01,2.82,0.0,Compensação
1146,172,2022-03-06,3.92,0.0,Hora extra paga
1147,172,2023-05-11,5.05,5.05,Banco de horas positivo
1148,173,2024-11-30,4.17,0.0,Hora extra paga
1149,173,2025-04-30,4.22,0.0,Hora extra paga
1150,173,2025-04-11,3.23,0.0,Hora extra paga
1151,174,2018-09-24,5.63,0.0,Hora extra paga
1152,174,2019-03-18,2.05,0.0,Hora extra paga
1153,174,2019-10-04,3.79,3.79,Banco de horas positivo
1154,174,2019-01-07,3.14,0.0,Hora extra paga
1155,175,2023-08-17,2.93,0.0,Hora extra paga
1156,175,2024-06-02,1.46,0.0,Hora extra paga
1157,175,2023-11-04,2.66,0.0,Hora extra paga
1158,175,2024-11-09,6.76,0.0,Hora extra paga
1159,175,2023-09-28,2.57,2.57,Banco de horas positivo
1160,175,2021-10-25,3.15,0.0,Hora extra paga
1161,175,2022-07-14,1.53,0.0,Hora extra paga
1162,176,2023-05-18,0.78,0.0,Hora extra paga
1163,176,2023-04-30,2.0,0.0,Hora extra paga
1164,176,2025-05-15,9.75,0.0,Hora extra paga
1165,176,2025-02-08,5.6,0.0,Hora extra paga
1166,177,2022-02-12,7.22,0.0,Hora extra paga
1167,177,2025-09-27,2.31,0.0,Hora extra paga
1168,177,2021-10-26,3.12,3.12,Banco de horas positivo
1169,177,2025-04-09,5.14,0.0,Hora extra paga
1170,177,2025-05-13,5.38,0.0,Hora extra paga
1171,177,2019-12-08,1.83,0.0,Hora extra paga
1172,177,2025-06-26,3.54,0.0,Hora extra paga
1173,177,2022-03-13,4.11,0.0,Hora extra paga
1174,177,2025-08-11,1.6,0.0,Hora extra paga
1175,177,2019-03-17,3.15,3.15,Banco de horas positivo
1176,179,2023-04-18,8.07,0.0,Hora extra paga
1177,179,2022-12-04,4.31,0.0,Hora extra paga
1178,179,2025-04-09,2.36,0.0,Compensação
1179,179,2025-06-30,1.87,0.0,Hora extra paga
1180,179,2021-11-23,6.9,0.0,Hora extra paga
1181,179,2023-04-21,2.37,0.0,Hora extra paga
1182,179,2025-12-04,0.61,0.0,Compensação
1183,179,2022-06-29,1.38,0.0,Hora extra paga
1184,179,2021-10-06,1.26,1.26,Banco de horas positivo
1185,179,2022-12-17,3.37,0.0,Hora extra paga
1186,180,2025-06-25,5.01,5.01,Banco de horas positivo
1187,180,2025-06-23,3.94,3.94,Banco de horas positivo
1188,181,2025-06-12,1.66,0.0,Hora extra paga
1189,181,2022-11-05,5.75,0.0,Hora extra paga
1190,183,2022-10-22,3.62,0.0,Hora extra paga
1191,183,2025-01-15,1.63,0.0,Hora extra paga
1192,183,2023-11-24,2.24,2.24,Banco de horas positivo
1193,183,2025-05-27,1.3,1.3,Banco de horas positivo
1194,183,2024-12-29,5.01,5.01,Banco de horas positivo
1195,183,2021-12-23,5.37,0.0,Hora extra paga
1196,183,2020-03-13,4.89,0.0,Compensação
1197,183,2021-09-11,2.75,0.0,Compensação
1198,183,2024-08-30,7.13,0.0,Hora extra paga
1199,183,2024-05-23,3.3,3.3,Banco de horas positivo
1200,184,2019-09-03,3.45,0.0,Hora extra paga
1201,184,2022-12-22,1.67,1.67,Banco de horas positivo
1202,184,2022-08-11,4.9,0.0,Hora extra paga
1203,184,2025-01-31,2.15,0.0,Hora extra paga
1204,184,2024-07-25,2.74,0.0,Compensação
1205,184,2021-08-09,3.29,3.29,Banco de horas positivo
1206,184,2019-06-21,4.17,4.17,Banco de horas positivo
1207,184,2022-12-06,4.25,0.0,Hora extra paga
1208,184,2022-08-10,1.28,0.0,Hora extra paga
1209,184,2019-06-10,0.51,0.51,Banco de horas positivo
1210,184,2019-12-28,1.49,0.0,Hora extra paga
1211,184,2020-09-30,3.12,3.12,Banco de horas positivo
1212,184,2023-10-06,1.97,1.97,Banco de horas positivo
1213,184,2021-07-16,2.98,0.0,Hora extra paga
1214,185,2024-04-25,3.98,0.0,Hora extra paga
1215,185,2025-07-15,5.81,5.81,Banco de horas positivo
1216,185,2025-07-10,4.8,0.0,Hora extra paga
1217,185,2025-10-11,1.35,1.35,Banco de horas positivo
1218,185,2024-12-03,2.07,0.0,Hora extra paga
1219,185,2024-11-15,3.39,0.0,Hora extra paga
1220,185,2024-10-30,4.72,0.0,Hora extra paga
1221,185,2024-08-31,9.31,0.0,Hora extra paga
1222,185,2025-01-30,4.68,0.0,Hora extra paga
1223,185,2025-05-27,5.78,0.0,Hora extra paga
1224,186,2021-04-28,6.15,0.0,Compensação
1225,186,2021-08-20,2.47,2.47,Banco de horas positivo
1226,186,2025-01-19,1.71,0.0,Hora extra paga
1227,186,2025-11-24,2.26,2.26,Banco de horas positivo
1228,186,2025-12-11,7.01,7.01,Banco de horas positivo
1229,186,2022-07-07,3.84,0.0,Hora extra paga
1230,187,2024-07-16,11.57,0.0,Hora extra paga
1231,187,2024-06-17,1.85,0.0,Hora extra paga
1232,187,2021-11-29,6.07,0.0,Hora extra paga
1233,187,2024-09-11,2.49,0.0,Hora extra paga
1234,187,2023-10-10,2.86,0.0,Hora extra paga
1235,187,2025-10-18,6.03,0.0,Hora extra paga
1236,187,2021-05-10,0.68,0.68,Banco de horas positivo
1237,187,2021-08-25,6.23,0.0,Hora extra paga
1238,187,2025-04-06,3.27,0.0,Hora extra paga
1239,187,2025-11-19,7.56,0.0,Hora extra paga
1240,187,2022-10-02,3.22,0.0,Hora extra paga
1241,187,2022-03-14,3.92,3.92,Banco de horas positivo
1242,187,2023-09-09,2.16,2.16,Banco de horas positivo
1243,187,2024-12-22,2.01,0.0,Hora extra paga
1244,187,2022-01-20,5.37,0.0,Hora extra paga
1245,187,2021-06-02,0.9,0.0,Hora extra paga
1246,187,2022-06-22,0.6,0.0,Hora extra paga
1247,187,2023-11-22,3.83,3.83,Banco de horas positivo
1248,187,2021-07-23,3.83,0.0,Hora extra paga
1249,187,2024-02-29,4.81,4.81,Banco de horas positivo
1250,187,2023-11-09,1.44,0.0,Hora extra paga
1251,187,2025-11-13,0.87,0.87,Banco de horas positivo
1252,188,2025-12-11,12.0,12.0,Banco de horas positivo
1253,188,2024-12-04,0.63,0.0,Compensação
1254,189,2023-04-07,12.0,0.0,Hora extra paga
1255,189,2022-11-23,11.12,11.12,Banco de horas positivo
1256,190,2019-10-12,5.44,0.0,Hora extra paga
1257,190,2023-05-22,1.47,0.0,Hora extra paga
1258,190,2019-05-25,3.06,3.06,Banco de horas positivo
1259,190,2020-07-22,2.99,2.99,Banco de horas positivo
1260,190,2019-02-02,6.82,0.0,Hora extra paga
1261,190,2025-11-08,2.78,0.0,Hora extra paga
1262,190,2025-10-27,2.53,0.0,Hora extra paga
1263,190,2021-09-09,8.4,8.4,Banco de horas positivo
1264,190,2019-11-06,1.42,0.0,Hora extra paga
1265,190,2024-11-25,1.81,1.81,Banco de horas positivo
1266,190,2019-09-20,3.67,3.67,Banco de horas positivo
1267,190,2021-06-02,6.37,6.37,Banco de horas positivo
1268,190,2022-12-03,10.29,0.0,Compensação
1269,190,2025-09-05,7.48,0.0,Hora extra paga
1270,190,2025-03-11,4.86,0.0,Hora extra paga
1271,190,2024-07-14,0.87,0.87,Banco de horas positivo
1272,190,2025-06-17,4.33,4.33,Banco de horas positivo
1273,190,2024-06-09,1.49,1.49,Banco de horas positivo
1274,191,2024-08-01,7.31,0.0,Compensação
1275,191,2023-01-22,4.52,4.52,Banco de horas positivo
1276,191,2019-09-03,1.96,0.0,Compensação
1277,191,2019-04-14,5.11,0.0,Hora extra paga
1278,191,2018-12-19,5.99,0.0,Hora extra paga
1279,191,2023-01-05,0.81,0.0,Hora extra paga
1280,191,2018-04-12,1.78,1.78,Banco de horas positivo
1281,191,2024-01-21,2.93,0.0,Hora extra paga
1282,191,2023-09-04,3.22,0.0,Hora extra paga
1283,191,2024-08-14,4.3,0.0,Compensação
1284,191,2021-04-11,4.87,0.0,Hora extra paga
1285,192,2025-05-06,9.37,0.0,Compensação
1286,192,2024-11-30,0.42,0.0,Hora extra paga
1287,192,2023-07-30,4.76,4.76,Banco de horas positivo
1288,192,2025-10-10,3.34,3.34,Banco de horas positivo
1289,193,2022-02-14,4.83,0.0,Hora extra paga
1290,193,2024-10-16,2.47,2.47,Banco de horas positivo
1291,193,2023-12-19,9.21,9.21,Banco de horas positivo
1292,193,2023-03-09,0.34,0.0,Compensação
1293,193,2023-06-07,1.4,0.0,Hora extra paga
1294,193,2024-09-22,6.48,0.0,Hora extra paga
1295,193,2022-07-03,0.78,0.0,Hora extra paga
1296,193,2022-08-18,3.4,0.0,Hora extra paga
1297,194,2025-11-10,1.92,0.0,Hora extra paga
1298,194,2022-04-14,10.65,0.0,Hora extra paga
1299,194,2024-02-21,2.55,0.0,Hora extra paga
1300,194,2023-08-10,8.43,8.43,Banco de horas positivo
1301,194,2024-07-14,0.71,0.0,Hora extra paga
1302,194,2024-06-26,4.99,0.0,Hora extra paga
1303,194,2025-09-29,3.34,3.34,Banco de horas positivo
1304,194,2022-12-01,6.11,6.11,Banco de horas positivo
1305,194,2024-10-23,4.25,0.0,Hora extra paga
1306,194,2024-01-29,3.17,0.0,Hora extra paga
1307,194,2024-06-14,5.42,0.0,Hora extra paga
1308,194,2023-09-15,10.07,0.0,Hora extra paga
1309,194,2024-01-24,3.27,0.0,Hora extra paga
1310,194,2021-09-03,3.0,0.0,Hora extra paga
1311,194,2024-08-19,1.46,0.0,Compensação
1312,194,2022-07-30,3.55,3.55,Banco de horas positivo
1313,194,2021-12-15,2.35,2.35,Banco de horas positivo
1314,194,2021-10-02,3.47,0.0,Hora extra paga
1315,194,2023-01-24,1.84,1.84,Banco de horas positivo
1316,195,2023-08-25,2.21,0.0,Hora extra paga
1317,195,2020-11-17,4.51,4.51,Banco de horas positivo
1318,195,2022-12-19,12.0,0.0,Hora extra paga
1319,195,2023-04-12,2.95,0.0,Hora extra paga
1320,195,2022-05-31,2.04,2.04,Banco de horas positivo
1321,195,2023-04-10,2.89,0.0,Hora extra paga
1322,195,2024-05-10,1.5,0.0,Compensação
1323,195,2021-02-21,1.77,1.77,Banco de horas positivo
1324,195,2021-08-17,4.33,4.33,Banco de horas positivo
1325,196,2023-05-02,0.99,0.0,Hora extra paga
1326,196,2024-05-28,2.77,0.0,Hora extra paga
1327,196,2025-06-07,2.25,2.25,Banco de horas positivo
1328,196,2022-10-02,1.1,0.0,Hora extra paga
1329,196,2023-12-15,5.21,0.0,Hora extra paga
1330,196,2025-08-12,3.73,0.0,Hora extra paga
1331,196,2024-07-14,1.61,0.0,Hora extra paga
1332,196,2022-10-15,0.95,0.0,Hora extra paga
1333,196,2025-11-28,2.41,0.0,Hora extra paga
1334,196,2022-09-30,5.11,0.0,Hora extra paga
1335,196,2023-02-28,4.05,0.0,Hora extra paga
1336,196,2025-02-20,5.5,0.0,Hora extra paga
1337,197,2024-01-07,0.1,0.1,Banco de horas positivo
1338,197,2025-12-23,5.25,0.0,Compensação
1339,197,2025-01-13,1.72,1.72,Banco de horas positivo
1340,197,2021-06-12,1.25,0.0,Hora extra paga
1341,197,2020-04-08,0.68,0.0,Hora extra paga
1342,197,2025-02-21,3.85,0.0,Compensação
1343,197,2025-12-07,2.07,0.0,Hora extra paga
1344,197,2023-03-01,3.91,0.0,Hora extra paga
1345,197,2024-09-09,3.77,0.0,Hora extra paga
1346,197,2024-01-28,2.07,0.0,Hora extra paga
1347,197,2020-02-07,4.92,4.92,Banco de horas positivo
1348,197,2023-08-11,3.02,0.0,Hora extra paga
1349,197,2022-10-24,5.23,5.23,Banco de horas positivo
1350,198,2025-08-12,4.92,0.0,Hora extra paga
1351,198,2024-06-23,3.86,3.86,Banco de horas positivo
1352,198,2019-09-08,2.49,2.49,Banco de horas positivo
1353,198,2022-02-14,1.24,0.0,Hora extra paga
1354,198,2019-08-11,1.53,0.0,Hora extra paga
1355,199,2023-08-05,2.28,0.0,Hora extra paga
1356,199,2022-03-10,1.58,0.0,Hora extra paga
1357,199,2020-12-08,3.21,0.0,Hora extra paga
1358,199,2022-07-08,0.88,0.0,Hora extra paga
1359,199,2020-08-10,2.02,2.02,Banco de horas positivo
1360,199,2024-05-13,0.81,0.0,Hora extra paga
1361,199,2020-11-16,1.25,1.25,Banco de horas positivo
1362,199,2023-08-05,2.51,2.51,Banco de horas positivo
1363,199,2024-05-28,5.15,0.0,Hora extra paga
1364,199,2020-02-10,0.91,0.0,Compensação
1365,199,2025-02-27,5.21,0.0,Compensação
1366,199,2025-10-21,4.61,0.0,Hora extra paga
1367,199,2022-05-26,2.31,2.31,Banco de horas positivo
1368,200,2021-12-18,9.31,0.0,Hora extra paga
1369,200,2023-09-15,2.53,0.0,Hora extra paga
1370,200,2022-07-25,2.86,0.0,Hora extra paga
1371,200,2024-10-01,4.91,4.91,Banco de horas positivo
1372,200,2025-12-25,4.87,0.0,Hora extra paga
1373,200,2025-07-03,4.1,0.0,Hora extra paga
1374,200,2024-11-05,6.52,0.0,Hora extra paga
1375,200,2024-01-27,6.44,6.44,Banco de horas positivo
1376,200,2024-02-07,4.93,0.0,Hora extra paga
1377,200,2022-03-25,1.29,0.0,Compensação
1378,201,2022-08-21,2.31,0.0,Hora extra paga
1379,201,2023-02-17,4.14,0.0,Hora extra paga
1380,201,2022-11-14,1.94,0.0,Hora extra paga
1381,201,2020-02-06,0.73,0.0,Hora extra paga
1382,201,2024-01-23,2.92,0.0,Hora extra paga
1383,201,2025-05-31,9.08,0.0,Hora extra paga
1384,201,2023-05-13,2.22,0.0,Hora extra paga
1385,201,2020-12-08,1.95,0.0,Hora extra paga
1386,201,2022-03-08,1.14,0.0,Hora extra paga
1387,201,2019-05-29,7.23,0.0,Hora extra paga
1388,201,2025-09-06,7.31,0.0,Hora extra paga
1389,201,2023-08-18,6.03,0.0,Hora extra paga
1390,201,2022-01-27,3.89,0.0,Compensação
1391,202,2024-12-20,4.2,0.0,Hora extra paga
1392,202,2023-08-30,5.72,0.0,Hora extra paga
1393,202,2023-09-14,4.37,4.37,Banco de horas positivo
1394,202,2024-08-13,2.46,0.0,Compensação
1395,202,2022-12-12,7.16,7.16,Banco de horas positivo
1396,202,2025-08-04,5.42,5.42,Banco de horas positivo
1397,202,2023-01-14,1.57,1.57,Banco de horas positivo
1398,202,2024-12-24,8.11,0.0,Hora extra paga
1399,202,2023-12-17,4.9,0.0,Hora extra paga
1400,203,2020-10-10,6.37,0.0,Hora extra paga
1401,203,2022-02-14,5.3,0.0,Hora extra paga
1402,203,2023-03-04,2.9,2.9,Banco de horas positivo
1403,203,2023-07-02,0.32,0.0,Hora extra paga
1404,203,2022-05-20,2.07,2.07,Banco de horas positivo
1405,203,2021-06-25,5.93,5.93,Banco de horas positivo
1406,203,2020-12-29,0.15,0.0,Hora extra paga
1407,203,2023-02-14,3.36,0.0,Hora extra paga
1408,203,2020-09-11,4.96,4.96,Banco de horas positivo
1409,204,2019-12-18,1.2,0.0,Hora extra paga
1410,204,2022-04-01,1.77,0.0,Hora extra paga
1411,204,2020-12-31,6.05,6.05,Banco de horas positivo
1412,204,2019-09-05,7.56,7.56,Banco de horas positivo
1413,204,2021-04-08,2.03,0.0,Compensação
1414,204,2019-11-26,2.67,0.0,Hora extra paga
1415,204,2020-01-01,2.89,0.0,Hora extra paga
1416,205,2023-08-19,2.61,0.0,Compensação
1417,205,2024-11-20,8.5,0.0,Hora extra paga
1418,205,2025-11-24,4.53,0.0,Hora extra paga
1419,205,2022-12-31,8.9,0.0,Hora extra paga
1420,205,2025-03-03,7.17,0.0,Hora extra paga
1421,205,2023-12-01,0.78,0.78,Banco de horas positivo
1422,205,2023-03-07,3.01,0.0,Compensação
1423,206,2025-09-19,2.38,0.0,Hora extra paga
1424,206,2025-10-06,3.48,3.48,Banco de horas positivo
1425,206,2021-01-13,3.78,0.0,Hora extra paga
1426,206,2019-08-21,12.0,0.0,Hora extra paga
1427,206,2025-04-08,8.09,0.0,Hora extra paga
1428,206,2022-02-14,6.91,6.91,Banco de horas positivo
1429,206,2022-08-13,1.13,0.0,Compensação
1430,206,2025-08-17,11.25,0.0,Compensação
1431,206,2024-02-13,0.72,0.72,Banco de horas positivo
1432,206,2025-08-09,8.27,0.0,Hora extra paga
1433,206,2025-04-05,0.59,0.59,Banco de horas positivo
1434,206,2022-03-10,0.92,0.0,Compensação
1435,206,2020-02-04,3.88,0.0,Hora extra paga
1436,206,2024-07-09,3.72,0.0,Hora extra paga
1437,206,2021-03-05,5.88,5.88,Banco de horas positivo
1438,207,2022-12-01,0.41,0.41,Banco de horas positivo
1439,207,2024-06-13,0.67,0.0,Hora extra paga
1440,207,2025-05-25,2.43,0.0,Hora extra paga
1441,207,2021-09-18,4.53,0.0,Hora extra paga
1442,207,2025-12-06,7.08,0.0,Compensação
1443,207,2025-01-04,2.07,0.0,Compensação
1444,207,2020-10-13,3.25,3.25,Banco de horas positivo
1445,207,2024-10-13,4.32,4.32,Banco de horas positivo
1446,207,2020-04-07,9.26,9.26,Banco de horas positivo
1447,207,2020-09-23,5.28,5.28,Banco de horas positivo
1448,207,2021-01-07,3.52,0.0,Compensação
1449,207,2023-05-20,8.47,8.47,Banco de horas positivo
1450,207,2020-11-05,1.0,0.0,Hora extra paga
1451,207,2022-06-04,2.95,0.0,Hora extra paga
1452,207,2021-04-14,6.01,6.01,Banco de horas positivo
1453,207,2022-10-20,2.19,0.0,Hora extra paga
1454,207,2024-01-12,8.23,0.0,Hora extra paga
1455,207,2021-11-06,6.18,6.18,Banco de horas positivo
1456,207,2022-04-24,4.19,0.0,Compensação
1457,207,2024-08-02,4.18,0.0,Hora extra paga
1458,207,2021-03-25,1.74,0.0,Hora extra paga
1459,207,2022-08-17,3.4,0.0,Hora extra paga
1460,207,2022-05-30,3.06,3.06,Banco de horas positivo
1461,207,2025-05-07,5.8,0.0,Hora extra paga
1462,207,2024-08-03,2.15,0.0,Hora extra paga
1463,207,2020-01-09,1.48,1.48,Banco de horas positivo
1464,207,2023-11-07,6.65,0.0,Hora extra paga
1465,208,2023-05-03,9.3,0.0,Hora extra paga
1466,208,2023-09-07,3.25,0.0,Hora extra paga
1467,208,2022-07-14,8.45,8.45,Banco de horas positivo
1468,208,2023-09-19,2.12,2.12,Banco de horas positivo
1469,208,2024-02-02,2.52,2.52,Banco de horas positivo
1470,208,2025-05-29,1.34,1.34,Banco de horas positivo
1471,208,2025-02-25,5.23,0.0,Hora extra paga
1472,209,2023-09-13,5.13,5.13,Banco de horas positivo
1473,209,2025-06-01,0.9,0.0,Hora extra paga
1474,209,2025-01-12,0.55,0.0,Hora extra paga
1475,209,2023-04-17,5.99,5.99,Banco de horas positivo
1476,209,2024-02-06,2.85,0.0,Hora extra paga
1477,209,2025-03-10,4.61,4.61,Banco de horas positivo
1478,209,2024-09-24,2.89,0.0,Hora extra paga
1479,209,2024-11-11,2.9,0.0,Hora extra paga
1480,209,2025-12-12,4.81,0.0,Hora extra paga
1481,209,2023-12-25,0.74,0.0,Hora extra paga
1482,209,2024-08-21,7.48,0.0,Hora extra paga
1483,210,2023-04-21,1.88,0.0,Hora extra paga
1484,210,2023-08-25,2.17,0.0,Hora extra paga
1485,211,2022-02-23,7.7,7.7,Banco de horas positivo
1486,211,2023-01-29,6.94,0.0,Hora extra paga
1487,211,2022-10-07,0.68,0.0,Hora extra paga
1488,211,2023-09-12,2.57,0.0,Hora extra paga
1489,212,2021-07-25,1.69,1.69,Banco de horas positivo
1490,212,2022-06-21,5.64,0.0,Hora extra paga
1491,212,2025-04-18,2.72,0.0,Hora extra paga
1492,212,2023-01-04,7.18,0.0,Compensação
1493,212,2022-12-03,2.75,0.0,Hora extra paga
1494,212,2021-07-18,1.62,1.62,Banco de horas positivo
1495,212,2025-10-21,2.15,0.0,Hora extra paga
1496,212,2024-07-26,7.55,7.55,Banco de horas positivo
1497,212,2023-09-21,7.72,0.0,Hora extra paga
1498,213,2022-11-30,3.27,0.0,Hora extra paga
1499,213,2025-05-25,2.73,2.73,Banco de horas positivo
1500,213,2021-01-05,1.21,0.0,Hora extra paga
1501,213,2023-04-18,3.73,3.73,Banco de horas positivo
1502,213,2024-11-23,1.83,0.0,Hora extra paga
1503,214,2022-09-01,2.8,0.0,Hora extra paga
1504,214,2021-06-29,4.66,4.66,Banco de horas positivo
1505,214,2022-10-04,2.04,0.0,Hora extra paga
1506,214,2021-08-31,1.38,1.38,Banco de horas positivo
1507,215,2021-06-13,5.47,0.0,Hora extra paga
1508,215,2025-03-20,4.33,0.0,Hora extra paga
1509,215,2024-08-01,3.53,3.53,Banco de horas positivo
1510,215,2024-12-22,6.12,0.0,Compensação
1511,215,2024-09-04,2.56,2.56,Banco de horas positivo
1512,215,2025-08-14,2.13,0.0,Hora extra paga
1513,215,2019-01-07,3.37,0.0,Hora extra paga
1514,215,2024-09-05,1.66,1.66,Banco de horas positivo
1515,215,2024-08-13,4.65,0.0,Hora extra paga
1516,215,2018-07-31,4.74,0.0,Compensação
1517,215,2023-01-16,3.37,0.0,Compensação
1518,215,2023-09-23,3.5,0.0,Hora extra paga
1519,215,2024-09-23,4.07,4.07,Banco de horas positivo
1520,215,2020-03-06,3.59,0.0,Hora extra paga
1521,215,2019-08-20,2.59,0.0,Hora extra paga
1522,215,2021-08-05,3.32,0.0,Hora extra paga
1523,215,2019-06-11,4.0,0.0,Hora extra paga
1524,215,2023-07-07,1.62,0.0,Hora extra paga
1525,215,2021-08-02,0.66,0.0,Hora extra paga
1526,215,2023-03-10,0.93,0.93,Banco de horas positivo
1527,215,2024-05-06,6.89,0.0,Hora extra paga
1528,215,2019-09-21,3.52,0.0,Hora extra paga
1529,215,2021-02-01,3.27,0.0,Hora extra paga
1530,216,2025-04-15,1.0,0.0,Hora extra paga
1531,216,2022-05-30,0.18,0.18,Banco de horas positivo
1532,216,2024-01-26,2.17,2.17,Banco de horas positivo
1533,216,2021-08-13,1.34,1.34,Banco de horas positivo
1534,216,2025-09-25,2.62,0.0,Hora extra paga
1535,216,2022-10-16,1.58,1.58,Banco de horas positivo
1536,216,2024-02-04,7.09,0.0,Hora extra paga
1537,216,2022-09-10,1.74,0.0,Hora extra paga
1538,216,2025-11-21,9.17,0.0,Hora extra paga
1539,216,2022-01-24,3.97,0.0,Compensação
1540,216,2023-08-23,8.01,0.0,Hora extra paga
1541,216,2022-12-12,9.64,9.64,Banco de horas positivo
1542,217,2024-04-07,6.46,0.0,Hora extra paga
1543,217,2024-07-12,4.84,0.0,Compensação
1544,217,2023-10-30,3.16,3.16,Banco de horas positivo
1545,217,2024-04-09,1.27,0.0,Hora extra paga
1546,217,2025-04-28,4.09,0.0,Hora extra paga
1547,217,2025-12-10,5.15,0.0,Hora extra paga
1548,217,2022-03-16,0.96,0.96,Banco de horas positivo
1549,217,2024-09-23,1.13,0.0,Hora extra paga
1550,217,2024-01-27,3.2,0.0,Compensação
1551,217,2023-01-11,2.32,2.32,Banco de horas positivo
1552,217,2024-09-18,3.0,0.0,Hora extra paga
1553,218,2025-05-30,3.12,3.12,Banco de horas positivo
1554,218,2024-09-09,3.52,0.0,Hora extra paga
1555,218,2025-10-13,1.98,1.98,Banco de horas positivo
1556,218,2025-01-29,4.46,4.46,Banco de horas positivo
1557,218,2024-09-10,1.52,0.0,Hora extra paga
1558,218,2023-06-13,2.21,0.0,Compensação
1559,218,2024-10-11,8.49,0.0,Hora extra paga
1560,219,2023-03-20,4.18,4.18,Banco de horas positivo
1561,219,2024-08-09,2.79,0.0,Hora extra paga
1562,219,2022-10-09,4.03,4.03,Banco de horas positivo
1563,219,2023-01-25,5.22,0.0,Hora extra paga
1564,219,2025-10-24,0.22,0.0,Hora extra paga
1565,220,2020-01-13,5.7,0.0,Hora extra paga
1566,220,2020-09-21,1.04,0.0,Hora extra paga
1567,220,2020-11-15,3.2,0.0,Hora extra paga
1568,220,2020-12-29,4.56,4.56,Banco de horas positivo
1569,220,2021-07-04,5.79,5.79,Banco de horas positivo
1570,220,2020-02-20,8.68,0.0,Hora extra paga
1571,220,2024-11-02,6.79,6.79,Banco de horas positivo
1572,220,2023-07-14,4.02,4.02,Banco de horas positivo
1573,221,2022-06-09,10.27,0.0,Hora extra paga
1574,221,2024-12-18,4.72,4.72,Banco de horas positivo
1575,221,2023-03-13,0.78,0.0,Hora extra paga
1576,221,2024-12-13,0.86,0.0,Hora extra paga
1577,221,2021-04-22,3.22,0.0,Hora extra paga
1578,221,2023-01-10,2.48,0.0,Hora extra paga
1579,221,2021-09-10,0.56,0.0,Compensação
1580,222,2021-09-14,2.47,0.0,Hora extra paga
1581,222,2023-12-20,2.16,2.16,Banco de horas positivo
1582,222,2021-09-30,1.66,1.66,Banco de horas positivo
1583,222,2023-09-05,2.5,0.0,Hora extra paga
1584,222,2025-02-19,4.19,0.0,Hora extra paga
1585,222,2025-05-23,5.09,0.0,Hora extra paga
1586,222,2021-08-27,2.74,2.74,Banco de horas positivo
1587,222,2022-08-01,8.17,0.0,Hora extra paga
1588,222,2025-12-23,7.38,7.38,Banco de horas positivo
1589,222,2024-08-25,1.68,0.0,Hora extra paga
1590,222,2024-04-28,12.0,0.0,Hora extra paga
1591,222,2025-07-12,2.87,2.87,Banco de horas positivo
1592,222,2025-08-19,1.39,0.0,Hora extra paga
1593,222,2024-06-03,5.22,0.0,Compensação
1594,223,2025-01-21,3.37,0.0,Hora extra paga
1595,223,2022-09-29,5.81,0.0,Hora extra paga
1596,223,2021-09-10,1.81,0.0,Hora extra paga
1597,223,2022-11-22,1.36,0.0,Hora extra paga
1598,223,2022-04-17,5.13,0.0,Hora extra paga
1599,223,2021-12-04,1.72,0.0,Hora extra paga
1600,223,2022-11-01,4.1,0.0,Hora extra paga
1601,223,2024-07-04,2.48,0.0,Hora extra paga
1602,224,2023-02-17,4.36,0.0,Hora extra paga
1603,224,2022-12-26,1.77,0.0,Hora extra paga
1604,224,2025-04-24,5.92,0.0,Hora extra paga
1605,224,2025-09-03,2.52,0.0,Hora extra paga
1606,224,2023-11-19,1.9,0.0,Hora extra paga
1607,225,2023-12-21,10.67,0.0,Compensação
1608,225,2024-03-21,10.42,10.42,Banco de horas positivo
1609,225,2025-06-29,3.23,3.23,Banco de horas positivo
1610,225,2022-06-12,4.61,0.0,Hora extra paga
1611,226,2022-09-30,4.17,0.0,Hora extra paga
1612,226,2023-05-06,2.65,0.0,Compensação
1613,226,2020-08-30,1.33,1.33,Banco de horas positivo
1614,226,2020-11-23,1.24,0.0,Hora extra paga
1615,226,2020-10-04,1.76,1.76,Banco de horas positivo
1616,226,2023-12-14,9.5,0.0,Compensação
1617,226,2024-04-19,4.56,0.0,Hora extra paga
1618,226,2024-04-09,2.76,0.0,Hora extra paga
1619,226,2023-10-31,6.73,0.0,Hora extra paga
1620,226,2022-04-23,6.28,0.0,Hora extra paga
1621,226,2025-02-22,3.73,0.0,Hora extra paga
1622,226,2021-05-20,4.41,0.0,Hora extra paga
1623,226,2022-04-18,1.51,0.0,Hora extra paga
1624,226,2023-08-06,6.52,0.0,Compensação
1625,227,2025-08-27,4.07,0.0,Hora extra paga
1626,228,2022-10-16,10.42,0.0,Hora extra paga
1627,228,2022-05-23,0.58,0.0,Hora extra paga
1628,228,2021-08-26,5.38,5.38,Banco de horas positivo
1629,228,2023-01-12,4.66,0.0,Hora extra paga
1630,228,2023-07-01,1.16,0.0,Hora extra paga
1631,228,2023-06-29,2.23,2.23,Banco de horas positivo
1632,228,2025-03-19,6.89,6.89,Banco de horas positivo
1633,228,2022-12-04,3.81,0.0,Hora extra paga
1634,228,2025-10-16,0.38,0.38,Banco de horas positivo
1635,228,2025-07-16,3.1,0.0,Hora extra paga
1636,228,2024-07-05,12.0,12.0,Banco de horas positivo
1637,228,2024-10-29,1.49,1.49,Banco de horas positivo
1638,229,2023-11-07,0.67,0.0,Hora extra paga
1639,229,2023-10-31,2.17,0.0,Compensação
1640,229,2024-03-14,3.96,0.0,Hora extra paga
1641,229,2023-09-18,3.86,0.0,Hora extra paga
1642,229,2021-09-10,3.64,0.0,Hora extra paga
1643,229,2023-03-31,3.46,0.0,Hora extra paga
1644,229,2025-11-02,5.66,0.0,Hora extra paga
1645,229,2023-11-09,1.17,0.0,Hora extra paga
1646,230,2024-10-05,12.0,0.0,Compensação
1647,230,2024-06-24,2.39,0.0,Hora extra paga
1648,230,2024-01-25,4.08,0.0,Hora extra paga
1649,230,2024-11-24,4.15,0.0,Hora extra paga
1650,231,2024-12-09,5.76,0.0,Hora extra paga
1651,231,2025-03-30,4.07,0.0,Hora extra paga
1652,231,2025-01-28,2.88,0.0,Compensação
1653,231,2025-06-06,1.26,0.0,Hora extra paga
1654,231,2025-04-19,2.15,0.0,Hora extra paga
1655,231,2025-01-04,2.4,0.0,Hora extra paga
1656,231,2025-07-25,3.12,0.0,Hora extra paga
1657,232,2022-10-25,1.17,0.0,Hora extra paga
1658,232,2025-11-08,2.54,2.54,Banco de horas positivo
1659,233,2023-06-03,1.56,0.0,Compensação
1660,233,2021-10-29,5.49,5.49,Banco de horas positivo
1661,233,2021-12-11,4.26,0.0,Hora extra paga
1662,233,2020-11-04,5.31,0.0,Hora extra paga
1663,233,2020-07-10,0.68,0.0,Hora extra paga
1664,233,2024-01-18,8.67,0.0,Hora extra paga
1665,233,2025-03-11,11.99,11.99,Banco de horas positivo
1666,233,2018-09-10,2.07,2.07,Banco de horas positivo
1667,233,2023-02-19,0.46,0.0,Hora extra paga
1668,233,2019-11-01,3.74,0.0,Hora extra paga
1669,233,2021-02-01,3.79,0.0,Hora extra paga
1670,233,2022-07-06,5.01,0.0,Hora extra paga
1671,233,2021-04-06,4.32,0.0,Hora extra paga
1672,233,2022-11-26,3.63,0.0,Hora extra paga
1673,233,2022-08-23,1.46,0.0,Hora extra paga
1674,233,2019-11-01,6.88,0.0,Hora extra paga
1675,233,2025-06-21,4.18,4.18,Banco de horas positivo
1676,233,2020-06-07,4.96,4.96,Banco de horas positivo
1677,233,2023-01-24,6.71,0.0,Hora extra paga
1678,233,2022-02-21,6.01,0.0,Hora extra paga
1679,233,2021-08-11,9.93,9.93,Banco de horas positivo
1680,233,2018-12-22,4.73,0.0,Hora extra paga
1681,233,2019-08-02,5.2,0.0,Hora extra paga
1682,233,2022-10-25,5.37,0.0,Hora extra paga
1683,233,2025-06-18,1.98,1.98,Banco de horas positivo
1684,233,2022-02-11,3.69,0.0,Hora extra paga
1685,233,2025-02-19,2.17,0.0,Hora extra paga
1686,233,2025-03-10,2.55,2.55,Banco de horas positivo
1687,233,2022-04-05,1.92,1.92,Banco de horas positivo
1688,233,2020-12-07,4.54,0.0,Hora extra paga
1689,234,2022-05-14,3.14,3.14,Banco de horas positivo
1690,234,2022-02-12,1.36,1.36,Banco de horas positivo
1691,234,2025-12-17,2.61,0.0,Hora extra paga
1692,234,2025-11-07,2.84,0.0,Compensação
1693,234,2024-06-14,6.2,0.0,Hora extra paga
1694,234,2022-12-19,1.62,0.0,Hora extra paga
1695,234,2023-02-11,10.07,0.0,Hora extra paga
1696,234,2022-09-24,3.58,0.0,Hora extra paga
1697,234,2023-01-18,2.23,0.0,Hora extra paga
1698,234,2022-12-02,1.38,0.0,Hora extra paga
1699,234,2023-09-19,4.79,0.0,Hora extra paga
1700,234,2023-01-30,8.05,0.0,Hora extra paga
1701,234,2024-08-07,1.07,0.0,Compensação
1702,234,2024-06-19,3.06,3.06,Banco de horas positivo
1703,236,2025-10-12,0.48,0.48,Banco de horas positivo
1704,236,2025-10-03,2.56,0.0,Compensação
1705,236,2024-11-03,7.7,7.7,Banco de horas positivo
1706,236,2025-05-07,4.82,0.0,Hora extra paga
1707,236,2023-11-08,12.0,0.0,Hora extra paga
1708,236,2024-11-14,10.83,0.0,Hora extra paga
1709,237,2025-06-11,6.58,0.0,Compensação
1710,238,2019-07-11,3.73,0.0,Hora extra paga
1711,238,2023-02-23,2.21,2.21,Banco de horas positivo
1712,238,2019-01-30,3.13,0.0,Hora extra paga
1713,238,2019-12-07,0.7,0.0,Hora extra paga
1714,238,2019-08-28,0.68,0.68,Banco de horas positivo
1715,238,2020-10-02,0.46,0.0,Hora extra paga
1716,238,2021-12-02,1.17,0.0,Hora extra paga
1717,238,2019-11-22,4.51,0.0,Hora extra paga
1718,238,2019-10-22,2.39,0.0,Hora extra paga
1719,238,2022-12-12,2.75,0.0,Hora extra paga
1720,238,2024-05-31,6.41,6.41,Banco de horas positivo
1721,238,2021-08-02,5.11,0.0,Hora extra paga
1722,238,2024-10-01,5.39,5.39,Banco de horas positivo
1723,238,2024-07-26,1.87,0.0,Compensação
1724,238,2025-12-10,4.74,0.0,Hora extra paga
1725,238,2023-02-15,3.27,3.27,Banco de horas positivo
1726,238,2019-06-11,12.0,0.0,Hora extra paga
1727,238,2018-11-03,0.82,0.0,Hora extra paga
1728,239,2024-11-16,1.89,1.89,Banco de horas positivo
1729,239,2025-09-07,2.67,2.67,Banco de horas positivo
1730,239,2023-08-16,0.45,0.45,Banco de horas positivo
1731,239,2020-09-11,3.74,3.74,Banco de horas positivo
1732,240,2021-09-18,1.7,0.0,Hora extra paga
1733,240,2023-10-08,0.22,0.0,Hora extra paga
1734,240,2024-05-29,3.07,0.0,Hora extra paga
1735,240,2024-01-02,1.51,1.51,Banco de horas positivo
1736,240,2023-05-01,6.35,0.0,Hora extra paga
1737,240,2023-10-22,2.82,0.0,Compensação
1738,240,2025-02-04,2.77,0.0,Hora extra paga
1739,241,2025-07-02,2.41,2.41,Banco de horas positivo
1740,241,2021-05-22,12.0,12.0,Banco de horas positivo
1741,241,2022-02-25,4.14,0.0,Hora extra paga
1742,241,2020-11-04,8.68,0.0,Hora extra paga
1743,241,2021-11-23,1.21,0.0,Hora extra paga
1744,241,2023-12-22,4.71,4.71,Banco de horas positivo
1745,241,2024-12-07,0.99,0.0,Hora extra paga
1746,241,2020-02-09,5.23,0.0,Hora extra paga
1747,241,2023-01-08,4.04,0.0,Hora extra paga
1748,242,2023-03-03,5.05,0.0,Hora extra paga
1749,242,2019-09-05,5.73,0.0,Hora extra paga
1750,242,2022-09-30,2.14,2.14,Banco de horas positivo
1751,242,2021-02-11,4.59,4.59,Banco de horas positivo
1752,242,2020-01-03,12.0,0.0,Compensação
1753,242,2025-04-29,1.67,0.0,Hora extra paga
1754,242,2022-12-06,3.78,0.0,Hora extra paga
1755,242,2019-01-07,2.27,0.0,Hora extra paga
1756,242,2019-10-26,4.36,0.0,Hora extra paga
1757,242,2019-05-30,3.0,0.0,Hora extra paga
1758,242,2020-01-05,2.71,2.71,Banco de horas positivo
1759,242,2018-10-07,10.52,10.52,Banco de horas positivo
1760,242,2020-06-14,1.34,1.34,Banco de horas positivo
1761,242,2024-02-04,5.9,0.0,Hora extra paga
1762,242,2020-12-25,1.78,0.0,Compensação
1763,242,2020-09-24,1.47,1.47,Banco de horas positivo
1764,242,2023-07-14,5.41,5.41,Banco de horas positivo
1765,242,2022-01-01,6.51,0.0,Compensação
1766,242,2020-09-20,2.44,0.0,Hora extra paga
1767,242,2022-12-27,2.99,0.0,Hora extra paga
1768,242,2022-01-16,1.23,0.0,Hora extra paga
1769,242,2025-12-22,2.66,2.66,Banco de horas positivo
1770,242,2024-10-07,4.2,0.0,Hora extra paga
1771,242,2022-06-29,4.21,4.21,Banco de horas positivo
1772,243,2025-12-03,7.07,0.0,Hora extra paga
1773,243,2020-06-28,1.63,1.63,Banco de horas positivo
1774,243,2025-02-15,7.38,0.0,Hora extra paga
1775,243,2023-11-19,3.86,0.0,Hora extra paga
1776,243,2021-11-05,1.57,1.57,Banco de horas positivo
1777,243,2024-02-01,3.16,0.0,Hora extra paga
1778,243,2022-12-03,5.37,0.0,Hora extra paga
1779,243,2025-09-19,12.0,12.0,Banco de horas positivo
1780,243,2021-11-30,2.85,2.85,Banco de horas positivo
1781,243,2023-06-05,2.88,0.0,Hora extra paga
1782,243,2021-05-21,4.38,0.0,Hora extra paga
1783,243,2021-05-03,2.35,0.0,Hora extra paga
1784,243,2022-07-24,3.84,3.84,Banco de horas positivo
1785,244,2024-12-02,2.32,0.0,Hora extra paga
1786,244,2022-11-29,1.62,1.62,Banco de horas positivo
1787,244,2022-02-11,5.53,5.53,Banco de horas positivo
1788,244,2023-05-02,5.08,0.0,Compensação
1789,244,2022-04-14,10.59,0.0,Hora extra paga
1790,244,2019-10-21,3.93,0.0,Hora extra paga
1791,244,2019-08-17,1.32,1.32,Banco de horas positivo
1792,244,2024-02-02,1.59,1.59,Banco de horas positivo
1793,244,2022-02-16,0.99,0.99,Banco de horas positivo
1794,244,2022-09-13,6.59,6.59,Banco de horas positivo
1795,244,2023-05-24,4.61,4.61,Banco de horas positivo
1796,245,2025-01-21,5.66,0.0,Compensação
1797,246,2025-10-19,0.71,0.0,Hora extra paga
1798,246,2023-09-22,1.69,0.0,Hora extra paga
1799,246,2022-04-13,1.53,1.53,Banco de horas positivo
1800,246,2020-02-13,4.48,0.0,Hora extra paga
1801,246,2020-09-10,8.33,8.33,Banco de horas positivo
1802,246,2019-05-07,4.61,4.61,Banco de horas positivo
1803,246,2019-09-26,5.04,0.0,Hora extra paga
1804,246,2020-01-21,1.27,1.27,Banco de horas positivo
1805,246,2020-08-27,0.1,0.0,Hora extra paga
1806,246,2020-03-19,1.91,1.91,Banco de horas positivo
1807,246,2023-07-03,2.46,2.46,Banco de horas positivo
1808,246,2021-09-08,0.38,0.38,Banco de horas positivo
1809,246,2024-07-05,2.52,0.0,Hora extra paga
1810,247,2023-10-20,3.87,0.0,Hora extra paga
1811,248,2025-09-23,9.11,0.0,Hora extra paga
1812,248,2023-06-13,3.76,0.0,Hora extra paga
1813,248,2025-07-02,2.35,2.35,Banco de horas positivo
1814,248,2025-06-06,2.06,0.0,Hora extra paga
1815,248,2025-03-16,2.7,0.0,Hora extra paga
1816,249,2021-01-18,8.74,8.74,Banco de horas positivo
1817,249,2021-06-17,7.69,0.0,Hora extra paga
1818,249,2022-01-11,4.12,0.0,Hora extra paga
1819,249,2025-12-21,2.43,2.43,Banco de horas positivo
1820,249,2025-12-06,2.46,2.46,Banco de horas positivo
1821,249,2020-08-08,3.29,0.0,Hora extra paga
1822,249,2024-03-23,9.91,0.0,Compensação
1823,249,2020-08-22,1.92,0.0,Hora extra paga
1824,249,2019-01-30,4.15,0.0,Hora extra paga
1825,249,2020-11-19,4.57,4.57,Banco de horas positivo
1826,249,2024-12-17,10.81,10.81,Banco de horas positivo
1827,249,2024-10-12,0.91,0.0,Compensação
1828,249,2022-12-29,1.07,0.0,Hora extra paga
1829,249,2020-08-22,4.13,0.0,Compensação
1830,249,2019-07-22,2.04,2.04,Banco de horas positivo
1831,249,2024-01-23,1.42,0.0,Compensação
1832,249,2022-09-14,1.58,1.58,Banco de horas positivo
1833,249,2018-11-17,1.99,0.0,Hora extra paga
1834,249,2024-10-28,8.02,0.0,Hora extra paga
1835,250,2021-12-26,2.02,2.02,Banco de horas positivo
1836,250,2022-01-08,6.93,0.0,Compensação
1837,250,2025-01-17,3.36,0.0,Compensação
1838,250,2023-10-25,1.18,0.0,Hora extra paga
1839,251,2024-05-11,3.9,3.9,Banco de horas positivo
1840,251,2023-10-14,2.87,0.0,Hora extra paga
1841,251,2024-05-20,1.41,1.41,Banco de horas positivo
1842,251,2024-08-03,4.84,4.84,Banco de horas positivo
1843,251,2025-09-02,2.26,0.0,Hora extra paga
1844,251,2025-06-13,1.97,0.0,Hora extra paga
1845,251,2024-03-19,2.24,2.24,Banco de horas positivo
1846,252,2025-05-13,2.09,0.0,Hora extra paga
1847,253,2025-03-25,3.09,3.09,Banco de horas positivo
1848,253,2024-05-08,6.41,0.0,Hora extra paga
1849,253,2024-11-19,1.21,1.21,Banco de horas positivo
1850,254,2025-09-20,7.44,7.44,Banco de horas positivo
1851,254,2025-06-26,0.97,0.97,Banco de horas positivo
1852,254,2023-06-23,2.58,0.0,Hora extra paga
1853,254,2024-02-28,8.11,8.11,Banco de horas positivo
1854,254,2023-12-13,0.57,0.0,Hora extra paga
1855,255,2022-09-18,5.57,5.57,Banco de horas positivo
1856,255,2025-08-12,3.06,0.0,Hora extra paga
1857,255,2022-02-23,5.49,0.0,Hora extra paga
1858,255,2025-10-19,1.73,0.0,Hora extra paga
1859,255,2022-07-28,2.64,0.0,Compensação
1860,255,2020-12-04,7.57,7.57,Banco de horas positivo
1861,255,2021-01-22,1.91,0.0,Hora extra paga
1862,256,2020-03-09,2.93,2.93,Banco de horas positivo
1863,256,2024-10-17,1.25,0.0,Compensação
1864,256,2019-10-19,2.58,0.0,Hora extra paga
1865,256,2023-06-20,5.43,0.0,Hora extra paga
1866,256,2023-12-18,2.9,2.9,Banco de horas positivo
1867,256,2024-05-04,1.73,0.0,Hora extra paga
1868,256,2024-09-08,2.93,0.0,Hora extra paga
1869,256,2022-03-27,1.73,0.0,Hora extra paga
1870,256,2024-10-15,3.3,3.3,Banco de horas positivo
1871,256,2019-10-10,2.93,0.0,Hora extra paga
1872,256,2023-10-15,3.43,3.43,Banco de horas positivo
1873,256,2022-11-23,5.88,0.0,Hora extra paga
1874,256,2020-12-14,6.1,6.1,Banco de horas positivo
1875,256,2022-02-24,2.77,0.0,Compensação
1876,256,2021-11-14,0.7,0.0,Hora extra paga
1877,256,2021-11-15,1.26,0.0,Hora extra paga
1878,256,2023-01-20,5.87,0.0,Hora extra paga
1879,256,2021-12-15,4.76,0.0,Compensação
1880,257,2023-08-25,4.49,4.49,Banco de horas positivo
1881,257,2024-07-29,3.85,0.0,Hora extra paga
1882,257,2022-06-24,3.63,0.0,Hora extra paga
1883,257,2025-02-27,0.96,0.96,Banco de horas positivo
1884,257,2023-05-11,8.72,0.0,Hora extra paga
1885,257,2025-03-06,6.57,0.0,Hora extra paga
1886,257,2024-03-16,0.9,0.0,Hora extra paga
1887,257,2022-07-20,3.95,3.95,Banco de horas positivo
1888,257,2024-11-04,5.08,5.08,Banco de horas positivo
1889,257,2025-07-23,2.45,0.0,Hora extra paga
1890,257,2025-08-26,1.24,0.0,Hora extra paga
1891,257,2023-05-26,2.04,0.0,Hora extra paga
1892,257,2024-09-14,1.26,0.0,Hora extra paga
1893,257,2025-04-11,12.0,12.0,Banco de horas positivo
1894,257,2022-10-12,6.95,0.0,Hora extra paga
1895,258,2024-04-26,3.22,3.22,Banco de horas positivo
1896,258,2025-03-13,1.19,1.19,Banco de horas positivo
1897,258,2025-04-05,0.62,0.62,Banco de horas positivo
1898,259,2025-12-01,2.72,0.0,Hora extra paga
1899,260,2023-04-20,1.83,1.83,Banco de horas positivo
1900,260,2022-11-08,4.17,4.17,Banco de horas positivo
1901,260,2022-03-12,12.0,0.0,Hora extra paga
1902,262,2024-08-25,10.35,10.35,Banco de horas positivo
1903,262,2025-09-28,3.1,0.0,Hora extra paga
1904,262,2025-07-08,6.76,0.0,Hora extra paga
1905,262,2025-08-24,5.88,0.0,Compensação
1906,262,2025-09-03,2.6,0.0,Compensação
1907,262,2024-12-14,10.6,10.6,Banco de horas positivo
1908,262,2025-09-30,4.58,0.0,Hora extra paga
1909,263,2024-08-28,1.27,1.27,Banco de horas positivo
1910,264,2025-09-30,5.36,0.0,Hora extra paga
1911,265,2024-10-17,7.2,0.0,Hora extra paga
1912,265,2025-12-09,0.6,0.0,Hora extra paga
1913,265,2025-10-16,1.12,1.12,Banco de horas positivo
1914,265,2021-10-04,9.19,9.19,Banco de horas positivo
1915,265,2020-09-14,1.34,0.0,Hora extra paga
1916,265,2023-06-15,3.07,3.07,Banco de horas positivo
1917,265,2023-07-20,1.74,1.74,Banco de horas positivo
1918,265,2025-06-02,2.74,0.0,Hora extra paga
1919,265,2021-07-06,2.98,0.0,Hora extra paga
1920,266,2024-06-30,1.12,1.12,Banco de horas positivo
1921,266,2022-05-25,6.66,6.66,Banco de horas positivo
1922,266,2023-05-07,4.01,0.0,Hora extra paga
1923,266,2024-04-30,9.28,9.28,Banco de horas positivo
1924,266,2025-08-17,8.96,8.96,Banco de horas positivo
1925,266,2022-07-31,5.47,0.0,Hora extra paga
1926,266,2023-03-26,6.58,6.58,Banco de horas positivo
1927,266,2023-12-03,8.03,8.03,Banco de horas positivo
1928,266,2023-02-11,4.3,4.3,Banco de horas positivo
1929,266,2022-01-05,5.66,0.0,Hora extra paga
1930,266,2022-04-24,6.3,6.3,Banco de horas positivo
1931,266,2025-11-23,5.47,5.47,Banco de horas positivo
1932,266,2025-03-01,3.67,0.0,Hora extra paga
1933,267,2025-10-01,12.0,0.0,Compensação
1934,268,2025-01-06,4.56,0.0,Hora extra paga
1935,268,2025-12-09,7.59,0.0,Hora extra paga
1936,268,2024-08-27,9.51,0.0,Hora extra paga
1937,269,2020-09-29,1.57,1.57,Banco de horas positivo
1938,269,2021-04-07,10.64,0.0,Hora extra paga
1939,269,2020-07-03,4.57,0.0,Hora extra paga
1940,269,2020-11-27,2.86,0.0,Hora extra paga
1941,270,2025-03-12,4.1,0.0,Hora extra paga
1942,270,2021-06-28,1.59,1.59,Banco de horas positivo
1943,270,2025-08-05,10.48,0.0,Hora extra paga
1944,270,2023-12-29,0.94,0.94,Banco de horas positivo
1945,270,2020-10-10,7.77,0.0,Hora extra paga
1946,270,2024-10-18,0.85,0.85,Banco de horas positivo
1947,270,2021-08-04,2.27,2.27,Banco de horas positivo
1948,270,2021-08-15,7.12,7.12,Banco de horas positivo
1949,270,2025-04-27,7.11,0.0,Hora extra paga
1950,270,2020-02-09,2.45,0.0,Hora extra paga
1951,270,2020-08-23,3.11,3.11,Banco de horas positivo
1952,270,2020-03-19,3.83,0.0,Hora extra paga
1953,270,2025-02-11,7.45,0.0,Hora extra paga
1954,270,2024-07-22,3.3,3.3,Banco de horas positivo
1955,270,2019-04-16,0.38,0.0,Hora extra paga
1956,270,2023-05-07,2.94,0.0,Hora extra paga
1957,270,2020-09-17,0.42,0.0,Hora extra paga
1958,270,2025-04-21,8.27,0.0,Hora extra paga
1959,270,2021-04-22,9.24,0.0,Hora extra paga
1960,270,2020-11-19,0.19,0.0,Hora extra paga
1961,270,2024-09-30,2.25,0.0,Hora extra paga
1962,270,2024-09-21,4.34,0.0,Compensação
1963,271,2019-03-12,1.52,0.0,Hora extra paga
1964,271,2022-11-27,0.94,0.94,Banco de horas positivo
1965,271,2022-02-26,2.87,0.0,Hora extra paga
1966,271,2022-01-14,4.52,0.0,Hora extra paga
1967,271,2020-02-08,6.63,6.63,Banco de horas positivo
1968,271,2019-11-09,0.72,0.0,Hora extra paga
1969,271,2019-09-25,3.56,0.0,Hora extra paga
1970,271,2019-08-06,6.23,0.0,Hora extra paga
1971,272,2023-03-17,3.71,0.0,Hora extra paga
1972,272,2023-08-12,3.57,0.0,Hora extra paga
1973,272,2023-01-15,7.89,7.89,Banco de horas positivo
1974,273,2022-11-28,4.15,0.0,Hora extra paga
1975,273,2023-02-28,2.98,2.98,Banco de horas positivo
1976,273,2022-11-08,5.32,5.32,Banco de horas positivo
1977,274,2023-12-01,12.0,0.0,Hora extra paga
1978,275,2018-10-18,7.1,7.1,Banco de horas positivo
1979,275,2019-04-28,5.51,0.0,Hora extra paga
1980,275,2024-06-20,2.74,2.74,Banco de horas positivo
1981,275,2022-12-10,0.74,0.0,Compensação
1982,275,2023-10-15,4.4,0.0,Hora extra paga
1983,275,2023-06-25,4.3,0.0,Hora extra paga
1984,275,2022-11-14,7.59,0.0,Hora extra paga
1985,275,2019-11-25,1.69,0.0,Hora extra paga
1986,276,2020-01-18,1.52,1.52,Banco de horas positivo
1987,276,2019-11-16,7.38,0.0,Compensação
1988,276,2025-03-27,1.69,0.0,Hora extra paga
1989,276,2025-10-19,4.95,0.0,Hora extra paga
1990,276,2024-12-06,3.64,0.0,Compensação
1991,277,2025-08-01,3.59,3.59,Banco de horas positivo
1992,278,2022-09-30,1.55,1.55,Banco de horas positivo
1993,278,2021-04-06,5.15,0.0,Hora extra paga
1994,278,2020-08-22,2.09,2.09,Banco de horas positivo
1995,278,2023-08-26,7.76,0.0,Hora extra paga
1996,278,2021-01-18,1.73,1.73,Banco de horas positivo
1997,278,2022-03-28,5.7,0.0,Hora extra paga
1998,278,2021-08-22,2.82,0.0,Hora extra paga
1999,278,2022-09-02,9.17,0.0,Hora extra paga
2000,278,2022-09-24,10.33,0.0,Hora extra paga
2001,278,2021-02-06,2.0,2.0,Banco de horas positivo
2002,279,2024-01-27,0.57,0.0,Hora extra paga
2003,279,2022-10-19,7.91,0.0,Hora extra paga
2004,279,2023-10-09,1.38,0.0,Hora extra paga
2005,279,2025-07-21,1.63,0.0,Hora extra paga
2006,280,2022-02-12,7.82,7.82,Banco de horas positivo
2007,280,2022-06-14,4.6,4.6,Banco de horas positivo
2008,280,2021-08-10,5.27,0.0,Hora extra paga
2009,280,2019-10-29,3.94,3.94,Banco de horas positivo
2010,282,2025-08-25,3.33,0.0,Compensação
2011,282,2020-06-16,5.1,0.0,Compensação
2012,282,2025-05-03,3.98,0.0,Hora extra paga
2013,283,2022-04-14,3.56,0.0,Compensação
2014,283,2023-11-28,6.6,6.6,Banco de horas positivo
2015,283,2025-05-11,3.88,0.0,Hora extra paga
2016,283,2020-09-26,2.45,0.0,Hora extra paga
2017,283,2021-05-16,3.81,3.81,Banco de horas positivo
2018,283,2022-09-19,1.59,0.0,Hora extra paga
2019,283,2022-08-28,3.44,3.44,Banco de horas positivo
2020,283,2023-10-08,1.17,0.0,Hora extra paga
2021,283,2025-10-15,10.92,10.92,Banco de horas positivo
2022,283,2022-09-25,4.91,0.0,Compensação
2023,283,2020-04-13,3.22,0.0,Hora extra paga
2024,283,2019-07-30,1.71,0.0,Hora extra paga
2025,283,2019-03-24,1.63,0.0,Hora extra paga
2026,283,2021-05-31,3.76,0.0,Hora extra paga
2027,283,2019-05-18,1.57,0.0,Hora extra paga
2028,283,2024-04-24,9.83,9.83,Banco de horas positivo
2029,284,2021-02-23,9.01,0.0,Hora extra paga
2030,284,2019-11-27,5.59,0.0,Hora extra paga
2031,284,2018-11-26,3.58,3.58,Banco de horas positivo
2032,284,2020-12-15,1.29,1.29,Banco de horas positivo
2033,284,2020-06-12,3.75,0.0,Hora extra paga
2034,284,2020-09-23,2.54,0.0,Hora extra paga
2035,284,2022-03-07,5.54,0.0,Hora extra paga
2036,284,2021-01-03,0.7,0.7,Banco de horas positivo
2037,284,2021-05-03,4.84,4.84,Banco de horas positivo
2038,284,2019-04-20,6.5,0.0,Hora extra paga
2039,284,2020-09-27,6.61,6.61,Banco de horas positivo
2040,284,2018-12-29,2.63,2.63,Banco de horas positivo
2041,284,2022-09-30,4.91,0.0,Hora extra paga
2042,284,2019-02-21,1.38,1.38,Banco de horas positivo
2043,284,2021-04-29,0.51,0.0,Compensação
2044,284,2021-04-23,4.3,0.0,Hora extra paga
2045,285,2024-04-04,5.9,5.9,Banco de horas positivo
2046,285,2024-08-13,3.96,0.0,Hora extra paga
2047,285,2022-11-24,9.07,9.07,Banco de horas positivo
2048,285,2020-11-30,4.78,4.78,Banco de horas positivo
2049,286,2023-12-04,4.01,4.01,Banco de horas positivo
2050,286,2023-10-03,11.71,11.71,Banco de horas positivo
2051,286,2025-07-13,3.69,0.0,Compensação
2052,286,2024-10-26,1.1,1.1,Banco de horas positivo
2053,286,2024-10-03,5.35,0.0,Hora extra paga
2054,287,2022-07-05,2.21,0.0,Hora extra paga
2055,287,2020-02-15,4.6,0.0,Hora extra paga
2056,287,2020-03-01,0.73,0.0,Hora extra paga
2057,287,2021-09-03,1.95,1.95,Banco de horas positivo
2058,287,2022-04-26,2.4,2.4,Banco de horas positivo
2059,287,2019-03-04,2.15,0.0,Compensação
2060,287,2024-03-01,1.21,0.0,Hora extra paga
2061,287,2025-03-24,2.91,0.0,Hora extra paga
2062,287,2022-10-14,0.38,0.0,Hora extra paga
2063,287,2020-04-12,2.35,0.0,Hora extra paga
2064,287,2023-08-17,1.79,0.0,Hora extra paga
2065,287,2025-10-14,2.43,2.43,Banco de horas positivo
2066,288,2022-09-24,3.21,0.0,Hora extra paga
2067,288,2024-12-23,2.98,0.0,Hora extra paga
2068,288,2020-03-08,1.57,1.57,Banco de horas positivo
2069,288,2025-07-30,1.16,1.16,Banco de horas positivo
2070,288,2019-11-19,1.89,0.0,Hora extra paga
2071,288,2023-11-01,5.76,5.76,Banco de horas positivo
2072,289,2025-11-24,7.89,0.0,Hora extra paga
2073,289,2024-11-13,2.23,0.0,Hora extra paga
2074,291,2023-08-02,6.87,6.87,Banco de horas positivo
2075,291,2023-06-22,12.0,0.0,Hora extra paga
2076,291,2024-11-29,1.53,0.0,Hora extra paga
2077,291,2021-01-12,6.5,0.0,Hora extra paga
2078,291,2022-01-24,6.06,6.06,Banco de horas positivo
2079,291,2024-12-23,4.11,0.0,Hora extra paga
2080,291,2020-05-05,3.91,0.0,Hora extra paga
2081,292,2023-03-14,6.43,0.0,Hora extra paga
2082,292,2024-01-29,6.81,0.0,Hora extra paga
2083,292,2025-02-24,8.76,8.76,Banco de horas positivo
2084,292,2024-04-06,2.54,2.54,Banco de horas positivo
2085,292,2024-03-31,3.85,0.0,Compensação
2086,292,2024-07-26,0.93,0.0,Hora extra paga
2087,292,2023-05-09,3.56,0.0,Hora extra paga
2088,292,2021-12-22,3.5,0.0,Hora extra paga
2089,292,2023-04-05,2.29,0.0,Compensação
2090,292,2024-06-25,2.08,0.0,Hora extra paga
2091,292,2023-08-28,5.12,5.12,Banco de horas positivo
2092,292,2025-06-25,3.03,0.0,Hora extra paga
2093,292,2021-03-02,0.7,0.0,Hora extra paga
2094,292,2024-01-16,3.29,0.0,Hora extra paga
2095,292,2022-05-24,4.23,0.0,Hora extra paga
2096,292,2024-02-09,1.92,1.92,Banco de horas positivo
2097,292,2023-07-06,1.56,1.56,Banco de horas positivo
2098,292,2024-03-17,4.71,4.71,Banco de horas positivo
2099,293,2024-08-05,4.82,0.0,Hora extra paga
2100,293,2024-05-25,1.06,1.06,Banco de horas positivo
2101,294,2024-10-12,2.34,2.34,Banco de horas positivo
2102,294,2024-05-22,4.88,4.88,Banco de horas positivo
2103,294,2021-11-18,2.95,0.0,Compensação
2104,294,2023-11-13,0.38,0.0,Hora extra paga
2105,294,2024-03-08,1.53,0.0,Compensação
2106,294,2025-01-15,3.79,0.0,Hora extra paga
2107,294,2024-12-02,1.3,1.3,Banco de horas positivo
2108,294,2024-10-23,3.42,0.0,Hora extra paga
2109,294,2023-12-09,6.4,0.0,Hora extra paga
2110,294,2025-08-07,4.55,4.55,Banco de horas positivo
2111,295,2025-07-10,2.11,2.11,Banco de horas positivo
2112,296,2019-04-11,5.34,0.0,Hora extra paga
2113,296,2022-07-18,0.52,0.0,Hora extra paga
2114,296,2018-10-21,7.23,0.0,Hora extra paga
2115,296,2022-08-15,3.32,3.32,Banco de horas positivo
2116,296,2025-02-03,4.38,0.0,Hora extra paga
2117,296,2023-04-09,5.09,5.09,Banco de horas positivo
2118,296,2020-06-26,1.86,0.0,Hora extra paga
2119,296,2022-07-13,5.51,5.51,Banco de horas positivo
2120,296,2023-07-19,9.29,0.0,Compensação
2121,296,2019-05-01,4.78,0.0,Hora extra paga
2122,296,2024-11-05,2.67,0.0,Hora extra paga
2123,296,2023-07-23,3.62,3.62,Banco de horas positivo
2124,296,2022-09-09,12.0,0.0,Hora extra paga
2125,296,2018-09-21,7.21,7.21,Banco de horas positivo
2126,296,2025-02-16,4.76,0.0,Hora extra paga
2127,296,2021-02-11,1.45,0.0,Hora extra paga
2128,298,2020-07-30,3.81,0.0,Hora extra paga
2129,298,2019-05-30,3.26,0.0,Hora extra paga
2130,298,2020-02-19,2.35,0.0,Hora extra paga
2131,299,2021-07-09,0.79,0.0,Hora extra paga
2132,299,2023-03-13,3.6,0.0,Hora extra paga
2133,300,2023-10-20,3.29,0.0,Hora extra paga
2134,300,2024-11-16,1.66,0.0,Compensação
2135,300,2025-08-20,1.35,0.0,Hora extra paga
2136,300,2021-11-16,2.52,0.0,Hora extra paga
2137,300,2024-01-17,3.1,0.0,Hora extra paga
2138,301,2021-11-16,10.28,0.0,Hora extra paga
2139,301,2023-06-28,0.79,0.0,Hora extra paga
2140,301,2022-03-27,5.78,5.78,Banco de horas positivo
2141,301,2024-11-23,7.66,0.0,Hora extra paga
2142,301,2021-10-28,2.56,2.56,Banco de horas positivo
2143,301,2024-12-30,1.73,0.0,Hora extra paga
2144,301,2023-11-10,3.48,3.48,Banco de horas positivo
2145,301,2022-07-29,8.26,0.0,Hora extra paga
2146,301,2022-03-15,7.24,7.24,Banco de horas positivo
2147,301,2024-05-18,8.63,0.0,Hora extra paga
2148,302,2022-09-16,2.19,2.19,Banco de horas positivo
2149,302,2022-08-21,2.39,2.39,Banco de horas positivo
2150,302,2023-02-16,5.2,0.0,Hora extra paga
2151,302,2022-07-30,1.24,1.24,Banco de horas positivo
2152,302,2022-01-10,2.48,2.48,Banco de horas positivo
2153,303,2025-09-07,2.62,0.0,Hora extra paga
2154,303,2025-09-14,2.78,2.78,Banco de horas positivo
2155,305,2025-04-24,2.36,2.36,Banco de horas positivo
2156,305,2025-01-29,3.41,0.0,Hora extra paga
2157,305,2024-10-19,4.84,0.0,Hora extra paga
2158,306,2023-03-13,0.69,0.0,Hora extra paga
2159,306,2023-08-17,11.18,0.0,Hora extra paga
2160,306,2020-03-16,6.29,6.29,Banco de horas positivo
2161,306,2022-03-03,3.92,3.92,Banco de horas positivo
2162,306,2021-02-04,0.9,0.0,Hora extra paga
2163,306,2021-08-04,4.98,0.0,Hora extra paga
2164,307,2019-11-22,5.63,0.0,Compensação
2165,307,2018-09-21,4.78,0.0,Hora extra paga
2166,307,2020-05-26,1.59,0.0,Hora extra paga
2167,307,2018-05-31,7.97,7.97,Banco de horas positivo
2168,307,2018-06-22,7.24,7.24,Banco de horas positivo
2169,307,2019-09-21,3.18,0.0,Hora extra paga
2170,307,2020-02-03,4.94,0.0,Hora extra paga
2171,307,2020-06-09,0.89,0.0,Compensação
2172,307,2020-07-17,1.41,0.0,Compensação
2173,307,2020-01-05,7.08,0.0,Hora extra paga
2174,307,2019-10-01,2.75,0.0,Hora extra paga
2175,308,2023-11-10,1.87,0.0,Hora extra paga
2176,308,2024-03-28,0.25,0.0,Hora extra paga
2177,308,2023-09-17,2.3,2.3,Banco de horas positivo
2178,308,2025-02-27,1.16,0.0,Compensação
2179,308,2025-06-13,4.92,0.0,Hora extra paga
2180,309,2023-07-29,0.16,0.16,Banco de horas positivo
2181,309,2022-02-02,1.39,1.39,Banco de horas positivo
2182,309,2023-10-05,0.86,0.0,Compensação
2183,309,2022-10-23,3.45,0.0,Hora extra paga
2184,309,2022-04-23,3.18,0.0,Compensação
2185,310,2025-07-15,5.72,0.0,Hora extra paga
2186,310,2025-07-10,5.45,5.45,Banco de horas positivo
2187,310,2025-11-05,6.98,0.0,Hora extra paga
2188,311,2025-03-04,2.04,2.04,Banco de horas positivo
2189,311,2023-07-27,3.4,3.4,Banco de horas positivo
2190,311,2025-07-25,7.97,7.97,Banco de horas positivo
2191,311,2020-08-26,2.55,0.0,Hora extra paga
2192,311,2024-11-09,4.32,0.0,Hora extra paga
2193,311,2020-06-01,3.76,3.76,Banco de horas positivo
2194,311,2022-10-13,3.0,0.0,Hora extra paga
2195,311,2023-12-05,1.63,1.63,Banco de horas positivo
2196,311,2022-10-22,0.8,0.0,Hora extra paga
2197,311,2021-04-19,6.82,0.0,Hora extra paga
2198,311,2020-12-31,6.35,0.0,Compensação
2199,311,2023-09-15,0.37,0.37,Banco de horas positivo
2200,311,2023-02-10,10.91,0.0,Compensação
2201,311,2024-01-01,1.52,1.52,Banco de horas positivo
2202,311,2025-04-09,2.33,2.33,Banco de horas positivo
2203,311,2020-04-29,1.46,0.0,Compensação
2204,312,2023-06-08,3.86,0.0,Compensação
2205,312,2024-09-26,0.31,0.0,Compensação
2206,313,2025-01-12,3.32,0.0,Hora extra paga
2207,313,2023-07-01,3.03,3.03,Banco de horas positivo
2208,314,2024-05-05,5.2,0.0,Hora extra paga
2209,314,2023-12-30,0.95,0.0,Hora extra paga
2210,314,2024-05-20,1.65,0.0,Hora extra paga
2211,315,2024-10-01,1.03,0.0,Hora extra paga
2212,315,2025-06-04,4.39,4.39,Banco de horas positivo
2213,315,2025-10-15,3.87,0.0,Compensação
2214,315,2024-05-25,1.71,0.0,Hora extra paga
2215,315,2024-06-12,1.18,1.18,Banco de horas positivo
2216,315,2024-07-14,6.89,0.0,Compensação
2217,315,2024-07-28,2.64,2.64,Banco de horas positivo
2218,315,2025-07-07,1.38,0.0,Hora extra paga
2219,316,2023-07-07,2.51,2.51,Banco de horas positivo
2220,316,2024-03-14,0.95,0.0,Compensação
2221,316,2024-07-31,8.39,8.39,Banco de horas positivo
2222,316,2023-10-29,1.11,0.0,Hora extra paga
2223,316,2022-07-31,12.0,0.0,Hora extra paga
2224,316,2024-11-09,2.73,0.0,Compensação
2225,316,2023-03-31,4.0,0.0,Hora extra paga
2226,317,2022-08-10,6.65,0.0,Hora extra paga
2227,317,2021-10-06,4.79,0.0,Hora extra paga
2228,317,2023-05-12,1.89,0.0,Hora extra paga
2229,317,2025-07-05,3.64,3.64,Banco de horas positivo
2230,318,2025-06-09,1.7,0.0,Compensação
2231,319,2025-03-13,1.88,0.0,Hora extra paga
2232,319,2024-03-29,2.4,0.0,Hora extra paga
2233,319,2025-05-10,2.44,2.44,Banco de horas positivo
2234,319,2025-07-01,1.82,0.0,Compensação
2235,319,2024-09-14,5.87,0.0,Hora extra paga
2236,319,2025-10-22,1.27,0.0,Hora extra paga
2237,320,2024-08-10,4.07,4.07,Banco de horas positivo
2238,320,2023-01-25,8.25,0.0,Hora extra paga
2239,320,2023-05-14,2.79,0.0,Hora extra paga
2240,320,2023-07-16,8.5,0.0,Hora extra paga
2241,320,2025-10-05,4.74,0.0,Hora extra paga
2242,320,2025-12-15,9.24,0.0,Hora extra paga
2243,321,2024-02-23,3.37,0.0,Hora extra paga
2244,321,2025-10-16,0.17,0.0,Hora extra paga
2245,321,2025-08-09,1.26,0.0,Compensação
2246,321,2025-01-25,4.7,4.7,Banco de horas positivo
2247,321,2023-05-22,2.02,0.0,Hora extra paga
2248,321,2021-07-07,2.37,0.0,Hora extra paga
2249,321,2021-05-23,9.57,0.0,Hora extra paga
2250,321,2024-05-08,1.85,0.0,Hora extra paga
2251,321,2021-12-16,0.68,0.0,Hora extra paga
2252,321,2024-07-05,3.49,0.0,Hora extra paga
2253,321,2023-01-10,0.81,0.81,Banco de horas positivo
2254,321,2021-11-02,3.14,0.0,Hora extra paga
2255,321,2020-12-29,4.8,0.0,Hora extra paga
2256,321,2021-04-03,8.87,0.0,Hora extra paga
2257,322,2024-10-18,2.3,2.3,Banco de horas positivo
2258,322,2022-11-07,7.05,0.0,Hora extra paga
2259,322,2024-08-17,3.83,3.83,Banco de horas positivo
2260,322,2025-06-26,1.7,0.0,Hora extra paga
2261,322,2024-07-15,2.49,0.0,Hora extra paga
2262,322,2022-06-24,0.42,0.42,Banco de horas positivo
2263,322,2025-02-22,0.39,0.39,Banco de horas positivo
2264,322,2022-10-24,1.83,0.0,Hora extra paga
2265,322,2022-10-10,1.45,1.45,Banco de horas positivo
2266,322,2024-05-31,0.18,0.18,Banco de horas positivo
2267,322,2025-08-06,6.23,6.23,Banco de horas positivo
2268,322,2022-10-10,3.64,0.0,Hora extra paga
2269,322,2022-12-16,1.61,1.61,Banco de horas positivo
2270,323,2022-11-08,5.65,5.65,Banco de horas positivo
2271,323,2025-06-04,4.76,0.0,Hora extra paga
2272,323,2024-04-15,4.19,0.0,Hora extra paga
2273,323,2022-03-18,2.51,0.0,Hora extra paga
2274,323,2025-08-17,7.94,7.94,Banco de horas positivo
2275,324,2025-07-16,1.19,0.0,Hora extra paga
2276,324,2025-12-09,4.02,4.02,Banco de horas positivo
2277,325,2025-10-13,1.21,0.0,Hora extra paga
2278,325,2025-07-24,1.89,1.89,Banco de horas positivo
2279,326,2019-04-14,2.83,0.0,Hora extra paga
2280,326,2025-06-04,2.43,2.43,Banco de horas positivo
2281,326,2019-01-09,3.01,3.01,Banco de horas positivo
2282,326,2021-08-04,3.0,3.0,Banco de horas positivo
2283,326,2020-02-22,1.19,0.0,Hora extra paga
2284,326,2022-11-07,0.82,0.0,Hora extra paga
2285,326,2018-12-19,4.55,4.55,Banco de horas positivo
2286,326,2018-07-19,2.72,0.0,Hora extra paga
2287,326,2022-02-15,5.76,0.0,Hora extra paga
2288,327,2022-03-24,1.65,0.0,Hora extra paga
2289,327,2024-08-13,7.89,7.89,Banco de horas positivo
2290,327,2020-04-10,12.0,12.0,Banco de horas positivo
2291,327,2021-03-15,1.3,1.3,Banco de horas positivo
2292,327,2021-11-30,2.7,2.7,Banco de horas positivo
2293,327,2020-03-02,7.34,7.34,Banco de horas positivo
2294,328,2019-08-13,7.28,0.0,Hora extra paga
2295,328,2024-06-06,6.38,6.38,Banco de horas positivo
2296,328,2020-01-16,1.52,0.0,Hora extra paga
2297,328,2024-01-27,5.55,0.0,Hora extra paga
2298,328,2025-11-26,2.37,2.37,Banco de horas positivo
2299,328,2022-10-07,5.28,0.0,Hora extra paga
2300,328,2019-05-31,1.14,0.0,Hora extra paga
2301,328,2019-04-19,4.48,0.0,Hora extra paga
2302,328,2024-09-02,2.63,0.0,Hora extra paga
2303,328,2022-02-14,1.15,0.0,Hora extra paga
2304,328,2020-03-20,4.02,0.0,Hora extra paga
2305,328,2024-11-25,3.2,3.2,Banco de horas positivo
2306,329,2023-11-22,4.31,4.31,Banco de horas positivo
2307,329,2022-06-04,5.7,5.7,Banco de horas positivo
2308,329,2023-10-28,3.72,3.72,Banco de horas positivo
2309,329,2022-07-05,1.21,1.21,Banco de horas positivo
2310,329,2022-04-26,1.92,1.92,Banco de horas positivo
2311,329,2021-12-11,3.54,3.54,Banco de horas positivo
2312,330,2020-10-27,4.89,4.89,Banco de horas positivo
2313,330,2025-08-10,1.18,0.0,Compensação
2314,330,2025-02-04,4.73,0.0,Hora extra paga
2315,330,2024-06-30,1.51,0.0,Hora extra paga
2316,330,2023-11-17,3.22,0.0,Hora extra paga
2317,330,2025-11-23,4.42,0.0,Compensação
2318,330,2025-06-21,7.91,7.91,Banco de horas positivo
2319,330,2025-09-02,1.04,0.0,Hora extra paga
2320,330,2021-08-20,1.38,1.38,Banco de horas positivo
2321,330,2023-11-13,4.46,4.46,Banco de horas positivo
2322,330,2023-02-09,5.08,0.0,Hora extra paga
2323,330,2020-09-19,1.04,0.0,Compensação
2324,330,2025-12-01,1.45,0.0,Compensação
2325,330,2022-02-16,4.38,4.38,Banco de horas positivo
2326,330,2022-05-16,6.62,0.0,Hora extra paga
2327,330,2024-07-16,6.16,6.16,Banco de horas positivo
2328,330,2020-07-16,3.66,0.0,Hora extra paga
2329,330,2023-11-18,2.61,0.0,Hora extra paga
2330,331,2025-10-31,1.57,1.57,Banco de horas positivo
2331,331,2024-01-10,1.75,0.0,Hora extra paga
2332,331,2025-07-12,2.61,0.0,Hora extra paga
2333,331,2025-10-19,4.84,4.84,Banco de horas positivo
2334,331,2025-03-22,3.92,3.92,Banco de horas positivo
2335,331,2024-03-04,7.13,0.0,Hora extra paga
2336,331,2025-02-08,2.86,2.86,Banco de horas positivo
2337,331,2024-05-06,3.03,3.03,Banco de horas positivo
2338,331,2024-08-25,4.23,0.0,Hora extra paga
2339,332,2025-10-31,3.99,0.0,Hora extra paga
2340,332,2023-04-12,4.95,0.0,Hora extra paga
2341,332,2024-01-04,3.62,0.0,Compensação
2342,332,2023-03-18,7.18,7.18,Banco de horas positivo
2343,332,2023-01-05,5.14,0.0,Hora extra paga
2344,333,2024-02-13,2.47,2.47,Banco de horas positivo
2345,334,2023-11-28,0.91,0.0,Hora extra paga
2346,334,2022-04-19,1.72,1.72,Banco de horas positivo
2347,334,2022-11-27,5.81,0.0,Hora extra paga
2348,334,2024-01-07,3.84,0.0,Hora extra paga
2349,334,2025-03-11,3.41,0.0,Hora extra paga
2350,334,2025-10-07,8.83,0.0,Hora extra paga
2351,337,2019-11-20,2.81,0.0,Hora extra paga
2352,337,2019-05-19,2.56,0.0,Hora extra paga
2353,337,2019-04-09,6.6,0.0,Hora extra paga
2354,338,2022-02-10,1.97,0.0,Compensação
2355,338,2024-05-09,5.69,5.69,Banco de horas positivo
2356,338,2023-05-23,4.92,0.0,Hora extra paga
2357,338,2022-12-03,1.06,1.06,Banco de horas positivo
2358,338,2025-10-23,3.23,0.0,Hora extra paga
2359,338,2023-09-30,11.07,0.0,Hora extra paga
2360,338,2024-03-07,2.58,0.0,Hora extra paga
2361,339,2025-07-26,11.02,11.02,Banco de horas positivo
2362,339,2025-12-10,3.07,0.0,Hora extra paga
2363,339,2025-07-18,3.62,0.0,Hora extra paga
2364,339,2025-09-05,5.36,5.36,Banco de horas positivo
2365,340,2021-09-28,3.07,3.07,Banco de horas positivo
2366,340,2024-10-05,6.14,6.14,Banco de horas positivo
2367,340,2025-12-26,12.0,12.0,Banco de horas positivo
2368,340,2020-09-20,3.79,3.79,Banco de horas positivo
2369,340,2024-08-04,5.92,0.0,Hora extra paga
2370,340,2023-02-08,1.06,0.0,Hora extra paga
2371,340,2024-12-04,3.57,3.57,Banco de horas positivo
2372,340,2020-06-24,2.58,0.0,Hora extra paga
2373,341,2025-06-20,6.62,6.62,Banco de horas positivo
2374,341,2023-09-12,1.4,0.0,Compensação
2375,341,2023-10-20,12.0,0.0,Hora extra paga
2376,341,2022-05-17,11.03,0.0,Hora extra paga
2377,341,2024-08-02,12.0,0.0,Hora extra paga
2378,341,2024-05-12,1.25,0.0,Hora extra paga
2379,341,2022-07-08,3.33,0.0,Hora extra paga
2380,341,2025-04-24,0.56,0.56,Banco de horas positivo
2381,341,2022-09-12,3.49,0.0,Hora extra paga
2382,342,2020-02-24,0.26,0.0,Hora extra paga
2383,342,2021-07-04,0.5,0.0,Compensação
2384,342,2021-04-16,4.28,4.28,Banco de horas positivo
2385,342,2019-07-25,3.92,3.92,Banco de horas positivo
2386,342,2021-07-15,11.78,0.0,Hora extra paga
2387,342,2020-03-03,5.55,5.55,Banco de horas positivo
2388,342,2019-06-18,3.11,0.0,Hora extra paga
2389,342,2020-04-02,1.55,1.55,Banco de horas positivo
2390,342,2022-12-15,5.22,5.22,Banco de horas positivo
2391,343,2022-02-12,3.92,3.92,Banco de horas positivo
2392,343,2022-12-26,0.86,0.0,Hora extra paga
2393,343,2025-04-24,5.4,0.0,Hora extra paga
2394,343,2025-12-06,11.18,0.0,Compensação
2395,343,2024-05-17,0.89,0.0,Hora extra paga
2396,343,2025-08-09,0.98,0.0,Hora extra paga
2397,343,2022-07-06,5.21,0.0,Hora extra paga
2398,343,2023-02-12,1.05,1.05,Banco de horas positivo
2399,343,2025-12-20,2.61,0.0,Hora extra paga
2400,343,2021-08-12,6.68,0.0,Hora extra paga
2401,344,2024-08-04,3.21,0.0,Compensação
2402,344,2019-01-25,7.47,0.0,Compensação
2403,344,2022-03-31,7.81,7.81,Banco de horas positivo
2404,344,2022-04-13,2.95,2.95,Banco de horas positivo
2405,344,2019-02-17,1.06,1.06,Banco de horas positivo
2406,344,2023-07-13,6.75,6.75,Banco de horas positivo
2407,344,2023-07-08,9.04,0.0,Hora extra paga
2408,344,2021-08-21,11.47,0.0,Hora extra paga
2409,344,2019-02-05,4.18,0.0,Hora extra paga
2410,344,2022-12-12,12.0,12.0,Banco de horas positivo
2411,344,2022-07-28,3.04,0.0,Hora extra paga
2412,344,2023-07-28,6.76,0.0,Compensação
2413,344,2025-06-27,6.31,0.0,Hora extra paga
2414,344,2022-04-19,7.44,7.44,Banco de horas positivo
2415,344,2022-06-27,6.46,6.46,Banco de horas positivo
2416,345,2022-12-07,2.68,2.68,Banco de horas positivo
2417,345,2024-07-11,0.42,0.0,Hora extra paga
2418,345,2024-09-17,1.34,0.0,Hora extra paga
2419,345,2023-05-19,1.57,1.57,Banco de horas positivo
2420,345,2023-08-22,6.0,0.0,Compensação
2421,346,2025-02-28,5.85,0.0,Compensação
2422,346,2024-02-03,1.78,0.0,Hora extra paga
2423,346,2025-08-15,1.82,0.0,Hora extra paga
2424,346,2025-11-21,4.14,0.0,Hora extra paga
2425,346,2023-08-09,1.09,1.09,Banco de horas positivo
2426,346,2025-03-30,1.22,0.0,Hora extra paga
2427,347,2022-12-13,0.98,0.98,Banco de horas positivo
2428,347,2025-10-16,3.03,3.03,Banco de horas positivo
2429,347,2024-08-17,5.26,0.0,Compensação
2430,347,2024-07-30,1.07,0.0,Hora extra paga
2431,347,2023-05-12,2.74,2.74,Banco de horas positivo
2432,347,2022-12-31,5.67,0.0,Hora extra paga
2433,347,2025-07-11,10.74,0.0,Hora extra paga
2434,347,2024-06-29,4.2,4.2,Banco de horas positivo
2435,348,2025-05-23,2.98,2.98,Banco de horas positivo
2436,348,2021-06-13,1.06,1.06,Banco de horas positivo
2437,348,2025-01-11,3.23,0.0,Hora extra paga
2438,348,2024-08-28,3.14,0.0,Hora extra paga
2439,348,2021-11-12,0.58,0.0,Compensação
2440,348,2022-08-09,3.15,0.0,Hora extra paga
2441,349,2021-11-15,6.2,6.2,Banco de horas positivo
2442,349,2021-10-12,0.61,0.61,Banco de horas positivo
2443,349,2021-11-16,5.31,0.0,Hora extra paga
2444,349,2023-11-28,3.99,3.99,Banco de horas positivo
2445,349,2025-09-06,5.12,5.12,Banco de horas positivo
2446,349,2024-02-28,0.65,0.65,Banco de horas positivo
2447,349,2023-06-28,0.05,0.0,Hora extra paga
2448,349,2021-11-05,1.95,1.95,Banco de horas positivo
2449,349,2024-09-06,0.54,0.54,Banco de horas positivo
2450,349,2025-03-01,2.32,0.0,Compensação
2451,349,2021-06-03,4.23,0.0,Compensação
2452,350,2023-10-11,2.97,2.97,Banco de horas positivo
2453,350,2024-10-26,9.73,0.0,Hora extra paga
2454,351,2024-07-13,0.71,0.0,Hora extra paga
2455,352,2025-10-09,1.24,0.0,Hora extra paga
2456,352,2025-09-11,10.37,0.0,Hora extra paga
2457,352,2025-03-23,2.62,0.0,Hora extra paga
2458,353,2021-08-02,12.0,0.0,Hora extra paga
2459,353,2021-06-26,5.09,5.09,Banco de horas positivo
2460,354,2019-09-07,3.53,0.0,Hora extra paga
2461,354,2023-12-21,3.41,0.0,Hora extra paga
2462,354,2023-07-30,1.08,1.08,Banco de horas positivo
2463,354,2022-01-14,8.94,0.0,Hora extra paga
2464,354,2022-12-13,6.58,6.58,Banco de horas positivo
2465,354,2022-06-03,1.5,0.0,Hora extra paga
2466,354,2020-05-07,4.61,0.0,Hora extra paga
2467,355,2023-04-15,5.22,5.22,Banco de horas positivo
2468,355,2022-04-19,12.0,0.0,Hora extra paga
2469,355,2022-10-04,3.7,3.7,Banco de horas positivo
2470,355,2023-01-19,1.88,0.0,Hora extra paga
2471,355,2023-04-26,1.79,1.79,Banco de horas positivo
2472,355,2024-09-30,0.98,0.98,Banco de horas positivo
2473,355,2024-01-20,5.44,0.0,Hora extra paga
2474,355,2025-06-19,5.41,0.0,Hora extra paga
2475,355,2024-04-18,5.95,0.0,Hora extra paga
2476,355,2022-08-17,5.35,0.0,Hora extra paga
2477,355,2022-05-09,7.57,0.0,Hora extra paga
2478,356,2023-12-06,4.28,4.28,Banco de horas positivo
2479,356,2025-05-21,1.62,0.0,Hora extra paga
2480,356,2023-04-30,2.01,0.0,Hora extra paga
2481,356,2023-06-27,1.6,1.6,Banco de horas positivo
2482,356,2024-11-01,6.76,0.0,Compensação
2483,356,2023-09-01,4.51,0.0,Hora extra paga
2484,356,2024-12-07,5.32,5.32,Banco de horas positivo
2485,356,2024-03-31,2.89,2.89,Banco de horas positivo
2486,356,2024-01-26,2.25,0.0,Hora extra paga
2487,357,2023-06-08,1.51,1.51,Banco de horas positivo
2488,357,2022-06-15,4.69,0.0,Hora extra paga
2489,357,2024-06-23,2.21,0.0,Hora extra paga
2490,358,2024-09-04,6.63,0.0,Hora extra paga
2491,358,2024-08-02,3.73,0.0,Hora extra paga
2492,358,2023-01-11,7.55,0.0,Hora extra paga
2493,358,2021-04-21,8.57,0.0,Compensação
2494,358,2023-08-01,5.67,0.0,Hora extra paga
2495,358,2022-09-16,9.92,0.0,Compensação
2496,358,2021-05-15,5.31,0.0,Hora extra paga
2497,358,2025-10-21,8.24,0.0,Hora extra paga
2498,358,2023-11-20,1.74,1.74,Banco de horas positivo
2499,358,2021-09-07,3.56,0.0,Compensação
2500,358,2025-05-31,7.16,7.16,Banco de horas positivo
2501,358,2023-08-11,4.07,0.0,Hora extra paga
2502,358,2025-01-27,2.36,2.36,Banco de horas positivo
2503,358,2022-03-13,3.6,0.0,Compensação
2504,358,2025-11-10,6.3,0.0,Hora extra paga
2505,358,2021-11-06,3.46,0.0,Hora extra paga
2506,358,2023-09-22,3.39,0.0,Hora extra paga
2507,358,2024-06-17,9.13,0.0,Compensação
2508,359,2025-05-07,1.07,0.0,Hora extra paga
2509,359,2023-12-11,1.57,0.0,Hora extra paga
2510,359,2024-10-18,2.07,0.0,Compensação
2511,359,2025-10-16,1.01,0.0,Hora extra paga
2512,360,2025-01-31,2.48,0.0,Hora extra paga
2513,360,2024-03-24,4.63,0.0,Hora extra paga
2514,360,2024-09-12,2.36,0.0,Hora extra paga
2515,360,2022-12-21,3.67,0.0,Hora extra paga
2516,361,2025-04-24,2.46,2.46,Banco de horas positivo
2517,362,2020-04-01,3.28,3.28,Banco de horas positivo
2518,362,2022-07-10,3.0,3.0,Banco de horas positivo
2519,362,2020-09-03,1.23,0.0,Hora extra paga
2520,362,2020-06-23,3.05,0.0,Hora extra paga
2521,362,2020-01-17,5.81,0.0,Hora extra paga
2522,362,2024-05-04,4.15,4.15,Banco de horas positivo
2523,362,2023-03-02,5.76,0.0,Hora extra paga
2524,362,2022-05-12,3.41,0.0,Compensação
2525,362,2023-05-07,5.86,5.86,Banco de horas positivo
2526,362,2020-01-27,2.44,0.0,Compensação
2527,362,2022-03-20,4.87,0.0,Hora extra paga
2528,362,2021-04-07,12.0,0.0,Compensação
2529,363,2021-11-27,3.28,0.0,Hora extra paga
2530,363,2022-09-04,2.47,0.0,Hora extra paga
2531,363,2022-11-15,4.18,0.0,Hora extra paga
2532,363,2022-04-02,3.81,0.0,Hora extra paga
2533,363,2021-12-26,4.76,0.0,Hora extra paga
2534,364,2022-03-04,2.59,2.59,Banco de horas positivo
2535,364,2024-07-27,3.9,3.9,Banco de horas positivo
2536,364,2020-04-11,9.2,0.0,Compensação
2537,364,2025-06-12,7.65,0.0,Hora extra paga
2538,364,2022-12-15,6.12,0.0,Hora extra paga
2539,364,2020-06-27,2.83,0.0,Hora extra paga
2540,364,2020-07-28,5.71,5.71,Banco de horas positivo
2541,364,2025-11-08,3.79,3.79,Banco de horas positivo
2542,364,2023-02-17,5.57,0.0,Hora extra paga
2543,364,2020-10-26,1.55,1.55,Banco de horas positivo
2544,364,2022-04-01,1.35,1.35,Banco de horas positivo
2545,364,2023-07-18,5.33,0.0,Hora extra paga
2546,364,2021-09-20,4.4,0.0,Hora extra paga
2547,364,2025-11-19,1.29,0.0,Hora extra paga
2548,364,2023-10-18,4.65,4.65,Banco de horas positivo
2549,364,2023-08-25,3.31,0.0,Hora extra paga
2550,364,2022-07-01,5.34,5.34,Banco de horas positivo
2551,365,2024-06-12,1.53,1.53,Banco de horas positivo
2552,365,2024-01-27,1.54,1.54,Banco de horas positivo
2553,365,2021-11-24,1.51,0.0,Hora extra paga
2554,365,2020-10-07,5.28,0.0,Hora extra paga
2555,365,2024-04-22,0.71,0.0,Hora extra paga
2556,365,2024-08-08,2.35,0.0,Hora extra paga
2557,365,2021-01-17,3.88,0.0,Hora extra paga
2558,365,2020-08-17,1.39,0.0,Hora extra paga
2559,365,2020-12-01,3.0,0.0,Compensação
2560,365,2024-10-28,1.88,1.88,Banco de horas positivo
2561,365,2025-09-18,2.34,0.0,Hora extra paga
2562,365,2020-05-26,6.53,0.0,Hora extra paga
2563,365,2020-06-20,10.24,0.0,Hora extra paga
2564,365,2024-09-18,3.26,0.0,Hora extra paga
2565,365,2025-01-22,6.01,6.01,Banco de horas positivo
2566,366,2025-02-12,4.95,0.0,Hora extra paga
2567,366,2022-05-18,8.85,0.0,Hora extra paga
2568,367,2024-05-23,7.97,0.0,Hora extra paga
2569,367,2025-09-19,1.13,0.0,Hora extra paga
2570,368,2023-07-20,4.58,0.0,Compensação
2571,368,2024-06-22,3.11,0.0,Hora extra paga
2572,368,2023-09-11,6.59,0.0,Hora extra paga
2573,369,2024-10-04,4.88,4.88,Banco de horas positivo
2574,369,2022-05-09,2.92,0.0,Hora extra paga
2575,369,2019-11-25,3.45,0.0,Hora extra paga
2576,370,2025-12-25,1.76,1.76,Banco de horas positivo
2577,370,2025-10-02,5.34,5.34,Banco de horas positivo
2578,370,2024-06-24,5.5,0.0,Hora extra paga
2579,370,2025-02-22,1.22,0.0,Hora extra paga
2580,370,2025-03-16,2.52,0.0,Hora extra paga
2581,370,2024-07-20,3.63,0.0,Hora extra paga
2582,371,2024-12-10,10.93,0.0,Hora extra paga
2583,371,2025-03-15,2.12,2.12,Banco de horas positivo
2584,372,2020-10-16,1.74,1.74,Banco de horas positivo
2585,372,2025-01-05,1.26,0.0,Hora extra paga
2586,372,2021-11-10,1.64,0.0,Compensação
2587,373,2023-04-04,3.22,3.22,Banco de horas positivo
2588,373,2024-01-08,2.82,0.0,Hora extra paga
2589,373,2022-05-04,0.76,0.76,Banco de horas positivo
2590,373,2020-01-18,5.26,0.0,Hora extra paga
2591,373,2019-11-06,3.04,3.04,Banco de horas positivo
2592,373,2024-03-21,0.31,0.31,Banco de horas positivo
2593,373,2025-04-27,1.07,1.07,Banco de horas positivo
2594,373,2024-12-15,6.19,0.0,Hora extra paga
2595,373,2024-01-17,6.07,6.07,Banco de horas positivo
2596,373,2021-07-30,0.19,0.0,Compensação
2597,373,2023-07-25,4.77,0.0,Hora extra paga
2598,373,2023-06-30,1.1,0.0,Hora extra paga
2599,373,2019-11-27,1.66,0.0,Hora extra paga
2600,373,2022-04-05,7.79,0.0,Hora extra paga
2601,373,2021-08-14,2.19,2.19,Banco de horas positivo
2602,373,2023-09-20,1.75,0.0,Hora extra paga
2603,373,2019-12-10,5.08,0.0,Hora extra paga
2604,373,2020-08-19,4.64,0.0,Hora extra paga
2605,374,2023-12-14,2.24,0.0,Hora extra paga
2606,374,2022-05-18,0.43,0.43,Banco de horas positivo
2607,374,2023-04-25,0.64,0.0,Hora extra paga
2608,374,2022-12-10,6.27,0.0,Compensação
2609,375,2022-04-06,4.14,0.0,Hora extra paga
2610,375,2020-11-10,1.36,0.0,Hora extra paga
2611,375,2023-10-16,1.51,0.0,Hora extra paga
2612,376,2025-06-12,5.54,0.0,Compensação
2613,376,2025-08-03,1.65,0.0,Hora extra paga
2614,377,2025-06-18,7.18,0.0,Hora extra paga
2615,377,2025-09-16,1.79,1.79,Banco de horas positivo
2616,378,2024-05-05,9.87,0.0,Hora extra paga
2617,378,2021-03-05,5.34,0.0,Hora extra paga
2618,378,2020-05-18,6.76,0.0,Hora extra paga
2619,378,2024-11-05,2.42,0.0,Hora extra paga
2620,378,2019-01-02,5.41,5.41,Banco de horas positivo
2621,378,2025-05-11,11.3,0.0,Hora extra paga
2622,378,2020-05-31,1.25,1.25,Banco de horas positivo
2623,378,2025-09-26,4.26,0.0,Hora extra paga
2624,378,2024-09-27,10.41,0.0,Hora extra paga
2625,378,2019-12-30,1.81,1.81,Banco de horas positivo
2626,378,2020-10-09,4.42,0.0,Hora extra paga
2627,378,2020-10-19,6.67,0.0,Hora extra paga
2628,378,2021-10-08,6.27,0.0,Compensação
2629,378,2022-01-11,6.16,6.16,Banco de horas positivo
2630,378,2019-05-22,1.42,1.42,Banco de horas positivo
2631,378,2019-02-06,5.14,0.0,Hora extra paga
2632,378,2018-06-28,3.44,3.44,Banco de horas positivo
2633,378,2018-09-04,6.18,0.0,Hora extra paga
2634,378,2024-09-22,12.0,0.0,Hora extra paga
2635,378,2018-10-07,6.92,6.92,Banco de horas positivo
2636,380,2025-07-21,4.75,4.75,Banco de horas positivo
2637,380,2023-01-26,3.75,3.75,Banco de horas positivo
2638,380,2025-12-06,1.46,0.0,Hora extra paga
2639,380,2018-11-11,7.11,7.11,Banco de horas positivo
2640,380,2022-05-02,3.71,3.71,Banco de horas positivo
2641,380,2021-01-29,6.73,0.0,Hora extra paga
2642,380,2018-05-28,2.5,2.5,Banco de horas positivo
2643,380,2025-06-26,1.53,0.0,Hora extra paga
2644,380,2024-05-28,1.06,1.06,Banco de horas positivo
2645,380,2024-07-28,2.82,0.0,Hora extra paga
2646,380,2022-12-25,4.9,4.9,Banco de horas positivo
2647,380,2024-01-24,1.92,0.0,Hora extra paga
2648,380,2021-03-07,2.8,2.8,Banco de horas positivo
2649,381,2022-10-01,7.73,0.0,Compensação
2650,381,2021-06-19,1.57,1.57,Banco de horas positivo
2651,381,2022-03-28,5.36,0.0,Hora extra paga
2652,381,2022-01-15,1.87,0.0,Hora extra paga
2653,381,2021-11-19,4.8,0.0,Hora extra paga
2654,381,2023-07-17,4.95,0.0,Hora extra paga
2655,381,2023-08-04,1.47,0.0,Compensação
2656,381,2023-11-17,0.16,0.0,Compensação
2657,381,2022-08-15,1.99,0.0,Hora extra paga
2658,382,2023-08-23,0.8,0.0,Hora extra paga
2659,382,2023-03-07,3.72,0.0,Hora extra paga
2660,382,2023-07-08,3.43,0.0,Hora extra paga
2661,382,2023-09-26,0.91,0.0,Hora extra paga
2662,383,2023-06-13,5.0,0.0,Hora extra paga
2663,383,2024-03-21,1.72,1.72,Banco de horas positivo
2664,384,2025-04-23,1.97,0.0,Hora extra paga
2665,384,2023-05-20,2.03,0.0,Compensação
2666,384,2024-01-24,3.15,3.15,Banco de horas positivo
2667,384,2023-05-19,2.2,0.0,Hora extra paga
2668,384,2025-09-25,6.22,6.22,Banco de horas positivo
2669,385,2025-10-10,1.73,0.0,Hora extra paga
2670,385,2025-09-15,4.32,0.0,Hora extra paga
2671,385,2025-07-22,2.85,0.0,Hora extra paga
2672,385,2024-07-10,3.6,3.6,Banco de horas positivo
2673,385,2023-02-03,3.75,3.75,Banco de horas positivo
2674,386,2025-07-08,1.36,0.0,Hora extra paga
2675,386,2023-11-19,6.33,0.0,Hora extra paga
2676,386,2025-07-15,2.54,0.0,Hora extra paga
2677,386,2021-10-03,12.0,0.0,Hora extra paga
2678,386,2021-03-15,12.0,0.0,Hora extra paga
2679,386,2021-09-02,4.28,0.0,Hora extra paga
2680,386,2024-01-15,3.6,0.0,Compensação
2681,386,2024-11-04,3.39,0.0,Hora extra paga
2682,386,2024-01-15,3.87,3.87,Banco de horas positivo
2683,386,2025-01-13,4.98,0.0,Compensação
2684,386,2023-02-01,0.89,0.0,Hora extra paga
2685,386,2022-06-17,3.69,3.69,Banco de horas positivo
2686,386,2021-08-26,7.66,0.0,Hora extra paga
2687,386,2022-12-05,11.95,11.95,Banco de horas positivo
2688,387,2020-02-07,2.01,2.01,Banco de horas positivo
2689,387,2022-03-03,4.76,0.0,Hora extra paga
2690,387,2022-04-11,3.12,0.0,Compensação
2691,387,2024-04-12,3.76,0.0,Hora extra paga
2692,387,2021-08-03,11.42,0.0,Compensação
2693,387,2019-09-04,0.59,0.0,Hora extra paga
2694,387,2021-03-02,3.58,0.0,Hora extra paga
2695,387,2024-09-17,3.19,3.19,Banco de horas positivo
2696,388,2025-06-02,2.06,0.0,Hora extra paga
2697,388,2025-05-25,5.84,5.84,Banco de horas positivo
2698,388,2025-08-18,3.55,0.0,Hora extra paga
2699,388,2025-02-28,5.06,0.0,Hora extra paga
2700,389,2022-02-09,3.41,0.0,Hora extra paga
2701,389,2023-02-08,1.7,0.0,Hora extra paga
2702,389,2024-04-06,1.13,1.13,Banco de horas positivo
2703,389,2024-04-08,2.25,2.25,Banco de horas positivo
2704,389,2021-10-23,2.68,0.0,Hora extra paga
2705,390,2021-03-14,3.19,0.0,Hora extra paga
2706,390,2019-10-19,3.68,0.0,Hora extra paga
2707,390,2024-10-10,3.76,3.76,Banco de horas positivo
2708,390,2021-01-26,3.36,3.36,Banco de horas positivo
2709,390,2020-10-21,1.74,0.0,Hora extra paga
2710,390,2023-08-25,2.14,2.14,Banco de horas positivo
2711,391,2022-05-14,6.28,0.0,Hora extra paga
2712,392,2024-05-23,7.17,0.0,Hora extra paga
2713,392,2023-02-28,5.39,0.0,Hora extra paga
2714,392,2024-02-21,2.54,2.54,Banco de horas positivo
2715,392,2024-03-09,1.23,0.0,Hora extra paga
2716,392,2025-07-18,2.21,0.0,Hora extra paga
2717,392,2024-01-26,7.47,0.0,Hora extra paga
2718,392,2023-09-06,2.59,0.0,Hora extra paga
2719,392,2024-02-01,2.07,0.0,Hora extra paga
2720,393,2019-04-29,4.97,0.0,Hora extra paga
2721,393,2022-07-10,3.1,3.1,Banco de horas positivo
2722,393,2024-06-13,1.53,1.53,Banco de horas positivo
2723,393,2019-12-18,4.75,0.0,Hora extra paga
2724,393,2024-06-04,0.96,0.0,Compensação
2725,393,2024-12-28,2.25,0.0,Hora extra paga
2726,393,2024-01-19,0.84,0.84,Banco de horas positivo
2727,393,2018-08-13,5.12,5.12,Banco de horas positivo
2728,393,2022-09-03,8.31,8.31,Banco de horas positivo
2729,393,2024-11-28,4.95,0.0,Hora extra paga
2730,393,2019-08-17,4.59,0.0,Hora extra paga
2731,393,2023-06-07,4.24,0.0,Hora extra paga
2732,393,2019-10-05,2.74,2.74,Banco de horas positivo
2733,393,2019-10-29,5.08,5.08,Banco de horas positivo
2734,393,2024-03-17,3.54,0.0,Hora extra paga
2735,393,2023-06-19,1.69,0.0,Hora extra paga
2736,394,2024-08-11,3.33,3.33,Banco de horas positivo
2737,394,2025-07-09,3.39,3.39,Banco de horas positivo
2738,395,2023-01-18,0.86,0.0,Compensação
2739,395,2022-10-30,9.4,0.0,Hora extra paga
2740,395,2024-01-19,4.0,0.0,Hora extra paga
2741,395,2024-01-20,8.0,8.0,Banco de horas positivo
2742,395,2021-06-04,0.93,0.93,Banco de horas positivo
2743,395,2025-01-22,0.46,0.0,Hora extra paga
2744,395,2024-04-07,4.81,4.81,Banco de horas positivo
2745,395,2025-11-26,5.93,0.0,Compensação
2746,396,2022-01-30,3.76,3.76,Banco de horas positivo
2747,396,2024-12-14,6.2,6.2,Banco de horas positivo
2748,396,2023-10-10,1.25,0.0,Hora extra paga
2749,396,2023-11-06,5.08,5.08,Banco de horas positivo
2750,396,2020-06-13,1.59,1.59,Banco de horas positivo
2751,396,2019-08-18,4.26,4.26,Banco de horas positivo
2752,396,2022-11-08,0.72,0.0,Hora extra paga
2753,396,2024-10-22,0.19,0.0,Hora extra paga
2754,396,2024-05-14,1.23,1.23,Banco de horas positivo
2755,396,2019-01-27,1.44,1.44,Banco de horas positivo
2756,396,2019-02-20,3.83,3.83,Banco de horas positivo
2757,396,2022-05-20,5.4,5.4,Banco de horas positivo
2758,396,2021-03-23,3.25,0.0,Hora extra paga
2759,396,2023-12-10,3.59,3.59,Banco de horas positivo
2760,396,2024-07-28,3.19,0.0,Hora extra paga
2761,396,2025-05-06,0.9,0.0,Hora extra paga
2762,396,2020-12-29,2.2,2.2,Banco de horas positivo
2763,397,2021-08-12,1.1,0.0,Hora extra paga
2764,397,2024-04-22,1.84,0.0,Compensação
2765,397,2023-05-05,3.79,0.0,Hora extra paga
2766,397,2024-08-25,2.86,0.0,Compensação
2767,397,2022-02-07,0.16,0.0,Compensação
2768,397,2024-02-02,2.44,0.0,Hora extra paga
2769,397,2024-07-01,0.2,0.2,Banco de horas positivo
2770,397,2023-12-05,3.99,0.0,Hora extra paga
2771,397,2022-03-16,3.5,0.0,Hora extra paga
2772,398,2025-08-05,2.53,0.0,Hora extra paga
2773,398,2024-12-09,5.7,5.7,Banco de horas positivo
2774,399,2023-03-01,0.83,0.0,Hora extra paga
2775,399,2022-12-06,4.6,4.6,Banco de horas positivo
2776,399,2020-01-16,1.47,0.0,Hora extra paga
2777,399,2020-07-09,2.89,0.0,Hora extra paga
2778,399,2025-03-16,6.26,0.0,Hora extra paga
2779,399,2020-12-28,3.89,3.89,Banco de horas positivo
2780,399,2021-04-30,3.25,3.25,Banco de horas positivo
2781,399,2024-10-15,1.22,0.0,Hora extra paga
2782,399,2021-04-07,2.32,2.32,Banco de horas positivo
2783,399,2019-06-16,4.11,0.0,Hora extra paga
2784,399,2020-01-19,0.77,0.0,Hora extra paga
2785,399,2021-06-08,9.9,0.0,Hora extra paga
2786,399,2025-08-16,3.2,0.0,Hora extra paga
2787,399,2021-11-03,2.34,0.0,Hora extra paga
2788,400,2025-07-19,11.3,0.0,Hora extra paga
2789,401,2024-06-07,0.94,0.0,Hora extra paga
2790,401,2025-02-10,3.1,0.0,Hora extra paga
2791,402,2022-06-14,1.42,0.0,Hora extra paga
2792,402,2025-03-29,2.42,2.42,Banco de horas positivo
2793,402,2023-01-07,6.65,6.65,Banco de horas positivo
2794,402,2022-06-30,2.78,0.0,Hora extra paga
2795,402,2025-06-13,1.04,1.04,Banco de horas positivo
2796,403,2024-03-20,2.6,2.6,Banco de horas positivo
2797,403,2023-12-12,6.7,0.0,Hora extra paga
2798,404,2023-10-27,6.12,0.0,Hora extra paga
2799,404,2022-11-26,1.72,1.72,Banco de horas positivo
2800,404,2023-12-18,1.88,0.0,Hora extra paga
2801,404,2023-12-20,4.41,4.41,Banco de horas positivo
2802,404,2025-02-19,6.86,6.86,Banco de horas positivo
2803,404,2023-12-20,2.84,0.0,Hora extra paga
2804,405,2025-07-20,4.76,4.76,Banco de horas positivo
2805,406,2023-12-02,0.77,0.0,Hora extra paga
2806,406,2025-05-17,4.27,0.0,Compensação
2807,406,2023-09-11,2.19,0.0,Hora extra paga
2808,406,2025-06-05,4.84,0.0,Hora extra paga
2809,406,2024-10-18,7.72,0.0,Compensação
2810,408,2025-06-01,1.16,0.0,Hora extra paga
2811,408,2023-08-18,3.12,3.12,Banco de horas positivo
2812,408,2023-07-04,4.72,0.0,Hora extra paga
2813,408,2024-07-02,2.66,0.0,Hora extra paga
2814,408,2025-12-29,7.61,0.0,Hora extra paga
2815,408,2024-04-30,9.36,9.36,Banco de horas positivo
2816,408,2024-12-09,3.43,0.0,Hora extra paga
2817,408,2025-01-03,4.67,0.0,Hora extra paga
2818,409,2024-07-15,2.05,0.0,Hora extra paga
2819,409,2021-08-26,1.27,0.0,Compensação
2820,409,2024-06-25,1.8,0.0,Hora extra paga
2821,409,2020-08-10,1.46,0.0,Hora extra paga
2822,409,2024-04-29,6.11,0.0,Hora extra paga
2823,409,2021-04-06,2.66,0.0,Compensação
2824,410,2025-12-07,3.44,0.0,Compensação
2825,410,2025-01-26,3.03,0.0,Hora extra paga
2826,411,2024-08-07,1.07,0.0,Compensação
2827,411,2024-06-21,7.15,0.0,Compensação
2828,412,2023-04-03,3.15,0.0,Hora extra paga
2829,412,2020-11-11,6.8,6.8,Banco de horas positivo
2830,412,2019-12-25,0.96,0.0,Compensação
2831,412,2021-04-02,0.95,0.95,Banco de horas positivo
2832,412,2023-09-15,2.55,2.55,Banco de horas positivo
2833,412,2023-08-08,3.71,0.0,Hora extra paga
2834,412,2020-07-14,1.77,1.77,Banco de horas positivo
2835,412,2020-12-04,7.08,0.0,Compensação
2836,412,2024-06-23,0.99,0.99,Banco de horas positivo
2837,412,2020-06-07,1.53,1.53,Banco de horas positivo
2838,413,2025-01-14,1.52,0.0,Hora extra paga
2839,413,2025-11-11,5.5,5.5,Banco de horas positivo
2840,414,2024-06-20,6.6,6.6,Banco de horas positivo
2841,414,2025-02-17,3.34,0.0,Hora extra paga
2842,414,2023-07-30,1.79,1.79,Banco de horas positivo
2843,414,2020-12-21,0.4,0.4,Banco de horas positivo
2844,414,2020-09-14,4.28,0.0,Hora extra paga
2845,414,2022-04-13,6.59,0.0,Hora extra paga
2846,414,2023-09-24,5.64,0.0,Hora extra paga
2847,414,2021-09-21,0.81,0.81,Banco de horas positivo
2848,416,2024-02-04,4.61,4.61,Banco de horas positivo
2849,417,2023-10-18,2.11,0.0,Hora extra paga
2850,418,2024-02-28,11.23,11.23,Banco de horas positivo
2851,418,2021-11-11,2.14,2.14,Banco de horas positivo
2852,418,2023-09-06,1.3,0.0,Hora extra paga
2853,418,2023-03-22,2.57,0.0,Hora extra paga
2854,418,2021-08-08,0.72,0.0,Hora extra paga
2855,418,2023-08-15,0.97,0.0,Hora extra paga
2856,418,2022-10-05,2.98,2.98,Banco de horas positivo
2857,418,2023-07-23,1.4,0.0,Hora extra paga
2858,418,2022-06-11,2.81,0.0,Compensação
2859,418,2021-05-09,0.87,0.0,Hora extra paga
2860,418,2025-03-01,7.88,0.0,Hora extra paga
2861,418,2025-12-18,2.59,2.59,Banco de horas positivo
2862,418,2021-08-29,2.91,2.91,Banco de horas positivo
2863,419,2024-05-06,1.96,0.0,Hora extra paga
2864,419,2025-05-21,5.92,5.92,Banco de horas positivo
2865,419,2025-08-09,6.47,0.0,Hora extra paga
2866,420,2021-12-15,2.69,0.0,Hora extra paga
2867,420,2024-04-20,0.9,0.0,Hora extra paga
2868,420,2024-06-28,1.3,0.0,Hora extra paga
2869,420,2024-07-09,1.8,0.0,Hora extra paga
2870,421,2024-06-02,5.7,5.7,Banco de horas positivo
2871,422,2023-05-07,2.7,2.7,Banco de horas positivo
2872,422,2025-06-10,6.03,6.03,Banco de horas positivo
2873,422,2019-12-18,2.14,0.0,Hora extra paga
2874,422,2025-09-27,5.7,5.7,Banco de horas positivo
2875,422,2024-11-28,2.53,0.0,Hora extra paga
2876,423,2024-01-01,0.96,0.0,Hora extra paga
2877,423,2023-09-29,6.71,0.0,Hora extra paga
2878,425,2024-10-11,3.68,0.0,Hora extra paga
2879,426,2025-03-09,1.56,1.56,Banco de horas positivo
2880,427,2025-02-14,3.58,0.0,Compensação
2881,427,2023-10-01,0.7,0.0,Hora extra paga
2882,429,2025-06-02,2.49,2.49,Banco de horas positivo
2883,430,2020-12-29,2.04,0.0,Compensação
2884,430,2019-01-29,2.25,0.0,Compensação
2885,430,2021-04-18,5.43,0.0,Compensação
2886,430,2020-05-03,3.78,3.78,Banco de horas positivo
2887,430,2020-10-13,0.38,0.0,Compensação
2888,430,2018-11-22,3.86,0.0,Compensação
2889,430,2019-07-22,1.75,1.75,Banco de horas positivo
2890,431,2024-12-11,2.05,0.0,Hora extra paga
2891,431,2024-05-15,1.8,0.0,Hora extra paga
2892,431,2020-11-11,6.87,0.0,Compensação
2893,431,2019-10-03,6.01,0.0,Hora extra paga
2894,431,2018-09-29,1.42,0.0,Hora extra paga
2895,431,2021-05-16,11.08,11.08,Banco de horas positivo
2896,432,2021-03-09,0.49,0.0,Hora extra paga
2897,432,2024-06-22,1.6,1.6,Banco de horas positivo
2898,432,2021-07-02,3.71,3.71,Banco de horas positivo
2899,432,2019-02-26,0.78,0.78,Banco de horas positivo
2900,432,2025-05-11,4.99,4.99,Banco de horas positivo
2901,432,2022-09-30,3.52,3.52,Banco de horas positivo
2902,432,2022-10-20,4.0,4.0,Banco de horas positivo
2903,432,2020-03-23,5.71,0.0,Hora extra paga
2904,432,2020-02-05,3.54,0.0,Hora extra paga
2905,432,2024-10-08,1.81,0.0,Compensação
2906,432,2019-04-26,0.77,0.77,Banco de horas positivo
2907,432,2020-09-06,6.11,0.0,Hora extra paga
2908,432,2019-09-26,1.58,0.0,Hora extra paga
2909,432,2023-02-11,5.33,0.0,Hora extra paga
2910,432,2023-11-13,2.54,0.0,Hora extra paga
2911,432,2018-07-25,0.38,0.0,Hora extra paga
2912,432,2024-01-10,7.16,0.0,Compensação
2913,432,2019-01-12,3.08,0.0,Hora extra paga
2914,432,2022-07-09,2.72,2.72,Banco de horas positivo
2915,432,2022-12-16,1.55,1.55,Banco de horas positivo
2916,432,2024-08-27,4.07,0.0,Hora extra paga
2917,432,2022-07-16,6.03,6.03,Banco de horas positivo
2918,432,2023-02-02,1.61,1.61,Banco de horas positivo
2919,432,2022-10-25,4.48,4.48,Banco de horas positivo
2920,433,2023-08-02,4.12,4.12,Banco de horas positivo
2921,433,2018-11-16,5.97,5.97,Banco de horas positivo
2922,433,2022-09-19,3.1,0.0,Hora extra paga
2923,433,2021-01-15,2.36,0.0,Hora extra paga
2924,433,2022-11-02,5.21,0.0,Compensação
2925,433,2020-02-19,12.0,0.0,Hora extra paga
2926,433,2019-05-13,8.78,8.78,Banco de horas positivo
2927,433,2024-10-25,1.71,0.0,Hora extra paga
2928,433,2024-02-29,3.1,3.1,Banco de horas positivo
2929,433,2022-11-01,3.01,3.01,Banco de horas positivo
2930,433,2022-06-24,4.2,4.2,Banco de horas positivo
2931,433,2022-06-23,12.0,0.0,Hora extra paga
2932,433,2019-02-05,2.05,2.05,Banco de horas positivo
2933,433,2021-10-26,0.49,0.49,Banco de horas positivo
2934,433,2024-12-08,8.41,0.0,Hora extra paga
2935,433,2021-08-21,2.73,2.73,Banco de horas positivo
2936,433,2021-04-11,1.85,0.0,Compensação
2937,433,2021-10-15,0.96,0.0,Hora extra paga
2938,433,2025-10-11,7.13,7.13,Banco de horas positivo
2939,433,2018-10-29,3.18,3.18,Banco de horas positivo
2940,433,2023-05-14,2.75,0.0,Hora extra paga
2941,433,2023-04-05,4.2,4.2,Banco de horas positivo
2942,434,2023-12-14,4.85,4.85,Banco de horas positivo
2943,434,2022-11-10,7.18,7.18,Banco de horas positivo
2944,434,2023-06-23,2.26,0.0,Hora extra paga
2945,434,2022-10-25,2.19,2.19,Banco de horas positivo
2946,434,2023-01-07,9.48,9.48,Banco de horas positivo
2947,434,2024-12-09,2.96,2.96,Banco de horas positivo
2948,434,2024-02-04,1.68,0.0,Hora extra paga
2949,434,2023-09-08,6.9,6.9,Banco de horas positivo
2950,434,2021-10-21,0.88,0.0,Hora extra paga
2951,434,2023-06-15,5.07,0.0,Hora extra paga
2952,435,2023-09-24,12.0,12.0,Banco de horas positivo
2953,435,2021-05-19,1.04,1.04,Banco de horas positivo
2954,436,2024-05-08,4.87,4.87,Banco de horas positivo
2955,436,2021-05-23,2.73,0.0,Hora extra paga
2956,436,2020-09-18,7.03,7.03,Banco de horas positivo
2957,436,2021-02-26,0.84,0.0,Hora extra paga
2958,436,2023-08-02,6.62,0.0,Compensação
2959,436,2020-10-09,2.39,0.0,Hora extra paga
2960,436,2024-02-17,12.0,0.0,Hora extra paga
2961,436,2020-07-31,4.81,0.0,Hora extra paga
2962,436,2020-04-03,9.45,0.0,Hora extra paga
2963,436,2022-07-30,12.0,0.0,Hora extra paga
2964,436,2020-11-28,3.46,0.0,Hora extra paga
2965,436,2022-02-17,6.47,6.47,Banco de horas positivo
2966,436,2021-09-09,0.51,0.51,Banco de horas positivo
2967,436,2023-11-15,6.8,0.0,Hora extra paga
2968,436,2020-10-20,8.2,0.0,Hora extra paga
2969,436,2023-02-12,5.82,0.0,Hora extra paga
2970,436,2025-06-26,8.1,0.0,Hora extra paga
2971,436,2022-11-10,2.57,0.0,Compensação
2972,436,2022-04-02,4.25,0.0,Hora extra paga
2973,436,2020-12-16,3.06,0.0,Hora extra paga
2974,436,2020-05-26,4.88,4.88,Banco de horas positivo
2975,436,2025-01-13,4.42,4.42,Banco de horas positivo
2976,436,2025-01-07,1.98,0.0,Compensação
2977,436,2019-09-14,3.09,0.0,Hora extra paga
2978,436,2025-04-01,7.0,0.0,Hora extra paga
2979,437,2025-01-02,1.75,0.0,Hora extra paga
2980,437,2023-08-25,2.44,0.0,Hora extra paga
2981,437,2024-03-19,8.07,8.07,Banco de horas positivo
2982,437,2024-09-26,1.11,1.11,Banco de horas positivo
2983,437,2024-05-07,0.94,0.94,Banco de horas positivo
2984,438,2021-11-09,2.43,0.0,Hora extra paga
2985,438,2025-06-16,7.91,0.0,Hora extra paga
2986,438,2024-10-19,0.67,0.67,Banco de horas positivo
2987,438,2023-08-05,3.95,0.0,Hora extra paga
2988,438,2022-02-19,2.75,0.0,Hora extra paga
2989,438,2024-11-22,6.11,6.11,Banco de horas positivo
2990,438,2022-08-27,3.58,0.0,Hora extra paga
2991,438,2025-05-15,4.73,0.0,Hora extra paga
2992,438,2023-01-20,2.06,0.0,Hora extra paga
2993,438,2025-11-28,0.96,0.96,Banco de horas positivo
2994,438,2025-04-18,1.31,1.31,Banco de horas positivo
2995,438,2021-10-13,5.77,5.77,Banco de horas positivo
2996,438,2024-12-30,3.53,0.0,Compensação
2997,438,2024-09-04,3.7,0.0,Hora extra paga
2998,438,2024-07-05,1.83,1.83,Banco de horas positivo
2999,438,2025-02-19,2.4,0.0,Hora extra paga
3000,438,2023-06-10,0.41,0.0,Hora extra paga
3001,438,2022-10-14,3.66,0.0,Hora extra paga
3002,438,2022-07-18,0.91,0.91,Banco de horas positivo
3003,439,2025-02-17,10.53,0.0,Compensação
3004,440,2025-08-19,8.86,0.0,Compensação
3005,440,2024-05-23,4.22,0.0,Hora extra paga
3006,440,2023-11-02,5.64,0.0,Hora extra paga
3007,440,2023-03-31,4.64,4.64,Banco de horas positivo
3008,440,2024-01-27,1.2,0.0,Hora extra paga
3009,440,2025-01-28,2.1,0.0,Hora extra paga
3010,440,2023-07-17,11.6,0.0,Hora extra paga
3011,440,2024-07-17,1.17,0.0,Hora extra paga
3012,440,2022-10-25,3.85,3.85,Banco de horas positivo
3013,441,2022-10-29,5.77,0.0,Hora extra paga
3014,441,2023-10-06,5.65,5.65,Banco de horas positivo
3015,441,2022-02-08,4.86,0.0,Hora extra paga
3016,441,2022-01-16,5.96,5.96,Banco de horas positivo
3017,441,2022-02-27,7.12,7.12,Banco de horas positivo
3018,441,2022-03-30,1.53,0.0,Hora extra paga
3019,441,2021-12-01,5.43,0.0,Hora extra paga
3020,441,2025-05-09,1.8,0.0,Hora extra paga
3021,442,2021-03-10,0.36,0.36,Banco de horas positivo
3022,442,2024-11-10,6.09,6.09,Banco de horas positivo
3023,442,2022-05-06,2.04,0.0,Hora extra paga
3024,442,2021-06-05,12.0,0.0,Hora extra paga
3025,442,2021-06-08,6.33,0.0,Compensação
3026,442,2024-12-14,2.29,0.0,Compensação
3027,442,2023-01-17,1.45,1.45,Banco de horas positivo
3028,442,2024-09-28,3.07,3.07,Banco de horas positivo
3029,442,2023-12-17,2.08,0.0,Hora extra paga
3030,442,2023-10-17,6.17,0.0,Hora extra paga
3031,442,2023-04-08,2.19,2.19,Banco de horas positivo
3032,442,2021-02-24,0.49,0.0,Hora extra paga
3033,442,2023-02-02,3.0,3.0,Banco de horas positivo
3034,443,2024-12-18,5.0,5.0,Banco de horas positivo
3035,443,2022-06-06,3.87,3.87,Banco de horas positivo
3036,443,2023-01-03,2.08,2.08,Banco de horas positivo
3037,443,2025-10-10,2.83,2.83,Banco de horas positivo
3038,443,2023-07-21,1.51,0.0,Hora extra paga
3039,443,2025-04-19,2.44,0.0,Compensação
3040,443,2025-01-05,1.22,1.22,Banco de horas positivo
3041,443,2023-02-14,2.66,0.0,Hora extra paga
3042,443,2024-10-19,6.28,6.28,Banco de horas positivo
3043,443,2024-02-04,3.04,0.0,Compensação
3044,443,2024-09-19,0.71,0.71,Banco de horas positivo
3045,443,2022-06-10,3.34,3.34,Banco de horas positivo
3046,443,2023-09-25,2.27,2.27,Banco de horas positivo
3047,443,2022-10-15,2.74,0.0,Hora extra paga
3048,443,2025-05-25,5.6,0.0,Hora extra paga
3049,443,2023-06-23,12.0,12.0,Banco de horas positivo
3050,443,2023-03-09,6.79,6.79,Banco de horas positivo
3051,444,2025-11-27,6.49,6.49,Banco de horas positivo
3052,444,2022-05-02,5.21,0.0,Hora extra paga
3053,444,2023-02-02,4.67,0.0,Hora extra paga
3054,444,2021-07-24,2.93,2.93,Banco de horas positivo
3055,444,2023-05-15,1.52,0.0,Hora extra paga
3056,444,2022-01-06,2.29,2.29,Banco de horas positivo
3057,444,2024-03-22,4.44,4.44,Banco de horas positivo
3058,444,2023-06-26,2.88,0.0,Hora extra paga
3059,445,2025-03-20,4.29,0.0,Compensação
3060,445,2024-12-16,2.33,2.33,Banco de horas positivo
3061,445,2024-05-24,3.58,3.58,Banco de horas positivo
3062,445,2024-09-26,4.45,0.0,Hora extra paga
3063,445,2024-09-19,8.99,0.0,Hora extra paga
3064,445,2025-09-04,2.79,0.0,Hora extra paga
3065,445,2025-04-20,1.61,0.0,Hora extra paga
3066,445,2025-10-24,1.54,0.0,Hora extra paga
3067,445,2025-01-16,7.15,7.15,Banco de horas positivo
3068,445,2024-09-15,4.78,0.0,Hora extra paga
3069,446,2024-12-24,1.2,0.0,Hora extra paga
3070,446,2025-06-30,5.69,0.0,Hora extra paga
3071,447,2023-09-08,0.98,0.0,Hora extra paga
3072,447,2023-11-21,1.01,1.01,Banco de horas positivo
3073,447,2023-06-16,1.18,1.18,Banco de horas positivo
3074,448,2023-07-02,6.78,0.0,Hora extra paga
3075,448,2023-10-11,5.11,5.11,Banco de horas positivo
3076,448,2024-03-29,9.35,0.0,Hora extra paga
3077,449,2022-05-17,10.34,0.0,Hora extra paga
3078,449,2022-11-06,0.94,0.94,Banco de horas positivo
3079,450,2022-03-07,4.19,0.0,Hora extra paga
3080,450,2025-01-21,4.53,0.0,Hora extra paga
3081,450,2025-12-19,6.57,0.0,Hora extra paga
3082,450,2022-02-06,1.18,1.18,Banco de horas positivo
3083,450,2025-04-07,2.59,2.59,Banco de horas positivo
3084,450,2023-12-02,5.66,0.0,Compensação
3085,450,2025-07-10,2.45,0.0,Hora extra paga
3086,450,2023-10-10,5.47,5.47,Banco de horas positivo
3087,450,2024-11-26,3.62,3.62,Banco de horas positivo
3088,451,2024-05-21,3.39,3.39,Banco de horas positivo
3089,452,2023-09-04,12.0,0.0,Hora extra paga
3090,452,2021-12-03,2.45,2.45,Banco de horas positivo
3091,452,2024-04-26,10.06,10.06,Banco de horas positivo
3092,452,2021-06-11,5.83,0.0,Compensação
3093,452,2023-06-20,3.17,3.17,Banco de horas positivo
3094,452,2024-01-03,2.72,2.72,Banco de horas positivo
3095,452,2024-02-13,2.73,2.73,Banco de horas positivo
3096,452,2024-04-18,4.26,0.0,Hora extra paga
3097,452,2023-03-26,2.44,2.44,Banco de horas positivo
3098,452,2024-11-07,0.84,0.84,Banco de horas positivo
3099,452,2021-11-18,3.49,0.0,Compensação
3100,452,2021-02-09,0.39,0.0,Hora extra paga
3101,452,2022-07-13,2.41,0.0,Hora extra paga
3102,452,2019-12-30,2.8,0.0,Compensação
3103,452,2024-12-04,4.71,0.0,Hora extra paga
3104,452,2022-12-10,2.15,2.15,Banco de horas positivo
3105,452,2021-05-17,6.46,0.0,Hora extra paga
3106,452,2022-07-13,3.85,3.85,Banco de horas positivo
3107,453,2024-06-06,2.21,2.21,Banco de horas positivo
3108,453,2021-08-20,9.65,0.0,Hora extra paga
3109,453,2023-04-14,0.56,0.56,Banco de horas positivo
3110,453,2022-05-04,5.37,0.0,Hora extra paga
3111,453,2024-08-14,3.92,0.0,Compensação
3112,453,2021-09-04,3.39,3.39,Banco de horas positivo
3113,453,2023-07-06,2.31,0.0,Hora extra paga
3114,453,2020-11-22,8.07,8.07,Banco de horas positivo
3115,453,2023-04-10,6.65,0.0,Hora extra paga
3116,453,2022-06-30,2.72,0.0,Hora extra paga
3117,454,2021-05-27,3.36,0.0,Hora extra paga
3118,454,2020-05-21,4.19,0.0,Hora extra paga
3119,454,2023-04-13,4.83,4.83,Banco de horas positivo
3120,454,2019-12-05,3.03,3.03,Banco de horas positivo
3121,454,2021-12-30,1.27,0.0,Hora extra paga
3122,454,2022-03-05,1.29,1.29,Banco de horas positivo
3123,456,2025-10-27,7.78,0.0,Hora extra paga
3124,456,2022-08-02,0.27,0.0,Hora extra paga
3125,456,2022-01-19,0.73,0.0,Hora extra paga
3126,456,2024-11-18,4.71,0.0,Compensação
3127,456,2025-05-24,1.42,1.42,Banco de horas positivo
3128,456,2021-03-02,2.83,0.0,Hora extra paga
3129,456,2023-05-24,3.32,0.0,Hora extra paga
3130,456,2024-01-12,2.78,2.78,Banco de horas positivo
3131,457,2023-02-19,5.43,0.0,Hora extra paga
3132,457,2020-12-22,2.4,0.0,Hora extra paga
3133,457,2025-11-19,1.96,0.0,Hora extra paga
3134,457,2023-08-23,9.37,9.37,Banco de horas positivo
3135,457,2021-01-15,4.97,4.97,Banco de horas positivo
3136,457,2019-09-05,3.37,0.0,Hora extra paga
3137,457,2018-09-17,0.61,0.0,Compensação
3138,457,2018-11-04,1.41,1.41,Banco de horas positivo
3139,457,2024-06-30,0.5,0.0,Hora extra paga
3140,457,2025-09-30,9.35,9.35,Banco de horas positivo
3141,457,2019-11-16,1.88,0.0,Hora extra paga
3142,457,2024-01-25,2.79,0.0,Hora extra paga
3143,457,2024-06-17,3.25,0.0,Hora extra paga
3144,457,2022-07-03,4.53,0.0,Hora extra paga
3145,457,2020-05-19,1.12,1.12,Banco de horas positivo
3146,457,2020-02-06,2.98,0.0,Compensação
3147,457,2019-11-09,1.83,0.0,Hora extra paga
3148,457,2019-05-26,2.62,0.0,Hora extra paga
3149,457,2022-08-21,5.48,5.48,Banco de horas positivo
3150,457,2024-08-30,2.09,0.0,Hora extra paga
3151,457,2023-07-08,3.79,3.79,Banco de horas positivo
3152,457,2019-07-18,7.21,7.21,Banco de horas positivo
3153,457,2024-10-02,4.26,0.0,Hora extra paga
3154,457,2021-08-28,2.97,0.0,Compensação
3155,457,2022-01-28,3.68,0.0,Hora extra paga
3156,457,2020-04-05,3.96,0.0,Hora extra paga
3157,458,2021-01-07,1.87,0.0,Hora extra paga
3158,458,2022-09-28,8.03,0.0,Hora extra paga
3159,458,2021-10-22,3.14,0.0,Hora extra paga
3160,458,2020-08-25,5.39,0.0,Hora extra paga
3161,458,2023-07-13,1.91,1.91,Banco de horas positivo
3162,458,2024-05-05,5.88,0.0,Hora extra paga
3163,458,2023-11-03,0.63,0.0,Hora extra paga
3164,458,2021-08-02,11.59,0.0,Compensação
3165,458,2021-09-01,2.37,2.37,Banco de horas positivo
3166,458,2025-12-20,0.94,0.94,Banco de horas positivo
3167,459,2025-08-09,1.36,1.36,Banco de horas positivo
3168,459,2020-07-25,3.62,0.0,Compensação
3169,459,2021-04-12,2.83,2.83,Banco de horas positivo
3170,459,2025-08-05,6.38,0.0,Hora extra paga
3171,459,2022-03-12,8.54,8.54,Banco de horas positivo
3172,459,2021-11-08,2.99,0.0,Hora extra paga
3173,459,2020-04-20,6.87,0.0,Hora extra paga
3174,459,2025-12-13,3.96,0.0,Hora extra paga
3175,459,2024-08-17,2.43,0.0,Hora extra paga
3176,459,2023-11-06,6.7,0.0,Hora extra paga
3177,459,2021-09-03,3.22,0.0,Hora extra paga
3178,459,2022-07-07,1.99,0.0,Hora extra paga
3179,459,2025-01-02,4.85,4.85,Banco de horas positivo
3180,460,2024-11-18,7.51,7.51,Banco de horas positivo
3181,460,2024-10-29,5.51,5.51,Banco de horas positivo
3182,460,2023-01-11,6.09,0.0,Hora extra paga
3183,460,2025-07-11,0.18,0.0,Hora extra paga
3184,460,2024-09-12,1.6,0.0,Hora extra paga
3185,460,2024-07-13,3.01,0.0,Hora extra paga
3186,460,2024-02-08,1.44,0.0,Hora extra paga
3187,461,2025-09-15,4.18,4.18,Banco de horas positivo
3188,462,2022-02-11,1.81,1.81,Banco de horas positivo
3189,462,2022-03-10,0.39,0.0,Hora extra paga
3190,462,2025-04-02,1.28,1.28,Banco de horas positivo
3191,462,2020-01-15,1.12,1.12,Banco de horas positivo
3192,462,2021-04-02,2.46,0.0,Hora extra paga
3193,462,2023-02-16,1.15,0.0,Hora extra paga
3194,462,2020-09-11,2.4,0.0,Hora extra paga
3195,462,2020-07-11,5.13,5.13,Banco de horas positivo
3196,463,2025-09-07,2.12,2.12,Banco de horas positivo
3197,463,2024-10-11,3.04,0.0,Hora extra paga
3198,464,2025-11-14,1.96,0.0,Hora extra paga
3199,464,2025-02-08,3.16,0.0,Compensação
3200,464,2024-07-14,3.66,0.0,Hora extra paga
3201,464,2025-05-03,1.58,1.58,Banco de horas positivo
3202,464,2025-08-11,3.62,3.62,Banco de horas positivo
3203,464,2024-04-13,0.74,0.0,Hora extra paga
3204,464,2024-03-05,3.46,0.0,Hora extra paga
3205,464,2025-02-19,5.45,0.0,Hora extra paga
3206,465,2024-12-27,1.13,0.0,Compensação
3207,465,2023-06-03,5.44,0.0,Hora extra paga
3208,465,2023-05-15,5.84,0.0,Hora extra paga
3209,465,2023-04-22,2.01,0.0,Hora extra paga
3210,465,2024-01-07,5.89,0.0,Hora extra paga
3211,465,2025-11-16,1.6,0.0,Hora extra paga
3212,465,2024-02-29,1.05,1.05,Banco de horas positivo
3213,465,2023-11-19,6.78,0.0,Hora extra paga
3214,465,2023-07-14,2.15,2.15,Banco de horas positivo
3215,465,2024-11-24,0.29,0.0,Hora extra paga
3216,465,2024-03-17,1.07,1.07,Banco de horas positivo
3217,465,2024-12-15,4.86,4.86,Banco de horas positivo
3218,465,2025-10-05,3.31,0.0,Hora extra paga
3219,465,2024-04-04,3.13,3.13,Banco de horas positivo
3220,465,2023-11-02,4.57,4.57,Banco de horas positivo
3221,466,2024-01-14,2.12,2.12,Banco de horas positivo
3222,466,2019-07-25,0.59,0.59,Banco de horas positivo
3223,466,2022-08-23,3.15,0.0,Hora extra paga
3224,466,2021-10-22,4.48,4.48,Banco de horas positivo
3225,466,2025-09-12,8.54,0.0,Hora extra paga
3226,466,2020-08-25,1.96,0.0,Hora extra paga
3227,467,2019-04-03,2.66,0.0,Compensação
3228,467,2019-06-19,8.86,0.0,Hora extra paga
3229,467,2018-06-25,0.74,0.0,Compensação
3230,467,2019-03-31,4.56,0.0,Hora extra paga
3231,468,2025-03-28,1.92,0.0,Hora extra paga
3232,468,2025-12-21,10.69,0.0,Compensação
3233,468,2023-06-29,12.0,12.0,Banco de horas positivo
3234,468,2025-10-11,2.46,2.46,Banco de horas positivo
3235,469,2020-05-04,5.76,0.0,Hora extra paga
3236,469,2018-11-21,2.27,2.27,Banco de horas positivo
3237,469,2020-09-20,6.12,0.0,Compensação
3238,469,2019-11-11,4.99,4.99,Banco de horas positivo
3239,469,2020-09-19,5.7,0.0,Hora extra paga
3240,469,2022-09-26,3.85,0.0,Hora extra paga
3241,469,2025-06-23,12.0,0.0,Hora extra paga
3242,469,2022-05-17,5.91,0.0,Compensação
3243,469,2022-06-07,5.54,0.0,Hora extra paga
3244,469,2020-03-23,5.83,0.0,Hora extra paga
3245,469,2024-04-22,2.93,0.0,Compensação
3246,469,2022-11-17,2.27,0.0,Compensação
3247,469,2020-06-20,5.65,5.65,Banco de horas positivo
3248,470,2018-12-07,1.06,0.0,Compensação
3249,470,2025-05-16,6.92,0.0,Hora extra paga
3250,470,2025-11-12,2.75,2.75,Banco de horas positivo
3251,470,2020-09-21,1.98,0.0,Hora extra paga
3252,470,2025-02-01,4.59,0.0,Hora extra paga
3253,470,2025-09-17,6.8,0.0,Compensação
3254,470,2024-01-26,3.53,3.53,Banco de horas positivo
3255,470,2021-05-24,1.97,1.97,Banco de horas positivo
3256,470,2022-06-28,12.0,0.0,Hora extra paga
3257,470,2020-01-25,11.8,0.0,Hora extra paga
3258,470,2022-10-27,2.9,0.0,Hora extra paga
3259,470,2025-07-14,0.99,0.99,Banco de horas positivo
3260,470,2022-08-01,3.43,0.0,Hora extra paga
3261,470,2021-01-09,6.65,0.0,Hora extra paga
3262,470,2021-04-07,6.86,0.0,Hora extra paga
3263,470,2020-04-18,0.16,0.16,Banco de horas positivo
3264,471,2024-12-07,4.83,0.0,Hora extra paga
3265,471,2024-11-18,2.37,0.0,Compensação
3266,472,2024-12-21,1.7,1.7,Banco de horas positivo
3267,472,2025-04-09,3.28,0.0,Hora extra paga
3268,472,2025-09-15,3.46,0.0,Hora extra paga
3269,472,2025-12-14,3.9,0.0,Hora extra paga
3270,472,2023-11-13,4.27,4.27,Banco de horas positivo
3271,472,2022-08-28,12.0,0.0,Compensação
3272,472,2025-04-22,2.39,0.0,Hora extra paga
3273,472,2024-11-02,2.85,0.0,Hora extra paga
3274,472,2022-06-14,1.52,0.0,Compensação
3275,472,2024-04-24,6.37,6.37,Banco de horas positivo
3276,472,2024-10-07,2.52,0.0,Hora extra paga
3277,472,2024-10-17,2.48,0.0,Hora extra paga
3278,472,2022-05-12,9.6,9.6,Banco de horas positivo
3279,472,2021-05-23,9.04,9.04,Banco de horas positivo
3280,472,2022-12-30,2.17,0.0,Hora extra paga
3281,472,2023-06-04,6.47,0.0,Hora extra paga
3282,472,2024-01-16,3.17,0.0,Hora extra paga
3283,473,2025-03-30,4.85,4.85,Banco de horas positivo
3284,473,2025-04-04,2.88,0.0,Hora extra paga
3285,473,2025-10-01,5.98,0.0,Hora extra paga
3286,474,2022-06-15,8.99,0.0,Hora extra paga
3287,474,2023-12-08,7.53,7.53,Banco de horas positivo
3288,474,2022-06-29,0.54,0.0,Hora extra paga
3289,474,2021-05-31,1.29,0.0,Compensação
3290,474,2022-07-04,1.45,1.45,Banco de horas positivo
3291,474,2024-09-16,2.42,2.42,Banco de horas positivo
3292,474,2024-10-01,5.88,5.88,Banco de horas positivo
3293,474,2020-12-09,5.5,5.5,Banco de horas positivo
3294,474,2025-08-26,1.69,0.0,Hora extra paga
3295,475,2025-09-15,1.51,0.0,Hora extra paga
3296,476,2020-01-24,7.91,7.91,Banco de horas positivo
3297,476,2024-12-09,0.92,0.92,Banco de horas positivo
3298,476,2024-02-16,7.38,0.0,Hora extra paga
3299,476,2020-09-13,1.32,1.32,Banco de horas positivo
3300,476,2020-03-22,3.88,0.0,Compensação
3301,476,2025-11-08,8.44,8.44,Banco de horas positivo
3302,476,2024-10-27,0.62,0.0,Compensação
3303,476,2020-03-08,3.59,0.0,Hora extra paga
3304,476,2025-05-29,3.83,0.0,Hora extra paga
3305,476,2021-10-10,0.38,0.38,Banco de horas positivo
3306,476,2024-01-14,5.62,0.0,Hora extra paga
3307,476,2025-04-04,4.8,4.8,Banco de horas positivo
3308,477,2025-02-13,2.65,2.65,Banco de horas positivo
3309,477,2021-05-19,12.0,0.0,Compensação
3310,477,2024-12-27,2.7,0.0,Hora extra paga
3311,477,2023-07-16,2.24,2.24,Banco de horas positivo
3312,477,2025-03-24,1.51,0.0,Hora extra paga
3313,477,2021-08-04,3.82,0.0,Hora extra paga
3314,477,2025-05-10,3.98,0.0,Hora extra paga
3315,477,2025-06-28,7.03,0.0,Hora extra paga
3316,477,2021-10-28,6.21,0.0,Hora extra paga
3317,477,2022-11-03,3.41,0.0,Hora extra paga
3318,477,2020-12-02,4.14,4.14,Banco de horas positivo
3319,477,2021-04-04,0.77,0.0,Hora extra paga
3320,478,2023-04-09,2.04,0.0,Hora extra paga
3321,478,2025-12-12,2.71,0.0,Hora extra paga
3322,478,2023-11-22,8.66,0.0,Hora extra paga
3323,478,2024-01-25,3.64,3.64,Banco de horas positivo
3324,478,2025-05-31,10.54,0.0,Hora extra paga
3325,478,2023-10-02,1.0,0.0,Hora extra paga
3326,478,2025-03-06,8.47,0.0,Compensação
3327,478,2024-06-09,2.36,0.0,Hora extra paga
3328,478,2024-03-20,2.51,0.0,Hora extra paga
3329,479,2025-12-03,2.4,2.4,Banco de horas positivo
3330,479,2024-03-11,1.34,0.0,Hora extra paga
3331,479,2025-04-28,1.71,0.0,Compensação
3332,479,2025-10-23,5.17,5.17,Banco de horas positivo
3333,479,2025-09-16,1.6,0.0,Hora extra paga
3334,479,2025-02-28,6.93,0.0,Hora extra paga
3335,480,2025-09-01,3.56,0.0,Hora extra paga
3336,480,2025-12-22,6.01,0.0,Hora extra paga
3337,480,2023-03-04,0.35,0.35,Banco de horas positivo
3338,480,2024-09-11,2.99,0.0,Hora extra paga
3339,480,2023-02-24,2.76,0.0,Compensação
3340,480,2023-12-17,8.23,8.23,Banco de horas positivo
3341,480,2024-05-20,2.39,0.0,Hora extra paga
3342,480,2022-10-29,4.42,4.42,Banco de horas positivo
3343,480,2023-07-10,2.31,0.0,Hora extra paga
3344,480,2024-03-08,2.6,2.6,Banco de horas positivo
3345,480,2025-12-05,5.99,5.99,Banco de horas positivo
3346,480,2023-03-05,4.71,0.0,Compensação
3347,480,2022-06-09,4.95,4.95,Banco de horas positivo
3348,481,2024-05-30,3.15,3.15,Banco de horas positivo
3349,481,2024-08-04,2.62,2.62,Banco de horas positivo
3350,481,2024-08-11,8.2,8.2,Banco de horas positivo
3351,482,2024-11-21,9.47,0.0,Hora extra paga
3352,483,2024-12-26,6.06,0.0,Hora extra paga
3353,484,2022-08-21,1.45,0.0,Hora extra paga
3354,484,2025-09-22,10.23,10.23,Banco de horas positivo
3355,484,2024-08-01,1.97,1.97,Banco de horas positivo
3356,484,2021-10-29,5.84,0.0,Hora extra paga
3357,484,2025-04-16,3.82,3.82,Banco de horas positivo
3358,484,2022-04-30,3.05,0.0,Hora extra paga
3359,484,2025-12-17,7.31,0.0,Hora extra paga
3360,484,2025-02-20,3.07,0.0,Hora extra paga
3361,484,2023-05-16,5.78,0.0,Hora extra paga
3362,484,2023-02-26,3.7,0.0,Hora extra paga
3363,484,2022-08-06,2.92,2.92,Banco de horas positivo
3364,484,2023-09-03,5.48,0.0,Hora extra paga
3365,484,2024-11-15,11.69,11.69,Banco de horas positivo
3366,484,2025-06-28,1.42,0.0,Hora extra paga
3367,485,2025-08-30,5.47,0.0,Hora extra paga
3368,485,2021-01-16,1.64,0.0,Hora extra paga
3369,485,2021-05-19,12.0,0.0,Hora extra paga
3370,485,2021-04-26,5.97,0.0,Hora extra paga
3371,485,2023-04-13,3.36,0.0,Hora extra paga
3372,485,2023-11-09,5.08,0.0,Hora extra paga
3373,486,2020-12-07,0.23,0.0,Hora extra paga
3374,486,2024-07-09,4.72,4.72,Banco de horas positivo
3375,486,2022-05-06,6.24,0.0,Compensação
3376,486,2024-01-29,3.38,0.0,Hora extra paga
3377,486,2022-08-29,1.64,0.0,Hora extra paga
3378,486,2024-06-17,3.25,0.0,Hora extra paga
3379,486,2020-11-04,8.68,0.0,Compensação
3380,486,2024-08-29,5.4,0.0,Hora extra paga
3381,486,2023-01-04,0.49,0.0,Compensação
3382,486,2025-08-30,1.35,0.0,Hora extra paga
3383,486,2023-01-14,2.4,0.0,Hora extra paga
3384,486,2021-01-15,5.7,5.7,Banco de horas positivo
3385,487,2025-12-20,6.68,6.68,Banco de horas positivo
3386,487,2024-10-21,5.96,0.0,Hora extra paga
3387,487,2021-10-25,3.86,3.86,Banco de horas positivo
3388,487,2024-02-26,3.15,3.15,Banco de horas positivo
3389,487,2021-06-26,1.29,0.0,Hora extra paga
3390,487,2022-09-12,5.25,5.25,Banco de horas positivo
3391,487,2023-05-26,2.34,2.34,Banco de horas positivo
3392,487,2025-01-03,1.65,0.0,Hora extra paga
3393,487,2025-08-15,8.84,8.84,Banco de horas positivo
3394,487,2023-12-07,12.0,12.0,Banco de horas positivo
3395,487,2022-09-20,5.06,0.0,Hora extra paga
3396,487,2021-10-05,2.57,2.57,Banco de horas positivo
3397,487,2025-10-25,0.34,0.0,Hora extra paga
3398,487,2022-07-01,11.43,0.0,Hora extra paga
3399,487,2021-03-17,3.02,0.0,Hora extra paga
3400,487,2023-11-24,2.33,0.0,Hora extra paga
3401,487,2024-12-04,2.51,0.0,Hora extra paga
3402,488,2022-09-13,3.18,0.0,Hora extra paga
3403,488,2022-03-21,3.39,0.0,Hora extra paga
3404,488,2025-09-26,1.35,1.35,Banco de horas positivo
3405,488,2024-01-25,3.56,0.0,Hora extra paga
3406,488,2022-08-23,4.34,0.0,Hora extra paga
3407,489,2025-06-06,4.51,0.0,Hora extra paga
3408,489,2023-08-10,3.41,3.41,Banco de horas positivo
3409,489,2025-02-04,2.38,0.0,Hora extra paga
3410,490,2024-10-23,1.47,0.0,Hora extra paga
3411,490,2022-02-22,2.37,2.37,Banco de horas positivo
3412,490,2020-03-06,2.56,0.0,Hora extra paga
3413,490,2018-08-31,12.0,12.0,Banco de horas positivo
3414,490,2025-11-30,9.29,0.0,Hora extra paga
3415,490,2019-04-26,7.15,0.0,Hora extra paga
3416,490,2020-12-23,1.87,1.87,Banco de horas positivo
3417,490,2022-11-01,10.21,10.21,Banco de horas positivo
3418,490,2020-06-20,0.2,0.0,Hora extra paga
3419,490,2023-01-05,2.83,0.0,Hora extra paga
3420,491,2024-08-18,8.47,0.0,Hora extra paga
3421,491,2021-03-31,2.79,0.0,Hora extra paga
3422,491,2023-10-11,3.72,3.72,Banco de horas positivo
3423,491,2025-04-28,1.65,0.0,Hora extra paga
3424,491,2022-07-14,6.49,0.0,Hora extra paga
3425,491,2024-08-24,1.51,0.0,Compensação
3426,491,2023-03-01,3.11,0.0,Hora extra paga
3427,491,2022-03-18,3.56,0.0,Hora extra paga
3428,491,2024-02-16,4.38,4.38,Banco de horas positivo
3429,491,2025-07-27,5.7,5.7,Banco de horas positivo
3430,491,2024-12-17,3.52,0.0,Hora extra paga
3431,491,2023-07-31,3.68,0.0,Hora extra paga
3432,492,2023-05-24,5.06,0.0,Hora extra paga
3433,492,2021-10-04,4.62,0.0,Hora extra paga
3434,492,2021-11-15,2.85,2.85,Banco de horas positivo
3435,492,2020-01-24,5.35,0.0,Compensação
3436,492,2021-06-20,3.23,0.0,Hora extra paga
3437,492,2023-10-22,2.57,0.0,Compensação
3438,492,2021-04-05,4.08,0.0,Hora extra paga
3439,492,2024-02-22,1.58,0.0,Compensação
3440,492,2022-05-19,2.76,0.0,Hora extra paga
3441,492,2019-12-18,0.74,0.0,Hora extra paga
3442,492,2021-09-26,3.93,3.93,Banco de horas positivo
3443,492,2021-06-30,3.66,0.0,Hora extra paga
3444,492,2021-02-12,3.93,0.0,Compensação
3445,493,2023-12-11,3.12,0.0,Compensação
3446,493,2021-02-28,0.76,0.0,Hora extra paga
3447,493,2025-03-27,1.83,1.83,Banco de horas positivo
3448,493,2021-09-24,3.91,0.0,Compensação
3449,493,2024-04-07,10.05,10.05,Banco de horas positivo
3450,493,2024-06-15,5.49,0.0,Hora extra paga
3451,494,2023-09-01,10.25,10.25,Banco de horas positivo
3452,494,2024-07-06,3.73,0.0,Hora extra paga
3453,494,2023-09-21,4.35,0.0,Hora extra paga
3454,495,2024-05-15,1.69,1.69,Banco de horas positivo
3455,495,2022-07-28,1.63,1.63,Banco de horas positivo
3456,495,2020-05-17,3.05,0.0,Hora extra paga
3457,495,2020-06-09,8.12,8.12,Banco de horas positivo
3458,495,2025-12-02,0.14,0.0,Hora extra paga
3459,496,2022-06-30,2.48,0.0,Hora extra paga
3460,496,2022-05-11,5.21,0.0,Compensação
3461,496,2023-06-18,2.92,2.92,Banco de horas positivo
3462,496,2021-09-14,7.45,0.0,Hora extra paga
3463,496,2018-11-06,1.83,1.83,Banco de horas positivo
3464,496,2025-01-16,5.26,0.0,Hora extra paga
3465,496,2019-09-07,8.78,0.0,Hora extra paga
3466,496,2025-02-13,3.44,0.0,Compensação
3467,496,2022-11-15,7.75,0.0,Hora extra paga
3468,496,2025-04-20,6.11,0.0,Hora extra paga
3469,496,2021-01-11,2.55,0.0,Hora extra paga
3470,496,2025-04-14,2.4,0.0,Hora extra paga
3471,496,2022-04-04,3.2,0.0,Hora extra paga
3472,496,2023-09-18,1.96,1.96,Banco de horas positivo
3473,496,2024-10-17,9.38,9.38,Banco de horas positivo
3474,496,2024-03-24,5.46,5.46,Banco de horas positivo
3475,498,2025-07-29,3.86,3.86,Banco de horas positivo
3476,498,2025-05-01,1.64,0.0,Hora extra paga
3477,500,2025-07-01,0.83,0.0,Hora extra paga
3478,501,2025-07-10,5.58,5.58,Banco de horas positivo
3479,501,2024-03-09,4.6,0.0,Hora extra paga
3480,501,2024-07-27,3.33,0.0,Hora extra paga
3481,501,2024-03-27,7.43,7.43,Banco de horas positivo
3482,501,2024-11-23,2.57,0.0,Compensação
3483,502,2022-01-10,4.28,0.0,Hora extra paga
3484,502,2023-07-09,7.21,0.0,Compensação
3485,502,2021-12-20,2.87,0.0,Hora extra paga
3486,502,2024-10-26,4.58,0.0,Hora extra paga
3487,502,2021-03-01,0.46,0.0,Hora extra paga
3488,502,2021-06-24,3.72,0.0,Compensação
3489,502,2024-07-28,2.55,0.0,Hora extra paga
3490,502,2025-12-10,0.75,0.0,Hora extra paga
3491,504,2024-05-11,1.93,1.93,Banco de horas positivo
3492,504,2023-06-27,1.51,1.51,Banco de horas positivo
3493,504,2021-03-29,1.78,0.0,Hora extra paga
3494,504,2021-06-19,4.29,4.29,Banco de horas positivo
3495,504,2024-10-15,4.42,0.0,Hora extra paga
3496,504,2024-05-31,1.06,1.06,Banco de horas positivo
3497,504,2021-03-16,1.81,0.0,Hora extra paga
3498,504,2021-07-17,3.84,0.0,Hora extra paga
3499,504,2022-06-05,4.16,0.0,Hora extra paga
3500,505,2022-05-21,0.62,0.0,Hora extra paga
3501,505,2023-02-08,2.64,0.0,Hora extra paga
3502,505,2025-03-06,10.08,0.0,Hora extra paga
3503,505,2023-05-04,3.79,3.79,Banco de horas positivo
3504,505,2025-12-28,3.86,3.86,Banco de horas positivo
3505,505,2024-05-20,1.15,1.15,Banco de horas positivo
3506,505,2025-06-14,2.45,2.45,Banco de horas positivo
3507,505,2024-03-27,9.92,0.0,Compensação
3508,505,2024-07-26,2.83,0.0,Hora extra paga
3509,505,2024-12-15,3.1,3.1,Banco de horas positivo
3510,505,2025-02-24,4.95,0.0,Compensação
3511,505,2025-08-08,5.08,5.08,Banco de horas positivo
3512,505,2024-07-08,7.26,0.0,Hora extra paga
3513,505,2024-04-01,12.0,0.0,Hora extra paga
3514,506,2023-05-09,6.1,0.0,Hora extra paga
3515,506,2025-10-22,3.45,0.0,Hora extra paga
3516,506,2024-05-10,1.29,0.0,Compensação
3517,507,2019-04-27,0.56,0.56,Banco de horas positivo
3518,507,2019-10-30,10.61,10.61,Banco de horas positivo
3519,507,2021-04-18,7.34,0.0,Hora extra paga
3520,507,2021-08-27,3.74,3.74,Banco de horas positivo
3521,507,2021-08-13,10.72,10.72,Banco de horas positivo
3522,508,2023-12-26,7.74,0.0,Hora extra paga
3523,508,2023-07-24,5.36,0.0,Hora extra paga
3524,508,2025-07-29,8.59,8.59,Banco de horas positivo
3525,508,2025-01-09,1.51,0.0,Hora extra paga
3526,509,2025-10-06,0.24,0.0,Compensação
3527,509,2024-02-15,2.56,0.0,Hora extra paga
3528,509,2023-12-23,7.02,7.02,Banco de horas positivo
3529,509,2024-10-31,0.55,0.55,Banco de horas positivo
3530,510,2023-06-08,0.77,0.0,Hora extra paga
3531,510,2019-05-21,8.79,8.79,Banco de horas positivo
3532,510,2024-03-25,0.65,0.65,Banco de horas positivo
3533,510,2022-11-15,3.11,0.0,Hora extra paga
3534,510,2025-07-15,0.67,0.67,Banco de horas positivo
3535,510,2025-01-06,4.4,0.0,Hora extra paga
3536,511,2025-11-08,1.54,1.54,Banco de horas positivo
3537,511,2025-09-08,2.49,2.49,Banco de horas positivo
3538,511,2025-11-18,0.73,0.0,Hora extra paga
3539,511,2025-07-14,5.97,0.0,Hora extra paga
3540,511,2025-05-05,3.18,0.0,Hora extra paga
3541,511,2025-01-07,2.83,0.0,Hora extra paga
3542,511,2024-12-08,0.94,0.94,Banco de horas positivo
3543,511,2025-12-16,3.37,0.0,Hora extra paga
3544,513,2025-06-11,3.38,3.38,Banco de horas positivo
3545,513,2025-05-31,4.93,4.93,Banco de horas positivo
3546,513,2023-04-05,2.61,2.61,Banco de horas positivo
3547,513,2022-08-31,9.17,0.0,Hora extra paga
3548,514,2023-02-11,12.0,0.0,Hora extra paga
3549,514,2025-11-05,4.18,0.0,Hora extra paga
3550,514,2022-12-24,7.81,0.0,Hora extra paga
3551,514,2025-12-31,3.26,3.26,Banco de horas positivo
3552,514,2024-08-10,4.07,4.07,Banco de horas positivo
3553,514,2024-04-23,3.22,3.22,Banco de horas positivo
3554,514,2024-03-13,4.37,4.37,Banco de horas positivo
3555,514,2023-07-10,0.98,0.0,Hora extra paga
3556,514,2022-08-22,4.46,0.0,Hora extra paga
3557,514,2025-05-04,3.7,0.0,Hora extra paga
3558,515,2025-12-23,7.06,0.0,Hora extra paga
3559,515,2025-04-17,2.99,2.99,Banco de horas positivo
3560,515,2024-11-12,3.39,3.39,Banco de horas positivo
3561,515,2025-01-03,3.12,3.12,Banco de horas positivo
3562,515,2024-09-14,7.26,0.0,Hora extra paga
3563,515,2024-10-05,5.3,0.0,Hora extra paga
3564,515,2024-06-25,3.14,0.0,Hora extra paga
3565,516,2021-05-07,5.01,0.0,Compensação
3566,516,2020-12-04,4.04,0.0,Compensação
3567,516,2020-05-06,1.4,1.4,Banco de horas positivo
3568,516,2023-07-08,3.71,0.0,Compensação
3569,516,2019-11-01,2.8,0.0,Hora extra paga
3570,516,2023-06-26,1.42,1.42,Banco de horas positivo
3571,516,2025-01-08,1.33,1.33,Banco de horas positivo
3572,516,2023-10-23,0.83,0.0,Hora extra paga
3573,516,2022-08-16,3.49,0.0,Hora extra paga
3574,516,2022-09-28,3.4,0.0,Compensação
3575,516,2025-11-19,0.24,0.0,Compensação
3576,516,2024-09-07,4.81,4.81,Banco de horas positivo
3577,516,2022-10-03,4.28,0.0,Hora extra paga
3578,516,2024-12-13,0.76,0.0,Hora extra paga
3579,516,2019-08-25,4.26,4.26,Banco de horas positivo
3580,517,2019-08-28,2.92,0.0,Hora extra paga
3581,517,2019-02-09,1.9,0.0,Hora extra paga
3582,517,2020-09-01,5.79,0.0,Compensação
3583,517,2023-10-25,3.5,3.5,Banco de horas positivo
3584,517,2025-05-22,7.03,7.03,Banco de horas positivo
3585,517,2024-04-20,2.77,0.0,Compensação
3586,517,2023-07-14,0.72,0.72,Banco de horas positivo
3587,517,2022-07-13,4.08,0.0,Hora extra paga
3588,517,2022-07-25,7.21,7.21,Banco de horas positivo
3589,517,2025-03-16,2.39,0.0,Hora extra paga
3590,517,2023-12-23,1.72,0.0,Compensação
3591,517,2024-08-30,3.91,0.0,Hora extra paga
3592,517,2023-08-05,6.05,6.05,Banco de horas positivo
3593,517,2022-06-08,6.18,0.0,Hora extra paga
3594,517,2025-07-07,1.08,1.08,Banco de horas positivo
3595,517,2024-02-13,5.46,0.0,Hora extra paga
3596,517,2025-09-30,1.98,0.0,Hora extra paga
3597,518,2025-06-01,0.89,0.0,Hora extra paga
3598,518,2025-03-21,5.24,0.0,Hora extra paga
3599,519,2025-03-27,1.64,0.0,Hora extra paga
3600,520,2025-05-18,0.92,0.0,Hora extra paga
3601,520,2024-10-07,3.24,0.0,Hora extra paga
3602,520,2025-04-13,5.22,0.0,Compensação
3603,520,2025-03-05,4.0,0.0,Compensação
3604,520,2025-05-25,2.33,0.0,Hora extra paga
3605,520,2024-04-18,4.7,4.7,Banco de horas positivo
3606,521,2023-09-14,3.35,0.0,Hora extra paga
3607,521,2024-02-12,2.55,2.55,Banco de horas positivo
3608,521,2022-06-12,1.29,0.0,Hora extra paga
3609,521,2022-05-23,6.21,6.21,Banco de horas positivo
3610,521,2024-07-16,6.81,0.0,Compensação
3611,521,2023-08-19,5.68,5.68,Banco de horas positivo
3612,521,2024-03-28,1.71,0.0,Hora extra paga
3613,521,2024-01-10,2.64,0.0,Compensação
3614,521,2023-07-01,6.76,6.76,Banco de horas positivo
3615,521,2024-11-24,0.69,0.0,Compensação
3616,522,2021-01-21,1.29,0.0,Hora extra paga
3617,522,2019-04-01,6.27,6.27,Banco de horas positivo
3618,522,2025-06-05,2.53,2.53,Banco de horas positivo
3619,523,2025-08-25,2.72,2.72,Banco de horas positivo
3620,523,2025-06-28,7.47,0.0,Hora extra paga
3621,523,2025-11-25,3.69,0.0,Compensação
3622,523,2025-09-15,3.13,0.0,Hora extra paga
3623,524,2021-04-14,6.91,6.91,Banco de horas positivo
3624,524,2024-05-27,2.33,2.33,Banco de horas positivo
3625,524,2024-02-22,1.94,0.0,Hora extra paga
3626,524,2020-01-30,3.26,0.0,Hora extra paga
3627,524,2020-06-05,1.87,1.87,Banco de horas positivo
3628,524,2025-07-15,4.28,4.28,Banco de horas positivo
3629,524,2023-03-18,1.55,0.0,Hora extra paga
3630,524,2020-09-25,1.99,0.0,Hora extra paga
3631,524,2025-07-30,3.57,3.57,Banco de horas positivo
3632,524,2023-06-17,2.15,0.0,Hora extra paga
3633,524,2021-09-10,1.25,0.0,Hora extra paga
3634,524,2022-10-18,3.41,3.41,Banco de horas positivo
3635,524,2021-07-03,9.19,0.0,Hora extra paga
3636,524,2019-10-01,0.98,0.98,Banco de horas positivo
3637,524,2023-05-10,2.39,2.39,Banco de horas positivo
3638,524,2025-11-07,6.27,0.0,Hora extra paga
3639,524,2024-06-02,9.31,0.0,Hora extra paga
3640,524,2019-04-14,1.47,0.0,Hora extra paga
3641,524,2021-03-16,3.25,0.0,Compensação
3642,524,2023-04-28,1.91,1.91,Banco de horas positivo
3643,524,2023-02-12,8.6,8.6,Banco de horas positivo
3644,525,2021-08-22,3.03,0.0,Compensação
3645,526,2023-12-09,0.45,0.0,Hora extra paga
3646,526,2025-12-31,3.39,0.0,Hora extra paga
3647,526,2023-12-08,3.21,3.21,Banco de horas positivo
3648,526,2025-08-17,6.55,0.0,Hora extra paga
3649,526,2025-05-08,3.08,3.08,Banco de horas positivo
3650,527,2025-11-09,3.87,3.87,Banco de horas positivo
3651,527,2020-08-10,1.54,0.0,Hora extra paga
3652,527,2023-01-29,1.91,1.91,Banco de horas positivo
3653,527,2021-08-27,1.55,1.55,Banco de horas positivo
3654,527,2020-12-04,11.8,0.0,Compensação
3655,527,2019-03-04,4.35,0.0,Hora extra paga
3656,527,2021-10-25,2.38,0.0,Hora extra paga
3657,527,2025-03-07,2.43,0.0,Hora extra paga
3658,527,2021-07-18,2.12,0.0,Hora extra paga
3659,528,2025-05-07,1.94,1.94,Banco de horas positivo
3660,528,2025-01-27,4.24,0.0,Hora extra paga
3661,528,2025-02-20,4.4,4.4,Banco de horas positivo
3662,529,2025-03-23,8.85,0.0,Hora extra paga
3663,529,2025-05-04,1.68,0.0,Hora extra paga
3664,529,2022-09-16,4.23,4.23,Banco de horas positivo
3665,529,2025-10-22,7.53,7.53,Banco de horas positivo
3666,529,2023-05-12,2.05,0.0,Hora extra paga
3667,529,2022-11-10,2.21,0.0,Hora extra paga
3668,529,2022-02-08,2.61,0.0,Hora extra paga
3669,529,2023-08-04,3.22,0.0,Hora extra paga
3670,529,2023-10-28,7.94,7.94,Banco de horas positivo
3671,529,2021-09-23,3.13,3.13,Banco de horas positivo
3672,529,2022-04-18,6.42,0.0,Hora extra paga
3673,529,2022-08-27,4.37,0.0,Hora extra paga
3674,530,2023-09-27,2.23,0.0,Hora extra paga
3675,530,2023-11-28,9.97,0.0,Hora extra paga
3676,530,2023-07-06,0.69,0.69,Banco de horas positivo
3677,530,2023-12-29,3.4,0.0,Hora extra paga
3678,530,2023-09-18,1.55,0.0,Hora extra paga
3679,530,2022-09-05,2.33,0.0,Hora extra paga
3680,530,2023-12-25,6.31,0.0,Hora extra paga
3681,530,2025-09-13,7.35,0.0,Hora extra paga
3682,530,2022-12-13,0.96,0.96,Banco de horas positivo
3683,530,2024-06-27,1.47,0.0,Hora extra paga
3684,530,2025-06-18,3.77,3.77,Banco de horas positivo
3685,530,2025-08-26,2.81,0.0,Compensação
3686,531,2025-03-07,2.27,0.0,Hora extra paga
3687,531,2024-03-19,2.19,0.0,Hora extra paga
3688,531,2025-08-22,2.12,0.0,Hora extra paga
3689,531,2025-03-26,5.09,5.09,Banco de horas positivo
3690,531,2024-03-17,2.67,0.0,Hora extra paga
3691,531,2025-11-12,0.56,0.0,Hora extra paga
3692,531,2025-07-04,0.46,0.0,Hora extra paga
3693,531,2025-12-07,1.17,0.0,Hora extra paga
3694,532,2024-03-03,4.06,4.06,Banco de horas positivo
3695,532,2024-04-07,3.83,0.0,Hora extra paga
3696,533,2023-05-08,1.67,0.0,Compensação
3697,533,2022-06-02,5.75,0.0,Hora extra paga
3698,533,2022-02-02,0.94,0.0,Hora extra paga
3699,533,2022-05-02,8.53,0.0,Hora extra paga
3700,533,2023-02-13,0.19,0.0,Hora extra paga
3701,533,2022-04-20,6.82,6.82,Banco de horas positivo
3702,533,2020-12-01,1.83,0.0,Compensação
3703,534,2022-02-10,2.79,0.0,Hora extra paga
3704,534,2021-10-30,6.19,6.19,Banco de horas positivo
3705,534,2022-09-16,2.51,2.51,Banco de horas positivo
3706,534,2020-09-22,0.46,0.46,Banco de horas positivo
3707,534,2023-11-15,2.31,0.0,Hora extra paga
3708,534,2025-10-21,3.04,3.04,Banco de horas positivo
3709,534,2024-11-25,7.81,7.81,Banco de horas positivo
3710,534,2021-08-18,6.06,0.0,Hora extra paga
3711,534,2025-07-16,1.63,1.63,Banco de horas positivo
3712,534,2022-08-23,2.61,2.61,Banco de horas positivo
3713,534,2023-03-20,2.52,2.52,Banco de horas positivo
3714,534,2021-04-23,3.88,0.0,Hora extra paga
3715,534,2022-12-26,3.13,0.0,Compensação
3716,534,2021-12-16,1.25,0.0,Hora extra paga
3717,534,2021-05-09,4.01,4.01,Banco de horas positivo
3718,534,2020-04-12,4.56,4.56,Banco de horas positivo
3719,534,2025-03-09,4.82,0.0,Hora extra paga
3720,535,2022-10-19,3.63,3.63,Banco de horas positivo
3721,535,2022-08-10,2.8,0.0,Hora extra paga
3722,535,2024-05-16,4.85,0.0,Hora extra paga
3723,535,2022-12-03,6.0,0.0,Hora extra paga
3724,535,2022-10-04,3.04,0.0,Compensação
3725,535,2023-10-12,1.01,0.0,Hora extra paga
3726,535,2022-07-23,5.68,0.0,Compensação
3727,536,2025-07-06,0.69,0.0,Hora extra paga
3728,536,2024-08-29,2.41,0.0,Hora extra paga
3729,536,2024-07-08,1.03,1.03,Banco de horas positivo
3730,536,2025-09-26,2.48,0.0,Hora extra paga
3731,537,2024-02-25,4.94,0.0,Compensação
3732,537,2022-05-31,1.88,0.0,Hora extra paga
3733,537,2023-06-21,2.15,2.15,Banco de horas positivo
3734,537,2024-11-17,0.42,0.0,Compensação
3735,537,2024-05-28,5.29,0.0,Hora extra paga
3736,537,2024-01-11,12.0,0.0,Compensação
3737,537,2025-07-20,7.86,0.0,Compensação
3738,537,2021-09-24,2.51,0.0,Hora extra paga
3739,537,2021-08-29,6.86,0.0,Hora extra paga
3740,537,2020-09-01,0.22,0.0,Hora extra paga
3741,537,2022-12-29,6.12,0.0,Hora extra paga
3742,537,2020-05-13,6.73,0.0,Hora extra paga
3743,537,2020-09-24,4.39,0.0,Hora extra paga
3744,537,2023-08-21,1.48,0.0,Hora extra paga
3745,537,2023-05-16,0.72,0.0,Compensação
3746,537,2025-02-07,4.26,0.0,Hora extra paga
3747,537,2023-08-31,0.46,0.46,Banco de horas positivo
3748,537,2024-07-12,1.81,1.81,Banco de horas positivo
3749,537,2020-12-20,1.72,1.72,Banco de horas positivo
3750,538,2022-02-05,1.56,0.0,Hora extra paga
3751,539,2025-08-23,1.59,1.59,Banco de horas positivo
3752,539,2023-06-21,3.75,3.75,Banco de horas positivo
3753,539,2025-05-24,5.85,0.0,Hora extra paga
3754,539,2022-07-10,2.75,2.75,Banco de horas positivo
3755,539,2022-05-16,3.51,3.51,Banco de horas positivo
3756,539,2023-01-04,2.26,2.26,Banco de horas positivo
3757,539,2024-03-18,1.36,0.0,Hora extra paga
3758,539,2022-10-25,0.1,0.0,Hora extra paga
3759,539,2022-12-25,1.79,0.0,Hora extra paga
3760,539,2022-11-11,5.97,5.97,Banco de horas positivo
3761,539,2023-05-12,1.21,0.0,Hora extra paga
3762,540,2025-08-13,7.39,0.0,Hora extra paga
3763,540,2025-04-04,2.87,0.0,Hora extra paga
3764,540,2025-06-04,6.54,6.54,Banco de horas positivo
3765,540,2025-04-27,7.17,0.0,Compensação
3766,540,2025-10-21,4.46,4.46,Banco de horas positivo
3767,540,2025-12-28,2.77,0.0,Hora extra paga
3768,540,2025-06-03,5.63,0.0,Hora extra paga
3769,540,2024-11-08,3.0,0.0,Compensação
3770,541,2025-02-04,1.25,1.25,Banco de horas positivo
3771,541,2025-10-20,6.98,0.0,Hora extra paga
3772,542,2023-02-27,2.0,0.0,Compensação
3773,542,2024-10-15,2.59,2.59,Banco de horas positivo
3774,542,2025-01-24,8.96,0.0,Hora extra paga
3775,542,2025-12-22,3.63,3.63,Banco de horas positivo
3776,542,2023-11-29,1.62,1.62,Banco de horas positivo
3777,542,2021-04-12,1.91,1.91,Banco de horas positivo
3778,542,2024-05-19,0.47,0.0,Hora extra paga
3779,542,2023-09-06,1.39,1.39,Banco de horas positivo
3780,542,2025-10-15,6.53,0.0,Hora extra paga
3781,542,2021-09-16,2.49,0.0,Hora extra paga
3782,542,2024-06-25,5.88,5.88,Banco de horas positivo
3783,542,2024-09-07,1.54,1.54,Banco de horas positivo
3784,542,2022-06-29,5.13,0.0,Hora extra paga
3785,542,2021-08-26,4.88,4.88,Banco de horas positivo
3786,542,2022-09-24,5.33,5.33,Banco de horas positivo
3787,542,2025-03-23,7.52,0.0,Compensação
3788,542,2023-04-16,0.7,0.7,Banco de horas positivo
3789,542,2024-05-13,3.68,3.68,Banco de horas positivo
3790,542,2022-12-10,3.57,3.57,Banco de horas positivo
3791,542,2022-04-30,8.79,0.0,Hora extra paga
3792,542,2022-09-21,1.58,0.0,Hora extra paga
3793,544,2024-07-31,8.65,0.0,Hora extra paga
3794,544,2024-12-20,9.71,0.0,Hora extra paga
3795,545,2025-08-13,3.08,0.0,Hora extra paga
3796,545,2025-02-23,1.32,0.0,Hora extra paga
3797,545,2024-10-06,1.41,0.0,Hora extra paga
3798,545,2024-09-24,9.14,0.0,Hora extra paga
3799,545,2025-02-25,1.59,1.59,Banco de horas positivo
3800,545,2025-07-26,5.66,5.66,Banco de horas positivo
3801,546,2018-12-13,1.44,0.0,Compensação
3802,546,2020-09-15,12.0,0.0,Hora extra paga
3803,546,2021-09-26,9.53,0.0,Hora extra paga
3804,546,2020-06-20,1.65,0.0,Hora extra paga
3805,546,2020-07-19,3.62,3.62,Banco de horas positivo
3806,546,2022-12-24,2.01,2.01,Banco de horas positivo
3807,546,2020-03-06,5.26,0.0,Hora extra paga
3808,546,2025-12-07,3.11,3.11,Banco de horas positivo
3809,546,2019-12-07,2.78,2.78,Banco de horas positivo
3810,546,2018-10-15,5.38,5.38,Banco de horas positivo
3811,546,2021-03-14,0.29,0.0,Hora extra paga
3812,546,2020-08-06,1.66,0.0,Compensação
3813,546,2021-11-20,7.83,0.0,Hora extra paga
3814,546,2023-07-17,3.25,3.25,Banco de horas positivo
3815,549,2025-06-09,2.3,0.0,Hora extra paga
3816,549,2025-05-12,0.95,0.95,Banco de horas positivo
3817,549,2025-06-02,3.8,0.0,Hora extra paga
3818,550,2023-08-31,0.91,0.0,Hora extra paga
3819,550,2021-06-08,1.83,0.0,Hora extra paga
3820,550,2020-04-24,2.17,0.0,Hora extra paga
3821,550,2019-04-25,2.37,0.0,Compensação
3822,550,2022-06-25,2.64,2.64,Banco de horas positivo
3823,550,2021-09-15,0.54,0.0,Hora extra paga
3824,550,2024-02-28,2.14,0.0,Hora extra paga
3825,550,2023-10-07,3.8,0.0,Hora extra paga
3826,550,2024-10-05,1.73,0.0,Hora extra paga
3827,550,2023-07-20,5.27,5.27,Banco de horas positivo
3828,550,2025-02-28,1.9,0.0,Hora extra paga
3829,550,2019-06-02,9.65,9.65,Banco de horas positivo
3830,550,2019-06-21,0.51,0.0,Hora extra paga
3831,550,2022-08-16,3.92,3.92,Banco de horas positivo
3832,550,2020-09-06,2.48,0.0,Hora extra paga
3833,550,2022-04-02,1.93,1.93,Banco de horas positivo
3834,550,2023-05-20,1.47,0.0,Hora extra paga
3835,550,2019-09-01,1.15,0.0,Hora extra paga
3836,550,2020-10-26,2.3,0.0,Hora extra paga
3837,550,2020-02-10,0.91,0.0,Hora extra paga
3838,550,2024-07-26,1.03,0.0,Hora extra paga
3839,553,2024-02-01,2.37,0.0,Hora extra paga
3840,553,2022-05-19,0.83,0.0,Hora extra paga
3841,553,2019-11-23,2.47,0.0,Hora extra paga
3842,553,2024-05-24,0.87,0.0,Hora extra paga
3843,553,2022-02-16,3.83,0.0,Hora extra paga
3844,553,2021-04-14,3.79,0.0,Hora extra paga
3845,553,2019-08-05,6.49,0.0,Hora extra paga
3846,553,2022-07-24,2.2,0.0,Hora extra paga
3847,553,2021-07-03,0.88,0.0,Hora extra paga
3848,554,2023-02-28,1.44,0.0,Hora extra paga
3849,554,2020-03-30,3.49,0.0,Hora extra paga
3850,554,2021-04-30,3.4,0.0,Hora extra paga
3851,554,2022-02-24,4.0,0.0,Hora extra paga
3852,554,2025-08-09,5.15,0.0,Hora extra paga
3853,554,2023-09-13,1.65,0.0,Hora extra paga
3854,554,2020-02-12,0.77,0.0,Hora extra paga
3855,554,2021-06-03,4.54,0.0,Compensação
3856,554,2021-05-28,9.63,9.63,Banco de horas positivo
3857,554,2025-11-10,3.66,0.0,Hora extra paga
3858,554,2022-09-25,5.81,0.0,Compensação
3859,554,2024-04-28,2.18,0.0,Hora extra paga
3860,554,2023-12-21,1.86,1.86,Banco de horas positivo
3861,554,2023-05-20,2.33,2.33,Banco de horas positivo
3862,554,2021-08-15,4.24,0.0,Hora extra paga
3863,554,2024-08-13,1.36,0.0,Hora extra paga
3864,554,2023-05-14,2.24,2.24,Banco de horas positivo
3865,554,2021-05-18,5.61,0.0,Hora extra paga
3866,554,2021-10-26,3.57,0.0,Hora extra paga
3867,554,2021-11-04,1.86,0.0,Hora extra paga
3868,555,2021-01-25,6.8,0.0,Hora extra paga
3869,555,2023-03-28,0.17,0.0,Hora extra paga
3870,556,2023-12-07,3.56,0.0,Hora extra paga
3871,556,2024-05-20,7.02,7.02,Banco de horas positivo
3872,556,2023-02-16,0.82,0.0,Hora extra paga
3873,556,2023-11-03,1.9,0.0,Hora extra paga
3874,556,2023-03-02,1.91,0.0,Hora extra paga
3875,556,2023-10-30,1.51,0.0,Compensação
3876,557,2022-12-29,1.24,0.0,Hora extra paga
3877,557,2023-10-16,6.54,0.0,Compensação
3878,557,2025-09-21,2.14,2.14,Banco de horas positivo
3879,558,2021-01-19,4.75,0.0,Hora extra paga
3880,558,2022-04-05,6.69,0.0,Compensação
3881,558,2022-02-19,3.76,0.0,Hora extra paga
3882,558,2019-12-15,1.63,1.63,Banco de horas positivo
3883,558,2022-06-02,3.01,0.0,Hora extra paga
3884,558,2020-02-02,1.93,1.93,Banco de horas positivo
3885,558,2022-04-21,2.66,0.0,Hora extra paga
3886,559,2022-10-26,1.21,1.21,Banco de horas positivo
3887,559,2023-02-18,5.44,0.0,Hora extra paga
3888,559,2024-01-01,2.83,2.83,Banco de horas positivo
3889,559,2024-05-03,0.7,0.0,Hora extra paga
3890,559,2024-03-08,1.05,0.0,Hora extra paga
3891,559,2022-02-02,3.67,3.67,Banco de horas positivo
3892,559,2025-10-29,3.78,0.0,Hora extra paga
3893,559,2025-08-04,1.67,0.0,Hora extra paga
3894,559,2022-05-26,7.22,0.0,Hora extra paga
3895,559,2025-06-20,2.96,0.0,Hora extra paga
3896,559,2024-02-10,8.81,0.0,Hora extra paga
3897,559,2024-04-08,9.09,0.0,Hora extra paga
3898,560,2024-08-03,2.5,0.0,Hora extra paga
3899,560,2022-08-08,9.34,9.34,Banco de horas positivo
3900,560,2024-12-30,9.81,0.0,Hora extra paga
3901,560,2024-12-08,4.87,4.87,Banco de horas positivo
3902,560,2023-05-04,1.94,0.0,Hora extra paga
3903,560,2025-03-23,3.52,0.0,Hora extra paga
3904,560,2025-12-17,0.43,0.43,Banco de horas positivo
3905,560,2025-12-18,7.52,0.0,Hora extra paga
3906,560,2024-06-28,1.82,0.0,Hora extra paga
3907,561,2021-11-11,3.28,0.0,Hora extra paga
3908,561,2021-02-13,5.48,5.48,Banco de horas positivo
3909,561,2018-12-18,6.52,0.0,Compensação
3910,561,2020-04-09,3.31,0.0,Hora extra paga
3911,561,2021-06-11,6.72,0.0,Compensação
3912,561,2025-07-10,5.24,0.0,Hora extra paga
3913,561,2022-06-24,2.55,0.0,Hora extra paga
3914,561,2020-09-08,1.26,1.26,Banco de horas positivo
3915,561,2018-12-15,1.36,0.0,Hora extra paga
3916,561,2019-03-16,2.92,2.92,Banco de horas positivo
3917,561,2020-04-07,1.07,0.0,Hora extra paga
3918,561,2020-11-30,2.76,0.0,Hora extra paga
3919,561,2024-11-06,3.07,0.0,Hora extra paga
3920,561,2024-07-24,0.94,0.94,Banco de horas positivo
3921,561,2021-03-23,3.11,0.0,Hora extra paga
3922,561,2023-10-18,5.53,5.53,Banco de horas positivo
3923,562,2019-12-18,4.2,0.0,Hora extra paga
3924,562,2020-09-07,12.0,12.0,Banco de horas positivo
3925,562,2018-05-17,4.33,0.0,Hora extra paga
3926,562,2020-06-24,2.89,2.89,Banco de horas positivo
3927,562,2021-02-01,3.55,0.0,Hora extra paga
3928,562,2019-07-12,5.42,0.0,Hora extra paga
3929,562,2018-07-29,5.82,0.0,Hora extra paga
3930,562,2019-06-23,5.37,0.0,Hora extra paga
3931,562,2024-02-09,1.42,1.42,Banco de horas positivo
3932,562,2021-05-15,6.64,0.0,Hora extra paga
3933,562,2023-03-11,9.0,9.0,Banco de horas positivo
3934,562,2018-10-24,1.75,1.75,Banco de horas positivo
3935,562,2024-07-27,2.7,0.0,Hora extra paga
3936,562,2018-03-27,0.48,0.0,Hora extra paga
3937,562,2019-01-26,4.36,0.0,Hora extra paga
3938,562,2023-02-22,0.89,0.89,Banco de horas positivo
3939,562,2019-11-17,3.0,0.0,Hora extra paga
3940,562,2019-11-19,2.01,2.01,Banco de horas positivo
3941,562,2025-06-22,6.05,0.0,Hora extra paga
3942,562,2019-07-15,1.03,1.03,Banco de horas positivo
3943,562,2021-05-01,0.75,0.0,Hora extra paga
3944,563,2019-09-22,1.92,0.0,Compensação
3945,563,2023-04-30,4.93,0.0,Hora extra paga
3946,563,2019-10-18,4.96,0.0,Hora extra paga
3947,563,2024-01-25,4.61,4.61,Banco de horas positivo
3948,563,2023-10-12,6.87,0.0,Hora extra paga
3949,563,2022-01-16,1.92,0.0,Hora extra paga
3950,563,2025-04-08,2.71,0.0,Hora extra paga
3951,563,2024-04-29,5.0,0.0,Hora extra paga
3952,564,2023-09-14,3.74,0.0,Hora extra paga
3953,564,2025-10-20,1.38,0.0,Compensação
3954,564,2025-11-28,8.42,8.42,Banco de horas positivo
3955,566,2025-01-12,4.56,0.0,Hora extra paga
3956,566,2024-12-12,3.5,3.5,Banco de horas positivo
3957,568,2022-12-30,0.93,0.93,Banco de horas positivo
3958,568,2021-04-08,4.89,0.0,Compensação
3959,568,2024-03-01,0.79,0.0,Hora extra paga
3960,568,2025-02-01,1.05,0.0,Compensação
3961,568,2025-05-05,3.59,3.59,Banco de horas positivo
3962,568,2024-01-17,0.38,0.0,Hora extra paga
3963,568,2025-12-03,2.65,2.65,Banco de horas positivo
3964,568,2025-07-05,4.87,0.0,Hora extra paga
3965,568,2021-09-13,7.99,0.0,Hora extra paga
3966,568,2025-11-12,10.17,0.0,Hora extra paga
3967,568,2022-02-26,1.52,1.52,Banco de horas positivo
3968,568,2020-12-15,6.56,6.56,Banco de horas positivo
3969,568,2022-11-04,12.0,12.0,Banco de horas positivo
3970,568,2022-09-10,1.53,0.0,Hora extra paga
3971,568,2024-04-06,2.21,0.0,Hora extra paga
3972,568,2023-09-18,2.81,2.81,Banco de horas positivo
3973,568,2021-12-13,2.47,0.0,Hora extra paga
3974,568,2023-09-08,4.26,4.26,Banco de horas positivo
3975,568,2025-07-26,0.93,0.0,Hora extra paga
3976,568,2025-11-02,1.39,1.39,Banco de horas positivo
3977,568,2023-02-23,3.99,3.99,Banco de horas positivo
3978,568,2021-07-16,4.12,4.12,Banco de horas positivo
3979,568,2025-02-05,1.1,0.0,Hora extra paga
3980,569,2024-11-05,9.13,0.0,Hora extra paga
3981,569,2021-04-01,3.34,0.0,Hora extra paga
3982,569,2023-05-24,5.86,0.0,Hora extra paga
3983,569,2025-04-04,3.85,0.0,Hora extra paga
3984,569,2020-04-21,2.46,2.46,Banco de horas positivo
3985,569,2021-08-08,4.33,0.0,Hora extra paga
3986,569,2021-05-01,0.65,0.0,Hora extra paga
3987,569,2023-02-20,2.67,0.0,Hora extra paga
3988,569,2020-01-14,2.21,0.0,Hora extra paga
3989,570,2025-05-29,3.36,0.0,Hora extra paga
3990,570,2025-07-11,2.01,2.01,Banco de horas positivo
3991,570,2025-07-20,2.9,0.0,Compensação
3992,570,2025-12-10,2.87,0.0,Hora extra paga
3993,571,2024-10-25,1.77,0.0,Hora extra paga
3994,572,2022-06-06,5.93,0.0,Hora extra paga
3995,572,2025-04-05,6.91,0.0,Hora extra paga
3996,572,2021-03-23,5.16,0.0,Hora extra paga
3997,572,2022-05-07,1.35,0.0,Hora extra paga
3998,572,2025-01-06,2.6,0.0,Compensação
3999,572,2022-05-14,5.45,5.45,Banco de horas positivo
4000,572,2021-09-04,1.2,1.2,Banco de horas positivo
4001,572,2024-08-19,9.96,0.0,Hora extra paga
4002,572,2020-06-05,7.48,7.48,Banco de horas positivo
4003,572,2021-08-30,9.3,0.0,Hora extra paga
4004,572,2020-09-09,2.74,2.74,Banco de horas positivo
4005,572,2021-01-11,4.61,0.0,Compensação
4006,572,2020-07-09,5.07,0.0,Hora extra paga
4007,572,2020-07-15,2.67,0.0,Hora extra paga
4008,572,2020-02-07,0.79,0.0,Compensação
4009,572,2020-11-28,9.13,9.13,Banco de horas positivo
4010,572,2025-07-11,1.47,1.47,Banco de horas positivo
4011,572,2024-09-15,1.4,1.4,Banco de horas positivo
4012,572,2025-05-01,9.89,0.0,Hora extra paga
4013,572,2020-01-16,5.34,5.34,Banco de horas positivo
4014,573,2021-03-30,0.37,0.37,Banco de horas positivo
4015,573,2022-06-27,0.94,0.94,Banco de horas positivo
4016,573,2024-10-19,11.09,11.09,Banco de horas positivo
4017,573,2023-04-07,1.71,1.71,Banco de horas positivo
4018,573,2025-06-27,7.12,7.12,Banco de horas positivo
4019,573,2019-02-28,3.95,0.0,Compensação
4020,573,2019-06-06,1.32,0.0,Hora extra paga
4021,573,2023-09-12,3.98,3.98,Banco de horas positivo
4022,574,2022-08-01,2.78,2.78,Banco de horas positivo
4023,574,2025-01-08,4.2,0.0,Hora extra paga
4024,574,2023-12-09,3.56,3.56,Banco de horas positivo
4025,575,2025-06-17,5.89,0.0,Hora extra paga
4026,575,2023-08-13,3.17,0.0,Hora extra paga
4027,575,2025-10-02,2.21,2.21,Banco de horas positivo
4028,575,2025-04-12,5.7,0.0,Hora extra paga
4029,575,2024-02-23,5.68,5.68,Banco de horas positivo
4030,575,2025-03-11,1.22,1.22,Banco de horas positivo
4031,575,2023-12-09,5.23,0.0,Compensação
4032,575,2024-07-02,1.97,0.0,Hora extra paga
4033,576,2021-01-14,1.3,0.0,Hora extra paga
4034,576,2022-09-13,1.3,0.0,Hora extra paga
4035,576,2023-11-09,6.64,0.0,Hora extra paga
4036,576,2021-11-15,1.8,1.8,Banco de horas positivo
4037,576,2023-06-12,6.45,0.0,Hora extra paga
4038,576,2021-02-07,0.83,0.0,Hora extra paga
4039,576,2025-06-01,2.08,0.0,Compensação
4040,576,2021-01-07,3.17,0.0,Hora extra paga
4041,576,2021-10-24,2.0,2.0,Banco de horas positivo
4042,576,2021-11-04,4.66,4.66,Banco de horas positivo
4043,576,2021-06-21,3.44,0.0,Hora extra paga
4044,576,2025-05-25,1.74,0.0,Hora extra paga
4045,576,2024-03-23,4.63,4.63,Banco de horas positivo
4046,576,2022-09-24,5.74,0.0,Compensação
4047,577,2021-03-02,3.67,0.0,Hora extra paga
4048,577,2020-11-01,2.02,0.0,Hora extra paga
4049,577,2024-08-13,5.51,0.0,Hora extra paga
4050,577,2023-06-18,4.2,0.0,Hora extra paga
4051,577,2020-05-27,6.85,6.85,Banco de horas positivo
4052,577,2020-03-13,1.98,0.0,Hora extra paga
4053,577,2018-08-09,0.97,0.0,Hora extra paga
4054,577,2022-05-30,1.66,1.66,Banco de horas positivo
4055,577,2021-08-10,0.85,0.85,Banco de horas positivo
4056,577,2020-01-16,3.96,3.96,Banco de horas positivo
4057,578,2023-12-09,6.36,6.36,Banco de horas positivo
4058,578,2023-10-06,6.81,0.0,Hora extra paga
4059,578,2025-03-27,2.64,0.0,Hora extra paga
4060,578,2024-02-12,6.66,0.0,Hora extra paga
4061,578,2025-03-29,12.0,12.0,Banco de horas positivo
4062,579,2025-08-19,0.68,0.68,Banco de horas positivo
4063,579,2024-08-17,12.0,0.0,Hora extra paga
4064,579,2025-08-25,5.42,0.0,Hora extra paga
4065,579,2024-06-16,10.38,0.0,Hora extra paga
4066,581,2023-10-07,4.58,4.58,Banco de horas positivo
4067,581,2025-05-19,1.24,1.24,Banco de horas positivo
4068,581,2024-01-28,12.0,0.0,Hora extra paga
4069,581,2022-08-06,4.48,4.48,Banco de horas positivo
4070,581,2025-03-20,11.24,0.0,Hora extra paga
4071,581,2025-10-28,3.73,3.73,Banco de horas positivo
4072,581,2021-07-12,9.75,0.0,Compensação
4073,581,2025-07-19,1.56,1.56,Banco de horas positivo
4074,581,2021-07-18,6.89,0.0,Hora extra paga
4075,581,2024-08-07,3.72,0.0,Hora extra paga
4076,581,2024-07-30,2.62,0.0,Hora extra paga
4077,581,2020-06-17,1.58,1.58,Banco de horas positivo
4078,582,2024-05-31,1.14,0.0,Hora extra paga
4079,582,2020-07-21,5.17,0.0,Hora extra paga
4080,582,2020-08-18,5.27,5.27,Banco de horas positivo
4081,582,2021-08-12,0.96,0.96,Banco de horas positivo
4082,582,2021-08-30,1.03,0.0,Hora extra paga
4083,582,2021-10-01,12.0,0.0,Hora extra paga
4084,582,2023-04-30,6.16,0.0,Hora extra paga
4085,582,2018-07-27,2.6,0.0,Compensação
4086,582,2021-10-12,5.51,5.51,Banco de horas positivo
4087,582,2023-12-30,4.69,4.69,Banco de horas positivo
4088,582,2024-03-06,3.95,0.0,Hora extra paga
4089,582,2023-12-17,0.45,0.45,Banco de horas positivo
4090,582,2024-01-25,2.65,0.0,Hora extra paga
4091,582,2025-01-30,0.65,0.0,Compensação
4092,582,2024-11-13,1.44,0.0,Hora extra paga
4093,582,2022-01-26,4.56,0.0,Hora extra paga
4094,583,2019-06-13,1.15,0.0,Hora extra paga
4095,583,2022-05-09,4.7,4.7,Banco de horas positivo
4096,583,2024-07-11,4.42,4.42,Banco de horas positivo
4097,583,2019-07-20,4.61,0.0,Hora extra paga
4098,583,2021-03-06,4.01,0.0,Hora extra paga
4099,583,2019-06-07,5.14,0.0,Hora extra paga
4100,583,2023-07-06,4.97,0.0,Hora extra paga
4101,583,2023-07-20,3.64,0.0,Hora extra paga
4102,583,2025-01-02,1.34,1.34,Banco de horas positivo
4103,583,2023-03-26,3.92,0.0,Compensação
4104,583,2020-02-12,6.74,0.0,Hora extra paga
4105,584,2025-05-13,1.73,0.0,Hora extra paga
4106,584,2023-09-09,1.55,1.55,Banco de horas positivo
4107,584,2022-12-30,0.92,0.0,Hora extra paga
4108,584,2025-10-03,3.49,0.0,Hora extra paga
4109,584,2024-06-11,5.3,0.0,Hora extra paga
4110,584,2024-09-19,6.43,6.43,Banco de horas positivo
4111,584,2023-05-18,3.74,0.0,Hora extra paga
4112,584,2025-06-06,6.72,6.72,Banco de horas positivo
4113,584,2025-11-13,3.16,0.0,Hora extra paga
4114,585,2020-10-29,1.05,0.0,Hora extra paga
4115,585,2021-06-06,2.29,0.0,Hora extra paga
4116,585,2021-07-07,7.18,7.18,Banco de horas positivo
4117,585,2022-02-04,0.91,0.91,Banco de horas positivo
4118,585,2022-02-28,5.45,0.0,Hora extra paga
4119,585,2020-11-26,1.21,0.0,Hora extra paga
4120,585,2020-10-06,1.4,0.0,Hora extra paga
4121,585,2021-12-29,4.97,0.0,Hora extra paga
4122,585,2022-05-24,4.25,0.0,Hora extra paga
4123,585,2021-03-16,0.47,0.0,Hora extra paga
4124,585,2021-06-24,2.76,0.0,Hora extra paga
4125,586,2025-01-07,5.12,0.0,Hora extra paga
4126,586,2025-01-25,6.85,0.0,Compensação
4127,587,2024-09-05,0.89,0.0,Hora extra paga
4128,587,2025-01-20,2.71,0.0,Hora extra paga
4129,588,2025-05-28,3.56,0.0,Hora extra paga
4130,588,2025-04-10,1.77,0.0,Hora extra paga
4131,589,2023-01-24,2.5,0.0,Hora extra paga
4132,589,2021-05-26,1.8,0.0,Hora extra paga
4133,589,2021-04-13,3.74,0.0,Hora extra paga
4134,589,2023-07-06,5.01,0.0,Hora extra paga
4135,589,2025-11-06,3.37,0.0,Hora extra paga
4136,589,2021-03-18,5.03,0.0,Hora extra paga
4137,589,2019-09-07,0.41,0.0,Hora extra paga
4138,589,2024-03-06,2.2,2.2,Banco de horas positivo
4139,589,2020-05-22,9.09,0.0,Hora extra paga
4140,589,2023-12-19,1.95,0.0,Hora extra paga
4141,589,2023-05-28,5.22,0.0,Hora extra paga
4142,589,2025-07-29,3.1,0.0,Hora extra paga
4143,589,2020-06-04,1.02,0.0,Hora extra paga
4144,589,2021-01-28,7.3,7.3,Banco de horas positivo
4145,589,2020-12-27,2.54,0.0,Compensação
4146,589,2019-10-19,4.08,0.0,Hora extra paga
4147,589,2023-08-16,0.66,0.66,Banco de horas positivo
4148,589,2025-11-28,4.72,0.0,Hora extra paga
4149,589,2021-04-03,2.92,0.0,Compensação
4150,589,2021-03-07,3.03,3.03,Banco de horas positivo
4151,589,2022-09-10,6.58,0.0,Hora extra paga
4152,589,2020-10-19,4.49,4.49,Banco de horas positivo
4153,589,2020-04-15,4.58,4.58,Banco de horas positivo
4154,589,2023-02-08,6.94,6.94,Banco de horas positivo
4155,589,2024-02-03,0.73,0.0,Hora extra paga
4156,589,2021-12-08,1.6,0.0,Compensação
4157,589,2019-12-17,2.93,0.0,Hora extra paga
4158,589,2021-03-10,2.06,0.0,Hora extra paga
4159,589,2023-01-19,11.55,11.55,Banco de horas positivo
4160,589,2023-01-11,2.78,2.78,Banco de horas positivo
4161,589,2023-12-31,7.7,7.7,Banco de horas positivo
4162,590,2022-01-29,1.33,0.0,Hora extra paga
4163,590,2023-03-21,0.73,0.73,Banco de horas positivo
4164,590,2022-02-22,4.67,4.67,Banco de horas positivo
4165,590,2023-05-16,1.99,0.0,Hora extra paga
4166,590,2024-07-09,7.05,0.0,Hora extra paga
4167,590,2024-10-23,2.77,0.0,Hora extra paga
4168,590,2025-04-30,1.68,0.0,Hora extra paga
4169,590,2021-08-21,3.28,0.0,Hora extra paga
4170,590,2024-05-24,3.93,3.93,Banco de horas positivo
4171,590,2023-01-24,4.09,0.0,Hora extra paga
4172,590,2021-09-27,2.93,2.93,Banco de horas positivo
4173,590,2025-05-30,4.26,4.26,Banco de horas positivo
4174,590,2024-04-06,6.75,0.0,Hora extra paga
4175,590,2024-10-29,1.6,1.6,Banco de horas positivo
4176,590,2022-06-09,2.87,2.87,Banco de horas positivo
4177,590,2024-07-01,3.38,0.0,Hora extra paga
4178,590,2025-01-21,0.97,0.0,Hora extra paga
4179,591,2022-01-08,5.79,0.0,Hora extra paga
4180,591,2021-04-02,4.88,0.0,Hora extra paga
4181,592,2023-11-19,1.43,1.43,Banco de horas positivo
4182,592,2023-04-10,4.55,4.55,Banco de horas positivo
4183,592,2019-11-24,1.82,1.82,Banco de horas positivo
4184,592,2022-10-21,3.03,0.0,Hora extra paga
4185,592,2021-12-13,12.0,12.0,Banco de horas positivo
4186,592,2024-10-23,7.25,0.0,Hora extra paga
4187,592,2019-05-07,10.51,0.0,Hora extra paga
4188,592,2025-03-23,4.84,4.84,Banco de horas positivo
4189,592,2022-11-08,0.93,0.93,Banco de horas positivo
4190,592,2020-02-18,4.44,4.44,Banco de horas positivo
4191,592,2021-03-23,1.62,0.0,Hora extra paga
4192,592,2021-05-04,4.7,0.0,Hora extra paga
4193,592,2020-03-30,5.38,5.38,Banco de horas positivo
4194,592,2021-07-18,5.02,5.02,Banco de horas positivo
4195,592,2025-01-29,1.42,0.0,Hora extra paga
4196,593,2022-05-13,2.14,0.0,Hora extra paga
4197,593,2022-05-20,0.58,0.0,Hora extra paga
4198,593,2023-09-01,0.7,0.7,Banco de horas positivo
4199,594,2025-06-24,1.83,0.0,Hora extra paga
4200,594,2025-01-14,5.44,5.44,Banco de horas positivo
4201,594,2021-07-24,0.99,0.99,Banco de horas positivo
4202,594,2020-10-21,7.09,7.09,Banco de horas positivo
4203,594,2019-10-07,5.24,0.0,Hora extra paga
4204,594,2019-12-25,3.58,0.0,Compensação
4205,594,2021-01-10,2.33,0.0,Hora extra paga
4206,594,2020-09-29,3.72,0.0,Hora extra paga
4207,594,2020-02-07,4.86,4.86,Banco de horas positivo
4208,594,2020-12-25,2.76,0.0,Hora extra paga
4209,594,2019-11-25,2.81,0.0,Hora extra paga
4210,595,2022-11-19,1.74,0.0,Hora extra paga
4211,595,2022-01-11,9.25,0.0,Compensação
4212,595,2024-06-11,2.04,0.0,Hora extra paga
4213,595,2019-12-22,1.54,1.54,Banco de horas positivo
4214,596,2024-07-20,2.31,0.0,Compensação
4215,596,2022-02-05,5.9,0.0,Compensação
4216,596,2025-04-04,3.27,0.0,Hora extra paga
4217,596,2025-01-19,2.89,0.0,Hora extra paga
4218,596,2025-12-22,9.45,0.0,Hora extra paga
4219,596,2024-11-16,3.34,3.34,Banco de horas positivo
4220,596,2023-09-19,0.95,0.0,Hora extra paga
4221,596,2020-06-20,5.02,0.0,Hora extra paga
4222,596,2021-07-16,1.24,1.24,Banco de horas positivo
4223,596,2021-08-09,2.92,2.92,Banco de horas positivo
4224,596,2024-01-15,2.2,0.0,Hora extra paga
4225,596,2023-04-25,1.15,0.0,Hora extra paga
4226,596,2021-01-11,6.28,0.0,Hora extra paga
4227,596,2024-09-28,2.95,2.95,Banco de horas positivo
4228,596,2023-11-04,6.61,0.0,Compensação
4229,596,2023-10-20,4.33,0.0,Hora extra paga
4230,596,2021-11-15,4.69,0.0,Hora extra paga
4231,597,2024-02-20,4.45,0.0,Hora extra paga
4232,597,2024-04-03,1.42,0.0,Hora extra paga
4233,597,2025-03-23,5.74,5.74,Banco de horas positivo
4234,597,2024-08-19,8.98,8.98,Banco de horas positivo
4235,597,2025-09-25,3.82,0.0,Hora extra paga
4236,597,2025-07-18,2.6,0.0,Hora extra paga
4237,598,2024-08-23,6.59,0.0,Hora extra paga
4238,598,2024-05-01,7.94,0.0,Hora extra paga
4239,598,2025-06-07,4.26,0.0,Hora extra paga
4240,598,2024-10-17,1.82,0.0,Compensação
4241,598,2024-07-18,0.7,0.0,Hora extra paga
4242,598,2023-03-23,1.12,0.0,Hora extra paga
4243,598,2023-08-12,3.93,0.0,Hora extra paga
4244,598,2024-10-09,9.08,9.08,Banco de horas positivo
4245,598,2023-09-09,2.0,2.0,Banco de horas positivo
4246,598,2025-12-25,10.68,10.68,Banco de horas positivo
4247,598,2024-01-11,3.97,3.97,Banco de horas positivo
4248,598,2025-06-06,5.35,0.0,Hora extra paga
4249,598,2024-02-08,1.05,0.0,Hora extra paga
4250,598,2023-06-08,5.59,0.0,Hora extra paga
4251,599,2023-11-14,6.74,6.74,Banco de horas positivo
4252,599,2022-11-17,1.18,0.0,Hora extra paga
4253,599,2020-09-21,2.41,2.41,Banco de horas positivo
4254,599,2024-04-10,4.93,0.0,Compensação
4255,599,2020-11-03,4.13,0.0,Hora extra paga
4256,599,2021-10-31,6.56,6.56,Banco de horas positivo
4257,599,2022-09-18,2.02,0.0,Hora extra paga
4258,599,2021-05-31,9.24,0.0,Hora extra paga
4259,599,2020-08-23,11.0,0.0,Hora extra paga
4260,599,2020-12-21,4.87,4.87,Banco de horas positivo
4261,599,2024-04-13,3.24,0.0,Hora extra paga
4262,599,2021-01-06,1.83,0.0,Hora extra paga
4263,599,2021-05-26,1.42,0.0,Hora extra paga
4264,599,2020-03-26,1.8,0.0,Hora extra paga
4265,599,2021-07-23,3.77,0.0,Hora extra paga
4266,600,2022-04-27,3.35,0.0,Hora extra paga
4267,600,2020-06-17,12.0,12.0,Banco de horas positivo
4268,600,2023-09-11,0.79,0.79,Banco de horas positivo
4269,600,2020-12-25,10.92,0.0,Hora extra paga
4270,600,2020-10-11,9.94,9.94,Banco de horas positivo
4271,600,2023-06-16,4.71,0.0,Hora extra paga
4272,600,2022-02-05,5.12,0.0,Hora extra paga
4273,600,2023-02-08,3.1,3.1,Banco de horas positivo
4274,600,2022-09-13,4.63,4.63,Banco de horas positivo
4275,600,2021-07-13,1.76,1.76,Banco de horas positivo
4276,600,2023-06-04,12.0,0.0,Hora extra paga
4277,601,2022-06-08,5.12,0.0,Hora extra paga
4278,601,2022-07-04,5.08,5.08,Banco de horas positivo
4279,602,2025-11-06,2.92,2.92,Banco de horas positivo
4280,602,2025-07-12,3.48,0.0,Hora extra paga
4281,603,2021-02-17,2.41,0.0,Compensação
4282,603,2023-04-08,8.96,0.0,Hora extra paga
4283,603,2025-06-18,7.44,7.44,Banco de horas positivo
4284,603,2024-01-28,6.03,0.0,Hora extra paga
4285,603,2023-02-17,2.47,0.0,Hora extra paga
4286,603,2021-06-27,1.22,0.0,Hora extra paga
4287,603,2025-04-03,1.6,0.0,Hora extra paga
4288,603,2024-11-21,2.34,2.34,Banco de horas positivo
4289,603,2022-11-27,6.14,6.14,Banco de horas positivo
4290,603,2023-12-04,8.14,0.0,Hora extra paga
4291,604,2023-07-05,0.76,0.0,Hora extra paga
4292,604,2021-06-23,2.39,0.0,Hora extra paga
4293,604,2022-03-13,4.33,4.33,Banco de horas positivo
4294,604,2022-08-17,5.49,5.49,Banco de horas positivo
4295,604,2021-08-21,3.97,0.0,Compensação
4296,604,2020-08-13,2.08,0.0,Hora extra paga
4297,604,2021-01-12,9.97,9.97,Banco de horas positivo
4298,604,2022-11-08,1.73,0.0,Compensação
4299,604,2025-03-28,4.87,0.0,Hora extra paga
4300,604,2025-02-16,1.81,0.0,Hora extra paga
4301,604,2024-12-27,0.5,0.0,Hora extra paga
4302,604,2020-08-17,2.16,0.0,Hora extra paga
4303,605,2025-11-22,2.15,2.15,Banco de horas positivo
4304,605,2025-10-02,1.55,1.55,Banco de horas positivo
4305,605,2025-11-30,4.95,0.0,Hora extra paga
4306,605,2024-04-18,2.04,0.0,Hora extra paga
4307,605,2025-10-21,9.49,0.0,Hora extra paga
4308,605,2023-10-31,1.4,0.0,Compensação
4309,605,2023-12-31,0.61,0.0,Hora extra paga
4310,606,2019-05-31,2.0,0.0,Hora extra paga
4311,606,2023-04-02,7.09,7.09,Banco de horas positivo
4312,606,2021-07-22,0.78,0.0,Hora extra paga
4313,606,2021-02-27,3.19,0.0,Hora extra paga
4314,606,2025-05-25,3.07,0.0,Hora extra paga
4315,606,2023-02-15,2.77,0.0,Compensação
4316,606,2021-07-09,3.92,3.92,Banco de horas positivo
4317,606,2025-06-14,1.76,0.0,Compensação
4318,606,2023-10-17,9.45,0.0,Hora extra paga
4319,606,2021-06-19,2.79,2.79,Banco de horas positivo
4320,606,2020-06-06,10.34,0.0,Hora extra paga
4321,606,2019-05-24,5.35,0.0,Hora extra paga
4322,606,2022-12-16,0.88,0.0,Hora extra paga
4323,606,2019-11-15,1.63,0.0,Hora extra paga
4324,606,2023-01-05,2.39,0.0,Compensação
4325,606,2021-05-13,2.18,2.18,Banco de horas positivo
4326,606,2022-05-19,0.9,0.0,Hora extra paga
4327,607,2021-12-08,4.79,0.0,Hora extra paga
4328,607,2025-07-15,0.47,0.0,Hora extra paga
4329,608,2024-06-25,7.63,0.0,Hora extra paga
4330,608,2022-10-31,5.34,0.0,Hora extra paga
4331,608,2024-08-06,2.39,0.0,Hora extra paga
4332,608,2025-06-29,3.06,0.0,Hora extra paga
4333,609,2019-07-07,3.7,0.0,Hora extra paga
4334,609,2023-06-24,3.45,0.0,Hora extra paga
4335,609,2025-09-11,5.64,0.0,Hora extra paga
4336,609,2021-04-22,5.43,5.43,Banco de horas positivo
4337,609,2024-03-06,4.34,0.0,Hora extra paga
4338,609,2021-05-30,2.42,0.0,Hora extra paga
4339,609,2025-10-28,4.98,0.0,Hora extra paga
4340,609,2020-03-11,6.17,0.0,Hora extra paga
4341,609,2020-02-29,2.47,2.47,Banco de horas positivo
4342,609,2024-07-20,1.86,0.0,Compensação
4343,609,2023-12-16,4.45,0.0,Hora extra paga
4344,609,2025-06-25,2.91,2.91,Banco de horas positivo
4345,609,2024-05-04,4.9,0.0,Compensação
4346,609,2021-05-01,1.85,1.85,Banco de horas positivo
4347,609,2024-08-15,3.87,3.87,Banco de horas positivo
4348,609,2024-05-20,3.58,0.0,Hora extra paga
4349,609,2022-03-25,2.15,0.0,Hora extra paga
4350,609,2022-01-15,5.5,0.0,Hora extra paga
4351,610,2025-02-02,6.99,0.0,Compensação
4352,610,2025-08-15,0.28,0.0,Compensação
4353,611,2022-01-07,4.93,4.93,Banco de horas positivo
4354,611,2025-04-28,0.4,0.0,Hora extra paga
4355,611,2024-01-08,3.24,0.0,Compensação
4356,611,2021-12-25,2.21,0.0,Hora extra paga
4357,611,2022-02-07,6.78,0.0,Compensação
4358,611,2025-02-14,4.01,4.01,Banco de horas positivo
4359,611,2024-04-08,1.51,0.0,Hora extra paga
4360,611,2020-08-19,7.88,0.0,Hora extra paga
4361,611,2025-05-15,8.67,0.0,Compensação
4362,611,2023-06-21,6.96,6.96,Banco de horas positivo
4363,611,2020-12-23,9.14,9.14,Banco de horas positivo
4364,611,2025-10-12,5.47,5.47,Banco de horas positivo
4365,612,2024-08-22,5.08,0.0,Hora extra paga
4366,612,2024-09-27,2.51,2.51,Banco de horas positivo
4367,612,2022-09-10,6.11,0.0,Hora extra paga
4368,612,2021-06-05,1.54,1.54,Banco de horas positivo
4369,612,2022-08-31,6.84,0.0,Hora extra paga
4370,612,2022-12-26,0.64,0.0,Hora extra paga
4371,612,2021-01-08,2.89,0.0,Compensação
4372,612,2021-10-28,0.87,0.0,Hora extra paga
4373,612,2022-11-13,2.47,0.0,Hora extra paga
4374,612,2023-07-13,2.85,0.0,Hora extra paga
4375,612,2022-02-22,1.74,0.0,Hora extra paga
4376,612,2024-10-16,1.34,0.0,Hora extra paga
4377,612,2021-01-16,7.64,0.0,Hora extra paga
4378,613,2022-04-23,3.33,3.33,Banco de horas positivo
4379,613,2022-09-21,3.09,3.09,Banco de horas positivo
4380,613,2023-05-15,7.14,0.0,Hora extra paga
4381,613,2023-03-05,1.91,0.0,Hora extra paga
4382,613,2025-02-20,2.74,0.0,Hora extra paga
4383,613,2023-03-09,12.0,12.0,Banco de horas positivo
4384,613,2023-06-07,4.16,4.16,Banco de horas positivo
4385,613,2023-07-28,2.11,0.0,Hora extra paga
4386,613,2025-09-19,0.5,0.0,Hora extra paga
4387,613,2023-02-28,12.0,0.0,Compensação
4388,613,2022-11-11,4.81,4.81,Banco de horas positivo
4389,613,2025-05-03,0.96,0.96,Banco de horas positivo
4390,614,2025-11-13,4.16,4.16,Banco de horas positivo
4391,614,2023-12-15,3.86,0.0,Hora extra paga
4392,614,2025-03-16,2.01,2.01,Banco de horas positivo
4393,614,2022-05-12,2.75,0.0,Hora extra paga
4394,614,2023-01-24,0.28,0.0,Hora extra paga
4395,614,2022-02-25,0.34,0.34,Banco de horas positivo
4396,614,2023-09-10,4.47,4.47,Banco de horas positivo
4397,614,2025-03-28,3.79,0.0,Hora extra paga
4398,614,2024-06-20,1.86,1.86,Banco de horas positivo
4399,614,2025-03-10,2.23,0.0,Hora extra paga
4400,614,2025-11-27,8.79,0.0,Compensação
4401,614,2021-06-17,3.1,0.0,Hora extra paga
4402,615,2025-07-21,9.19,0.0,Hora extra paga
4403,615,2025-06-25,3.9,0.0,Hora extra paga
4404,616,2024-09-19,12.0,12.0,Banco de horas positivo
4405,616,2025-10-16,5.97,0.0,Hora extra paga
4406,616,2025-12-12,4.2,4.2,Banco de horas positivo
4407,616,2025-11-13,4.77,4.77,Banco de horas positivo
4408,616,2025-10-08,0.8,0.8,Banco de horas positivo
4409,616,2023-11-11,4.61,0.0,Hora extra paga
4410,616,2024-12-10,1.82,1.82,Banco de horas positivo
4411,616,2025-02-26,1.82,1.82,Banco de horas positivo
4412,617,2025-12-08,3.38,3.38,Banco de horas positivo
4413,618,2022-11-12,1.55,0.0,Hora extra paga
4414,618,2021-03-27,1.96,0.0,Hora extra paga
4415,618,2024-05-08,3.68,0.0,Hora extra paga
4416,618,2020-12-11,9.02,0.0,Hora extra paga
4417,618,2023-01-27,9.41,9.41,Banco de horas positivo
4418,618,2024-12-09,2.26,2.26,Banco de horas positivo
4419,618,2024-03-25,10.49,10.49,Banco de horas positivo
4420,618,2024-10-04,2.84,0.0,Hora extra paga
4421,618,2022-10-12,1.33,1.33,Banco de horas positivo
4422,618,2025-05-01,2.81,2.81,Banco de horas positivo
4423,618,2023-12-19,1.51,0.0,Hora extra paga
4424,618,2021-08-22,11.8,11.8,Banco de horas positivo
4425,618,2020-09-26,2.11,0.0,Hora extra paga
4426,618,2024-04-06,2.82,2.82,Banco de horas positivo
4427,618,2025-09-28,6.71,0.0,Hora extra paga
4428,619,2021-02-25,3.32,3.32,Banco de horas positivo
4429,619,2021-01-24,2.54,0.0,Hora extra paga
4430,619,2018-09-12,0.24,0.0,Hora extra paga
4431,619,2021-10-20,0.98,0.98,Banco de horas positivo
4432,619,2022-09-11,3.62,3.62,Banco de horas positivo
4433,619,2019-08-18,1.07,1.07,Banco de horas positivo
4434,619,2019-07-10,3.65,0.0,Hora extra paga
4435,619,2022-06-15,7.3,0.0,Hora extra paga
4436,619,2018-07-22,0.8,0.8,Banco de horas positivo
4437,619,2021-08-14,0.78,0.78,Banco de horas positivo
4438,619,2018-11-06,0.54,0.0,Hora extra paga
4439,619,2020-10-02,2.06,0.0,Hora extra paga
4440,619,2021-07-15,2.13,2.13,Banco de horas positivo
4441,619,2020-08-17,8.18,0.0,Compensação
4442,619,2020-06-07,1.44,1.44,Banco de horas positivo
4443,619,2018-10-16,1.65,0.0,Hora extra paga
4444,620,2024-09-05,7.21,0.0,Compensação
4445,620,2024-12-01,5.48,0.0,Hora extra paga
4446,620,2025-12-28,4.68,4.68,Banco de horas positivo
4447,620,2022-09-19,4.05,0.0,Hora extra paga
4448,620,2024-01-27,0.98,0.0,Hora extra paga
4449,620,2025-06-04,1.75,1.75,Banco de horas positivo
4450,620,2024-06-12,7.3,0.0,Hora extra paga
4451,621,2025-04-25,2.49,0.0,Hora extra paga
4452,621,2024-10-18,6.18,6.18,Banco de horas positivo
4453,621,2021-08-02,12.0,0.0,Hora extra paga
4454,621,2024-11-19,0.99,0.0,Hora extra paga
4455,621,2022-03-03,2.16,0.0,Hora extra paga
4456,621,2022-09-28,2.78,2.78,Banco de horas positivo
4457,622,2024-02-15,12.0,12.0,Banco de horas positivo
4458,622,2023-03-17,6.38,0.0,Compensação
4459,622,2021-06-01,3.07,0.0,Hora extra paga
4460,622,2024-07-15,5.16,0.0,Hora extra paga
4461,622,2024-03-16,2.16,0.0,Hora extra paga
4462,623,2021-04-22,2.97,2.97,Banco de horas positivo
4463,625,2022-06-24,4.16,0.0,Hora extra paga
4464,625,2022-07-02,6.69,0.0,Hora extra paga
4465,625,2021-09-08,3.1,0.0,Compensação
4466,625,2022-06-17,6.19,0.0,Hora extra paga
4467,626,2022-08-28,2.58,2.58,Banco de horas positivo
4468,627,2025-01-06,3.43,0.0,Hora extra paga
4469,627,2024-12-20,1.84,0.0,Hora extra paga
4470,627,2025-02-21,2.42,2.42,Banco de horas positivo
4471,627,2025-11-24,3.74,3.74,Banco de horas positivo
4472,627,2025-01-22,9.67,0.0,Hora extra paga
4473,627,2023-11-11,1.48,1.48,Banco de horas positivo
4474,627,2024-11-20,1.37,0.0,Hora extra paga
4475,628,2023-05-26,4.59,0.0,Compensação
4476,628,2023-08-25,1.05,0.0,Hora extra paga
4477,628,2024-09-07,5.4,5.4,Banco de horas positivo
4478,628,2025-05-20,2.79,0.0,Hora extra paga
4479,628,2024-01-07,7.45,7.45,Banco de horas positivo
4480,628,2024-08-06,4.11,4.11,Banco de horas positivo
4481,628,2025-09-18,3.45,3.45,Banco de horas positivo
4482,628,2023-10-13,5.23,0.0,Hora extra paga
4483,628,2024-10-18,0.97,0.97,Banco de horas positivo
4484,629,2023-04-18,1.65,0.0,Hora extra paga
4485,629,2022-09-20,7.24,0.0,Hora extra paga
4486,629,2024-11-04,7.79,7.79,Banco de horas positivo
4487,629,2022-12-30,1.16,0.0,Hora extra paga
4488,629,2025-03-25,1.8,0.0,Hora extra paga
4489,630,2023-01-03,8.07,0.0,Hora extra paga
4490,630,2025-03-04,2.09,0.0,Compensação
4491,630,2025-04-06,6.58,0.0,Hora extra paga
4492,630,2018-03-24,2.22,0.0,Hora extra paga
4493,630,2023-02-10,2.27,2.27,Banco de horas positivo
4494,630,2021-06-20,2.31,0.0,Hora extra paga
4495,630,2019-08-29,2.66,2.66,Banco de horas positivo
4496,630,2024-08-15,1.01,0.0,Compensação
4497,630,2024-12-10,1.36,1.36,Banco de horas positivo
4498,630,2018-05-19,2.67,2.67,Banco de horas positivo
4499,630,2023-02-12,9.23,0.0,Hora extra paga
4500,630,2021-02-18,4.59,4.59,Banco de horas positivo
4501,630,2025-02-28,4.41,0.0,Hora extra paga
4502,630,2023-06-16,5.68,0.0,Hora extra paga
4503,630,2019-09-23,4.32,0.0,Hora extra paga
4504,630,2025-01-18,2.81,0.0,Hora extra paga
4505,630,2022-09-30,3.54,3.54,Banco de horas positivo
4506,631,2023-04-12,0.56,0.0,Hora extra paga
4507,631,2024-03-19,4.35,0.0,Hora extra paga
4508,632,2022-09-27,1.85,0.0,Hora extra paga
4509,632,2020-01-11,4.38,4.38,Banco de horas positivo
4510,632,2024-03-26,5.41,5.41,Banco de horas positivo
4511,632,2025-10-05,0.82,0.82,Banco de horas positivo
4512,632,2023-10-08,2.19,0.0,Hora extra paga
4513,632,2024-10-03,0.78,0.0,Hora extra paga
4514,633,2023-12-08,1.74,0.0,Hora extra paga
4515,633,2025-06-13,2.25,0.0,Compensação
4516,633,2023-11-19,6.87,0.0,Compensação
4517,633,2025-06-04,3.98,0.0,Hora extra paga
4518,634,2025-09-01,6.71,6.71,Banco de horas positivo
4519,634,2024-10-28,4.31,0.0,Hora extra paga
4520,634,2025-11-23,6.55,6.55,Banco de horas positivo
4521,634,2024-07-14,6.33,0.0,Hora extra paga
4522,634,2025-01-28,6.52,6.52,Banco de horas positivo
4523,634,2024-09-12,2.3,0.0,Hora extra paga
4524,634,2025-05-18,4.67,0.0,Hora extra paga
4525,634,2024-08-25,4.6,0.0,Hora extra paga
4526,634,2023-07-12,5.58,0.0,Hora extra paga
4527,634,2025-12-16,0.58,0.0,Hora extra paga
4528,635,2024-11-24,4.12,4.12,Banco de horas positivo
4529,636,2025-12-22,4.08,0.0,Hora extra paga
4530,636,2024-10-21,8.01,0.0,Hora extra paga
4531,636,2022-07-18,2.21,2.21,Banco de horas positivo
4532,636,2020-05-31,2.68,2.68,Banco de horas positivo
4533,636,2023-10-06,4.57,4.57,Banco de horas positivo
4534,636,2024-05-02,0.49,0.49,Banco de horas positivo
4535,636,2021-11-15,3.82,0.0,Hora extra paga
4536,636,2022-05-24,2.61,2.61,Banco de horas positivo
4537,636,2024-04-17,3.38,0.0,Hora extra paga
4538,636,2024-12-21,2.13,0.0,Hora extra paga
4539,636,2023-01-02,1.93,1.93,Banco de horas positivo
4540,636,2021-06-19,6.66,6.66,Banco de horas positivo
4541,636,2023-08-16,0.8,0.0,Hora extra paga
4542,636,2025-09-03,10.1,0.0,Hora extra paga
4543,636,2025-03-03,1.91,0.0,Hora extra paga
4544,636,2025-02-18,6.01,0.0,Hora extra paga
4545,636,2020-05-08,3.64,0.0,Hora extra paga
4546,636,2023-06-04,8.53,0.0,Hora extra paga
4547,636,2022-06-09,2.66,2.66,Banco de horas positivo
4548,636,2025-09-15,2.78,0.0,Hora extra paga
4549,636,2025-02-20,3.31,0.0,Hora extra paga
4550,636,2019-06-20,0.36,0.0,Hora extra paga
4551,636,2022-02-16,2.45,0.0,Hora extra paga
4552,636,2022-05-28,4.94,4.94,Banco de horas positivo
4553,636,2022-09-12,2.65,0.0,Hora extra paga
4554,637,2023-09-26,9.04,9.04,Banco de horas positivo
4555,637,2025-12-05,0.05,0.0,Compensação
4556,637,2025-05-27,7.62,7.62,Banco de horas positivo
4557,638,2020-05-20,7.27,0.0,Hora extra paga
4558,638,2025-12-13,4.0,4.0,Banco de horas positivo
4559,638,2025-09-10,2.25,2.25,Banco de horas positivo
4560,638,2024-04-15,0.86,0.86,Banco de horas positivo
4561,638,2022-12-09,1.12,1.12,Banco de horas positivo
4562,638,2018-08-17,8.02,0.0,Hora extra paga
4563,638,2022-03-07,6.76,0.0,Hora extra paga
4564,638,2020-06-07,2.61,0.0,Hora extra paga
4565,638,2019-11-04,2.43,2.43,Banco de horas positivo
4566,639,2018-09-30,1.27,0.0,Hora extra paga
4567,639,2020-03-26,3.27,3.27,Banco de horas positivo
4568,639,2022-11-12,5.75,0.0,Hora extra paga
4569,639,2019-12-17,2.73,0.0,Hora extra paga
4570,639,2023-07-16,2.15,0.0,Hora extra paga
4571,639,2018-11-01,0.83,0.83,Banco de horas positivo
4572,639,2022-11-04,1.9,0.0,Hora extra paga
4573,640,2023-11-08,2.66,0.0,Hora extra paga
4574,640,2023-03-27,4.3,0.0,Hora extra paga
4575,640,2024-09-16,1.49,0.0,Hora extra paga
4576,640,2024-12-25,4.47,0.0,Hora extra paga
4577,640,2021-12-14,5.66,0.0,Hora extra paga
4578,640,2021-09-17,5.2,0.0,Hora extra paga
4579,640,2024-08-29,3.11,0.0,Hora extra paga
4580,641,2020-11-18,5.91,5.91,Banco de horas positivo
4581,641,2021-11-28,1.83,0.0,Hora extra paga
4582,641,2024-11-13,4.15,0.0,Hora extra paga
4583,641,2021-09-15,8.58,8.58,Banco de horas positivo
4584,641,2022-11-23,5.13,0.0,Compensação
4585,641,2024-09-15,7.42,7.42,Banco de horas positivo
4586,641,2020-01-17,2.53,0.0,Hora extra paga
4587,641,2021-05-11,4.12,4.12,Banco de horas positivo
4588,642,2018-08-06,2.25,2.25,Banco de horas positivo
4589,642,2020-09-20,0.74,0.74,Banco de horas positivo
4590,642,2019-01-19,1.48,0.0,Hora extra paga
4591,642,2022-04-16,10.39,0.0,Hora extra paga
4592,642,2024-01-01,4.24,0.0,Hora extra paga
4593,642,2022-01-04,2.55,0.0,Compensação
4594,642,2021-03-31,3.34,0.0,Hora extra paga
4595,642,2023-11-26,5.88,0.0,Hora extra paga
4596,642,2021-07-11,6.36,0.0,Hora extra paga
4597,642,2019-10-12,5.33,0.0,Hora extra paga
4598,642,2022-06-27,2.66,0.0,Hora extra paga
4599,642,2023-04-03,3.1,0.0,Hora extra paga
4600,643,2021-06-04,4.02,4.02,Banco de horas positivo
4601,643,2018-12-08,6.93,0.0,Hora extra paga
4602,644,2020-08-22,3.92,0.0,Hora extra paga
4603,644,2023-12-25,4.08,0.0,Hora extra paga
4604,644,2023-02-14,2.79,2.79,Banco de horas positivo
4605,644,2019-02-10,6.26,0.0,Hora extra paga
4606,644,2019-07-01,4.73,0.0,Hora extra paga
4607,644,2018-12-22,1.97,1.97,Banco de horas positivo
4608,644,2021-05-09,2.92,2.92,Banco de horas positivo
4609,644,2019-06-26,3.19,3.19,Banco de horas positivo
4610,644,2022-11-01,8.17,8.17,Banco de horas positivo
4611,644,2023-05-06,1.84,0.0,Hora extra paga
4612,644,2023-06-28,4.85,0.0,Hora extra paga
4613,644,2020-02-10,5.09,0.0,Hora extra paga
4614,644,2025-08-10,11.31,0.0,Hora extra paga
4615,644,2025-08-28,4.28,0.0,Hora extra paga
4616,644,2022-12-16,1.62,0.0,Hora extra paga
4617,644,2021-03-31,2.12,0.0,Hora extra paga
4618,644,2019-02-28,0.72,0.0,Hora extra paga
4619,644,2022-12-23,2.81,0.0,Hora extra paga
4620,644,2023-04-24,2.18,0.0,Hora extra paga
4621,644,2022-04-02,1.22,1.22,Banco de horas positivo
4622,644,2020-01-21,4.42,4.42,Banco de horas positivo
4623,644,2025-03-23,1.66,0.0,Hora extra paga
4624,644,2021-11-23,2.36,0.0,Hora extra paga
4625,644,2025-04-22,12.0,0.0,Hora extra paga
4626,644,2021-02-11,1.94,0.0,Hora extra paga
4627,645,2025-11-24,5.83,5.83,Banco de horas positivo
4628,645,2023-09-23,1.31,0.0,Compensação
4629,645,2024-04-21,3.18,3.18,Banco de horas positivo
4630,645,2024-12-30,1.04,0.0,Hora extra paga
4631,645,2022-12-02,5.16,0.0,Hora extra paga
4632,645,2023-09-10,6.85,6.85,Banco de horas positivo
4633,645,2023-10-15,2.52,0.0,Hora extra paga
4634,645,2024-06-18,10.04,0.0,Hora extra paga
4635,645,2021-07-24,3.73,0.0,Hora extra paga
4636,645,2024-02-02,3.2,3.2,Banco de horas positivo
4637,645,2025-07-15,1.47,0.0,Hora extra paga
4638,646,2024-07-19,6.15,0.0,Hora extra paga
4639,646,2025-10-06,4.45,0.0,Hora extra paga
4640,646,2025-03-23,1.93,0.0,Compensação
4641,646,2025-10-05,2.55,0.0,Hora extra paga
4642,646,2023-04-04,1.85,0.0,Hora extra paga
4643,646,2025-01-13,6.46,0.0,Compensação
4644,646,2023-07-15,4.44,0.0,Hora extra paga
4645,647,2025-08-13,3.03,0.0,Hora extra paga
4646,647,2025-06-14,5.69,0.0,Hora extra paga
4647,647,2024-07-31,2.08,0.0,Hora extra paga
4648,647,2025-04-16,3.46,3.46,Banco de horas positivo
4649,647,2025-12-06,12.0,12.0,Banco de horas positivo
4650,648,2025-02-12,3.64,0.0,Hora extra paga
4651,648,2020-10-22,5.41,0.0,Hora extra paga
4652,648,2020-10-14,2.84,0.0,Hora extra paga
4653,648,2021-03-31,2.23,2.23,Banco de horas positivo
4654,648,2024-02-25,2.46,0.0,Hora extra paga
4655,648,2024-10-26,2.28,0.0,Hora extra paga
4656,648,2021-10-03,1.04,0.0,Hora extra paga
4657,648,2023-01-04,2.89,2.89,Banco de horas positivo
4658,648,2022-09-13,3.37,0.0,Compensação
4659,649,2018-09-14,3.95,3.95,Banco de horas positivo
4660,649,2018-04-13,3.21,3.21,Banco de horas positivo
4661,649,2019-04-23,2.02,0.0,Compensação
4662,649,2019-07-15,1.92,0.0,Compensação
4663,649,2019-09-03,4.42,4.42,Banco de horas positivo
4664,649,2019-09-18,0.33,0.33,Banco de horas positivo
4665,649,2019-06-06,7.52,0.0,Compensação
4666,649,2018-10-02,2.59,2.59,Banco de horas positivo
4667,649,2021-05-21,0.71,0.0,Hora extra paga
4668,650,2025-08-11,0.65,0.65,Banco de horas positivo
4669,650,2024-01-24,1.28,1.28,Banco de horas positivo
4670,650,2025-01-16,3.2,0.0,Hora extra paga
4671,650,2025-04-19,2.99,0.0,Hora extra paga
4672,651,2022-09-04,6.05,0.0,Hora extra paga
4673,651,2024-11-13,4.58,4.58,Banco de horas positivo
4674,651,2023-01-23,5.24,5.24,Banco de horas positivo
4675,651,2023-07-04,0.68,0.0,Compensação
4676,651,2024-04-09,0.43,0.43,Banco de horas positivo
4677,651,2023-05-21,4.63,0.0,Hora extra paga
4678,651,2025-09-23,4.37,0.0,Hora extra paga
4679,651,2023-03-28,1.41,0.0,Hora extra paga
4680,651,2022-01-23,7.28,0.0,Hora extra paga
4681,651,2022-10-29,1.37,1.37,Banco de horas positivo
4682,651,2021-05-10,3.0,3.0,Banco de horas positivo
4683,652,2024-04-17,8.28,0.0,Hora extra paga
4684,652,2022-12-21,1.28,0.0,Hora extra paga
4685,652,2022-11-19,12.0,0.0,Hora extra paga
4686,652,2022-10-31,6.36,6.36,Banco de horas positivo
4687,652,2023-12-28,0.11,0.11,Banco de horas positivo
4688,652,2024-02-08,2.38,2.38,Banco de horas positivo
4689,652,2025-08-08,10.01,0.0,Hora extra paga
4690,652,2025-07-11,9.5,0.0,Compensação
4691,652,2024-08-15,5.4,0.0,Hora extra paga
4692,652,2024-11-08,3.84,3.84,Banco de horas positivo
4693,652,2022-12-11,4.51,4.51,Banco de horas positivo
4694,653,2024-07-20,3.25,0.0,Hora extra paga
4695,653,2024-11-10,12.0,12.0,Banco de horas positivo
4696,653,2025-10-27,5.24,0.0,Hora extra paga
4697,653,2024-03-02,3.63,0.0,Hora extra paga
4698,654,2024-11-23,11.29,11.29,Banco de horas positivo
4699,654,2025-12-14,5.37,0.0,Hora extra paga
4700,655,2022-04-14,2.8,0.0,Hora extra paga
4701,655,2021-12-20,1.91,0.0,Hora extra paga
4702,655,2024-09-07,11.62,0.0,Hora extra paga
4703,655,2021-04-25,2.2,0.0,Hora extra paga
4704,655,2023-02-17,2.15,0.0,Hora extra paga
4705,655,2022-08-05,3.2,0.0,Hora extra paga
4706,655,2022-06-24,2.85,0.0,Hora extra paga
4707,656,2025-03-21,3.91,0.0,Hora extra paga
4708,656,2025-04-16,7.82,0.0,Hora extra paga
4709,657,2021-03-13,1.25,0.0,Hora extra paga
4710,657,2020-09-07,1.54,0.0,Compensação
4711,657,2020-11-21,1.42,0.0,Hora extra paga
4712,658,2023-03-17,2.85,2.85,Banco de horas positivo
4713,659,2023-06-20,2.51,0.0,Hora extra paga
4714,659,2024-10-24,1.18,1.18,Banco de horas positivo
4715,659,2023-09-28,3.5,0.0,Hora extra paga
4716,660,2024-09-24,7.76,0.0,Hora extra paga
4717,660,2023-09-15,2.92,2.92,Banco de horas positivo
4718,660,2022-10-01,7.12,0.0,Hora extra paga
4719,660,2025-05-31,12.0,0.0,Hora extra paga
4720,660,2022-07-31,7.09,0.0,Hora extra paga
4721,660,2022-12-30,5.44,0.0,Compensação
4722,660,2023-07-10,1.68,0.0,Compensação
4723,660,2021-11-04,11.24,0.0,Hora extra paga
4724,660,2024-03-31,1.55,0.0,Hora extra paga
4725,660,2023-01-02,3.43,0.0,Hora extra paga
4726,660,2021-04-05,7.12,0.0,Hora extra paga
4727,660,2020-06-04,1.74,0.0,Hora extra paga
4728,660,2021-12-11,0.11,0.0,Compensação
4729,660,2025-05-03,0.86,0.86,Banco de horas positivo
4730,660,2021-11-14,5.94,0.0,Hora extra paga
4731,660,2022-11-07,9.7,9.7,Banco de horas positivo
4732,660,2019-06-01,1.08,0.0,Hora extra paga
4733,661,2025-06-14,2.94,2.94,Banco de horas positivo
4734,661,2025-12-06,2.32,2.32,Banco de horas positivo
4735,662,2019-12-10,5.06,0.0,Hora extra paga
4736,662,2020-07-23,0.68,0.68,Banco de horas positivo
4737,662,2022-03-31,4.44,4.44,Banco de horas positivo
4738,662,2022-10-04,7.0,7.0,Banco de horas positivo
4739,662,2022-12-03,1.24,0.0,Hora extra paga
4740,662,2021-06-20,2.61,2.61,Banco de horas positivo
4741,662,2020-02-29,0.28,0.28,Banco de horas positivo
4742,662,2020-11-19,3.28,0.0,Hora extra paga
4743,662,2025-09-14,6.55,0.0,Hora extra paga
4744,662,2019-08-27,3.2,3.2,Banco de horas positivo
4745,662,2019-01-22,1.45,0.0,Hora extra paga
4746,662,2021-10-25,3.07,0.0,Hora extra paga
4747,662,2023-06-12,3.47,0.0,Hora extra paga
4748,662,2020-06-15,3.56,3.56,Banco de horas positivo
4749,662,2021-02-04,0.73,0.0,Hora extra paga
4750,662,2020-01-18,1.34,0.0,Hora extra paga
4751,662,2019-10-14,1.26,1.26,Banco de horas positivo
4752,662,2024-04-26,5.09,0.0,Compensação
4753,662,2021-09-05,2.36,0.0,Hora extra paga
4754,663,2025-09-19,2.7,2.7,Banco de horas positivo
4755,663,2024-12-09,4.39,4.39,Banco de horas positivo
4756,663,2022-02-26,1.68,0.0,Hora extra paga
4757,663,2024-11-26,3.53,3.53,Banco de horas positivo
4758,663,2023-12-13,5.21,0.0,Hora extra paga
4759,663,2024-02-16,4.71,0.0,Compensação
4760,663,2022-03-26,7.56,7.56,Banco de horas positivo
4761,663,2023-09-27,7.84,0.0,Compensação
4762,663,2025-09-06,2.73,0.0,Hora extra paga
4763,663,2022-11-14,1.53,0.0,Hora extra paga
4764,663,2024-05-10,1.64,0.0,Compensação
4765,663,2024-12-14,5.36,0.0,Hora extra paga
4766,663,2024-05-30,4.74,4.74,Banco de horas positivo
4767,663,2025-06-15,4.53,0.0,Hora extra paga
4768,663,2022-09-25,2.53,2.53,Banco de horas positivo
4769,664,2023-12-09,2.32,2.32,Banco de horas positivo
4770,665,2023-01-11,2.97,2.97,Banco de horas positivo
4771,665,2025-05-17,0.19,0.19,Banco de horas positivo
4772,665,2022-09-28,3.35,3.35,Banco de horas positivo
4773,665,2022-09-29,9.28,0.0,Hora extra paga
4774,665,2025-05-10,4.29,4.29,Banco de horas positivo
4775,665,2022-10-14,0.62,0.0,Hora extra paga
4776,665,2021-01-22,2.54,0.0,Hora extra paga
4777,666,2020-12-31,10.25,0.0,Hora extra paga
4778,666,2022-02-17,4.66,0.0,Hora extra paga
4779,666,2022-05-14,0.49,0.0,Hora extra paga
4780,668,2022-04-07,12.0,0.0,Compensação
4781,668,2020-10-01,3.59,0.0,Hora extra paga
4782,668,2022-09-22,1.98,0.0,Hora extra paga
4783,668,2020-05-30,2.28,2.28,Banco de horas positivo
4784,668,2022-05-07,1.77,0.0,Hora extra paga
4785,668,2019-12-24,4.53,4.53,Banco de horas positivo
4786,668,2023-05-25,6.51,0.0,Hora extra paga
4787,669,2020-09-27,3.32,0.0,Compensação
4788,669,2025-01-28,4.19,0.0,Hora extra paga
4789,669,2023-02-13,1.57,1.57,Banco de horas positivo
4790,669,2024-12-05,2.91,2.91,Banco de horas positivo
4791,669,2023-07-29,1.73,0.0,Hora extra paga
4792,669,2020-05-21,5.61,0.0,Hora extra paga
4793,669,2024-06-22,1.07,0.0,Hora extra paga
4794,670,2018-12-10,7.42,7.42,Banco de horas positivo
4795,670,2018-11-16,1.83,0.0,Hora extra paga
4796,670,2020-06-14,4.78,0.0,Hora extra paga
4797,670,2018-11-10,6.51,0.0,Hora extra paga
4798,670,2021-07-14,1.02,0.0,Compensação
4799,670,2022-02-20,2.29,2.29,Banco de horas positivo
4800,670,2018-10-31,1.22,1.22,Banco de horas positivo
4801,671,2024-04-29,4.59,0.0,Compensação
4802,671,2024-01-08,7.63,0.0,Hora extra paga
4803,671,2025-08-26,2.39,0.0,Hora extra paga
4804,671,2022-10-23,9.18,0.0,Hora extra paga
4805,671,2023-09-28,2.42,0.0,Hora extra paga
4806,671,2024-10-20,1.53,1.53,Banco de horas positivo
4807,671,2024-11-02,4.46,4.46,Banco de horas positivo
4808,671,2024-01-06,9.21,0.0,Hora extra paga
4809,671,2023-10-20,0.94,0.0,Hora extra paga
4810,672,2025-05-21,2.6,0.0,Hora extra paga
4811,672,2022-09-06,4.54,0.0,Hora extra paga
4812,672,2024-03-15,0.84,0.84,Banco de horas positivo
4813,672,2022-07-04,2.7,0.0,Hora extra paga
4814,672,2024-02-05,8.5,8.5,Banco de horas positivo
4815,672,2021-09-06,1.59,1.59,Banco de horas positivo
4816,672,2023-06-08,3.65,0.0,Hora extra paga
4817,672,2025-01-05,4.44,0.0,Hora extra paga
4818,672,2023-06-01,4.24,0.0,Hora extra paga
4819,673,2025-01-16,4.22,0.0,Hora extra paga
4820,674,2025-06-20,1.48,1.48,Banco de horas positivo
4821,674,2024-07-04,6.88,0.0,Hora extra paga
4822,674,2025-03-04,2.31,0.0,Hora extra paga
4823,674,2025-10-20,1.68,1.68,Banco de horas positivo
4824,674,2025-01-06,3.67,3.67,Banco de horas positivo
4825,674,2025-10-10,2.21,0.0,Hora extra paga
4826,675,2024-09-09,12.0,0.0,Hora extra paga
4827,675,2021-10-10,6.25,6.25,Banco de horas positivo
4828,675,2022-06-15,12.0,0.0,Hora extra paga
4829,675,2022-10-14,0.95,0.95,Banco de horas positivo
4830,675,2021-10-26,1.89,1.89,Banco de horas positivo
4831,675,2019-12-14,1.27,0.0,Hora extra paga
4832,676,2025-01-11,3.05,3.05,Banco de horas positivo
4833,676,2024-09-28,1.78,0.0,Compensação
4834,676,2025-06-19,2.37,2.37,Banco de horas positivo
4835,676,2025-07-11,2.73,0.0,Hora extra paga
4836,677,2025-08-09,3.58,0.0,Hora extra paga
4837,677,2024-03-11,3.91,3.91,Banco de horas positivo
4838,677,2024-09-23,3.2,0.0,Hora extra paga
4839,677,2024-08-26,1.37,1.37,Banco de horas positivo
4840,677,2024-06-15,6.49,0.0,Hora extra paga
4841,677,2025-08-04,1.3,0.0,Hora extra paga
4842,677,2024-09-18,1.99,0.0,Compensação
4843,678,2024-09-18,5.31,5.31,Banco de horas positivo
4844,678,2022-10-27,9.34,0.0,Hora extra paga
4845,679,2025-05-10,4.32,4.32,Banco de horas positivo
4846,679,2024-11-14,1.16,1.16,Banco de horas positivo
4847,679,2020-11-03,3.02,0.0,Hora extra paga
4848,679,2024-04-25,2.91,0.0,Hora extra paga
4849,679,2021-08-01,7.79,7.79,Banco de horas positivo
4850,679,2021-10-19,6.94,0.0,Hora extra paga
4851,679,2025-01-31,3.3,0.0,Hora extra paga
4852,679,2024-01-26,1.88,1.88,Banco de horas positivo
4853,679,2023-05-19,2.59,2.59,Banco de horas positivo
4854,679,2025-08-09,6.22,0.0,Hora extra paga
4855,679,2023-10-29,0.75,0.0,Compensação
4856,679,2025-12-14,2.94,2.94,Banco de horas positivo
4857,679,2021-06-24,1.35,0.0,Hora extra paga
4858,679,2022-11-07,5.42,5.42,Banco de horas positivo
4859,679,2025-09-15,2.26,2.26,Banco de horas positivo
4860,680,2022-03-21,4.83,0.0,Hora extra paga
4861,680,2024-11-19,9.71,0.0,Compensação
4862,682,2023-02-13,4.75,4.75,Banco de horas positivo
4863,682,2023-04-19,5.64,0.0,Hora extra paga
4864,682,2023-06-17,4.34,4.34,Banco de horas positivo
4865,682,2025-06-12,0.74,0.0,Hora extra paga
4866,682,2021-06-10,1.41,0.0,Hora extra paga
4867,683,2025-03-16,6.76,6.76,Banco de horas positivo
4868,683,2025-10-10,1.84,0.0,Compensação
4869,683,2023-10-10,5.83,0.0,Compensação
4870,684,2024-09-23,7.56,0.0,Hora extra paga
4871,684,2025-02-16,4.54,0.0,Hora extra paga
4872,685,2021-07-19,2.25,2.25,Banco de horas positivo
4873,685,2024-12-22,2.95,2.95,Banco de horas positivo
4874,685,2024-12-03,7.0,7.0,Banco de horas positivo
4875,685,2021-10-18,7.93,0.0,Compensação
4876,685,2019-09-14,0.91,0.0,Hora extra paga
4877,685,2022-10-17,5.63,0.0,Hora extra paga
4878,685,2024-06-20,0.7,0.0,Hora extra paga
4879,685,2021-08-28,1.88,0.0,Hora extra paga
4880,685,2023-02-20,5.44,0.0,Hora extra paga
4881,685,2020-04-18,3.97,3.97,Banco de horas positivo
4882,685,2023-02-09,6.17,0.0,Hora extra paga
4883,685,2021-08-18,0.53,0.0,Hora extra paga
4884,686,2021-05-04,4.75,0.0,Hora extra paga
4885,686,2024-12-17,1.69,1.69,Banco de horas positivo
4886,686,2023-05-26,12.0,12.0,Banco de horas positivo
4887,686,2024-07-20,2.74,0.0,Hora extra paga
4888,686,2023-08-20,2.84,0.0,Hora extra paga
4889,686,2022-05-10,5.97,0.0,Hora extra paga
4890,686,2023-08-23,3.18,0.0,Hora extra paga
4891,687,2025-10-08,5.72,0.0,Hora extra paga
4892,687,2025-01-23,5.21,0.0,Hora extra paga
4893,688,2024-06-04,0.85,0.85,Banco de horas positivo
4894,688,2024-08-03,4.32,0.0,Hora extra paga
4895,688,2021-12-31,4.72,4.72,Banco de horas positivo
4896,688,2022-04-15,1.12,0.0,Hora extra paga
4897,688,2024-08-03,0.94,0.0,Hora extra paga
4898,688,2024-11-19,1.73,1.73,Banco de horas positivo
4899,688,2022-04-27,4.97,0.0,Hora extra paga
4900,688,2023-09-19,7.71,0.0,Hora extra paga
4901,688,2024-02-07,4.64,0.0,Hora extra paga
4902,688,2025-07-25,0.03,0.0,Hora extra paga
4903,688,2024-05-26,5.1,0.0,Hora extra paga
4904,688,2022-10-10,1.82,0.0,Hora extra paga
4905,688,2023-05-12,6.82,0.0,Hora extra paga
4906,689,2023-03-12,2.01,0.0,Hora extra paga
4907,689,2023-10-08,1.54,0.0,Hora extra paga
4908,689,2024-05-30,10.07,10.07,Banco de horas positivo
4909,689,2022-02-13,1.58,1.58,Banco de horas positivo
4910,690,2024-12-17,0.22,0.22,Banco de horas positivo
4911,690,2024-07-21,1.32,1.32,Banco de horas positivo
4912,690,2023-11-02,2.97,0.0,Compensação
4913,691,2022-08-24,9.88,0.0,Compensação
4914,691,2023-11-07,8.1,0.0,Hora extra paga
4915,691,2023-04-22,6.41,0.0,Compensação
4916,691,2023-11-03,3.28,0.0,Hora extra paga
4917,691,2022-05-16,1.76,0.0,Hora extra paga
4918,691,2023-01-22,0.91,0.0,Hora extra paga
4919,692,2022-01-17,1.6,0.0,Hora extra paga
4920,692,2021-11-18,6.72,0.0,Hora extra paga
4921,692,2023-12-21,4.7,0.0,Hora extra paga
4922,692,2021-01-22,1.51,0.0,Compensação
4923,692,2025-12-25,2.56,2.56,Banco de horas positivo
4924,692,2022-05-30,2.2,0.0,Compensação
4925,692,2023-09-30,1.75,0.0,Hora extra paga
4926,692,2024-05-08,3.65,0.0,Compensação
4927,693,2023-01-10,3.78,0.0,Hora extra paga
4928,693,2023-06-22,6.7,0.0,Hora extra paga
4929,693,2021-11-07,11.6,0.0,Compensação
4930,693,2024-12-22,5.31,0.0,Hora extra paga
4931,693,2024-11-07,6.62,0.0,Hora extra paga
4932,693,2024-10-12,9.74,9.74,Banco de horas positivo
4933,694,2025-04-14,0.38,0.0,Hora extra paga
4934,694,2022-03-01,2.79,0.0,Compensação
4935,694,2025-11-13,2.09,0.0,Hora extra paga
4936,694,2022-03-17,3.03,3.03,Banco de horas positivo
4937,694,2022-08-18,0.65,0.0,Hora extra paga
4938,694,2022-04-09,3.65,3.65,Banco de horas positivo
4939,695,2024-06-04,3.53,0.0,Compensação
4940,695,2024-10-11,1.05,0.0,Hora extra paga
4941,695,2024-07-18,1.22,1.22,Banco de horas positivo
4942,695,2023-05-07,0.91,0.91,Banco de horas positivo
4943,695,2024-02-17,7.95,7.95,Banco de horas positivo
4944,695,2022-09-19,1.44,1.44,Banco de horas positivo
4945,695,2024-09-04,5.59,0.0,Hora extra paga
4946,695,2021-07-14,5.72,0.0,Hora extra paga
4947,697,2025-08-08,3.47,0.0,Hora extra paga
4948,697,2025-03-08,0.71,0.0,Hora extra paga
4949,697,2025-10-25,1.02,0.0,Hora extra paga
4950,698,2025-07-20,3.22,0.0,Compensação
4951,698,2024-07-08,9.73,0.0,Hora extra paga
4952,698,2024-01-09,3.69,0.0,Hora extra paga
4953,698,2023-10-31,1.07,0.0,Hora extra paga
4954,698,2025-07-16,1.91,1.91,Banco de horas positivo
4955,699,2022-05-14,1.29,1.29,Banco de horas positivo
4956,699,2024-12-01,4.14,0.0,Hora extra paga
4957,701,2024-02-18,4.13,0.0,Hora extra paga
4958,701,2023-02-04,1.89,0.0,Hora extra paga
4959,701,2024-07-08,2.62,0.0,Compensação
4960,701,2023-09-23,10.1,10.1,Banco de horas positivo
4961,701,2022-06-05,4.52,4.52,Banco de horas positivo
4962,701,2025-11-14,1.02,0.0,Compensação
4963,701,2022-05-30,1.52,0.0,Hora extra paga
4964,701,2021-10-02,5.1,5.1,Banco de horas positivo
4965,701,2024-06-12,1.89,0.0,Compensação
4966,701,2022-06-14,0.86,0.0,Hora extra paga
4967,701,2022-12-26,0.24,0.0,Hora extra paga
4968,701,2022-05-09,1.12,1.12,Banco de horas positivo
4969,701,2024-12-04,3.19,0.0,Compensação
4970,701,2023-09-07,7.01,7.01,Banco de horas positivo
4971,701,2025-02-25,5.58,0.0,Hora extra paga
4972,701,2023-09-12,5.19,0.0,Hora extra paga
4973,702,2021-05-08,2.25,0.0,Hora extra paga
4974,702,2024-12-16,12.0,12.0,Banco de horas positivo
4975,702,2025-07-12,4.01,0.0,Compensação
4976,702,2024-11-29,7.14,0.0,Compensação
4977,702,2023-02-24,7.0,0.0,Hora extra paga
4978,702,2024-07-20,3.55,3.55,Banco de horas positivo
4979,702,2022-03-04,6.14,0.0,Hora extra paga
4980,702,2022-12-05,1.64,0.0,Compensação
4981,702,2019-12-06,0.69,0.0,Hora extra paga
4982,703,2025-10-15,3.15,3.15,Banco de horas positivo
4983,703,2024-09-20,5.05,0.0,Hora extra paga
4984,703,2025-05-23,2.3,2.3,Banco de horas positivo
4985,703,2024-06-25,4.27,0.0,Hora extra paga
4986,703,2025-11-04,5.19,0.0,Hora extra paga
4987,703,2024-08-05,5.06,5.06,Banco de horas positivo
4988,703,2025-07-22,1.11,1.11,Banco de horas positivo
4989,703,2023-05-08,5.01,5.01,Banco de horas positivo
4990,703,2025-07-19,1.93,0.0,Hora extra paga
4991,703,2023-04-07,0.96,0.0,Hora extra paga
4992,703,2025-12-18,0.66,0.0,Hora extra paga
4993,703,2022-12-06,6.72,0.0,Hora extra paga
4994,703,2023-08-24,1.66,1.66,Banco de horas positivo
4995,703,2023-06-12,2.01,2.01,Banco de horas positivo
4996,703,2023-01-16,3.95,3.95,Banco de horas positivo
4997,703,2025-02-11,2.32,2.32,Banco de horas positivo
4998,704,2025-09-07,2.92,0.0,Hora extra paga
4999,704,2024-04-29,1.48,0.0,Hora extra paga
5000,704,2025-03-06,12.0,12.0,Banco de horas positivo
5001,705,2023-06-23,3.45,0.0,Hora extra paga
5002,705,2023-10-31,1.74,0.0,Compensação
5003,705,2024-09-26,7.18,7.18,Banco de horas positivo
5004,705,2024-02-11,4.86,0.0,Hora extra paga
5005,705,2025-08-05,3.64,3.64,Banco de horas positivo
5006,705,2023-07-09,0.91,0.0,Hora extra paga
5007,705,2025-08-26,5.91,0.0,Hora extra paga
5008,705,2023-02-21,2.01,2.01,Banco de horas positivo
5009,706,2022-10-08,0.47,0.47,Banco de horas positivo
5010,706,2025-02-19,2.32,0.0,Hora extra paga
5011,707,2025-06-19,1.75,1.75,Banco de horas positivo
5012,707,2025-03-05,0.97,0.0,Hora extra paga
5013,707,2023-11-20,1.28,1.28,Banco de horas positivo
5014,707,2023-09-06,2.95,2.95,Banco de horas positivo
5015,707,2024-01-20,5.64,5.64,Banco de horas positivo
5016,707,2022-10-06,6.23,0.0,Hora extra paga
5017,707,2023-09-13,3.1,3.1,Banco de horas positivo
5018,707,2023-05-14,1.45,1.45,Banco de horas positivo
5019,707,2024-08-05,5.7,5.7,Banco de horas positivo
5020,707,2024-12-28,3.18,0.0,Compensação
5021,707,2023-02-08,6.83,0.0,Hora extra paga
5022,707,2025-02-21,3.83,3.83,Banco de horas positivo
5023,707,2024-05-27,0.87,0.87,Banco de horas positivo
5024,708,2024-11-29,2.75,0.0,Hora extra paga
5025,708,2020-03-21,1.09,0.0,Hora extra paga
5026,708,2019-12-22,4.27,0.0,Hora extra paga
5027,708,2021-02-01,6.06,0.0,Hora extra paga
5028,708,2021-06-26,7.89,7.89,Banco de horas positivo
5029,708,2019-05-18,1.08,1.08,Banco de horas positivo
5030,708,2021-05-25,2.82,0.0,Hora extra paga
5031,708,2024-12-19,4.29,0.0,Hora extra paga
5032,708,2024-09-06,2.37,0.0,Hora extra paga
5033,709,2022-03-06,9.98,0.0,Hora extra paga
5034,709,2023-03-21,0.93,0.0,Hora extra paga
5035,709,2024-05-11,1.48,0.0,Hora extra paga
5036,709,2019-08-17,1.77,0.0,Hora extra paga
5037,709,2019-04-07,5.89,5.89,Banco de horas positivo
5038,709,2024-10-29,2.98,0.0,Hora extra paga
5039,709,2021-02-06,0.36,0.0,Hora extra paga
5040,709,2025-03-08,8.85,0.0,Hora extra paga
5041,710,2025-08-16,1.59,0.0,Hora extra paga
5042,710,2025-11-21,1.48,1.48,Banco de horas positivo
5043,710,2023-04-26,2.2,2.2,Banco de horas positivo
5044,710,2024-05-30,2.47,0.0,Compensação
5045,710,2024-10-03,1.61,0.0,Hora extra paga
5046,711,2020-04-04,4.68,0.0,Hora extra paga
5047,711,2020-05-20,2.15,0.0,Hora extra paga
5048,711,2022-01-01,4.68,0.0,Hora extra paga
5049,711,2021-04-24,0.4,0.0,Hora extra paga
5050,711,2025-02-14,4.24,0.0,Hora extra paga
5051,711,2025-05-18,2.96,0.0,Hora extra paga
5052,711,2020-08-28,2.53,0.0,Compensação
5053,711,2024-04-14,5.36,0.0,Hora extra paga
5054,712,2025-08-17,3.94,0.0,Hora extra paga
5055,713,2023-03-27,3.92,3.92,Banco de horas positivo
5056,713,2025-07-19,2.64,0.0,Hora extra paga
5057,713,2024-10-15,8.14,0.0,Hora extra paga
5058,713,2024-10-11,4.99,0.0,Compensação
5059,714,2025-03-04,8.31,0.0,Hora extra paga
5060,714,2020-12-09,4.26,4.26,Banco de horas positivo
5061,714,2021-02-02,1.73,1.73,Banco de horas positivo
5062,714,2022-10-20,1.67,1.67,Banco de horas positivo
5063,717,2020-04-19,2.69,2.69,Banco de horas positivo
5064,717,2022-10-22,3.39,0.0,Hora extra paga
5065,717,2024-12-14,2.03,0.0,Hora extra paga
5066,717,2025-05-02,3.39,0.0,Hora extra paga
5067,717,2019-07-12,6.45,0.0,Hora extra paga
5068,717,2024-07-04,5.04,0.0,Hora extra paga
5069,717,2019-06-06,7.73,7.73,Banco de horas positivo
5070,717,2022-11-13,3.11,0.0,Hora extra paga
5071,717,2021-06-26,3.56,0.0,Hora extra paga
5072,717,2020-09-18,1.85,0.0,Hora extra paga
5073,717,2023-09-21,2.35,2.35,Banco de horas positivo
5074,717,2019-07-09,3.01,3.01,Banco de horas positivo
5075,717,2020-08-28,2.14,2.14,Banco de horas positivo
5076,717,2020-08-30,5.25,0.0,Hora extra paga
5077,717,2025-10-01,3.29,0.0,Hora extra paga
5078,717,2021-12-31,1.37,1.37,Banco de horas positivo
5079,719,2020-12-19,3.75,0.0,Hora extra paga
5080,719,2020-03-10,2.22,0.0,Hora extra paga
5081,719,2022-11-11,6.0,0.0,Hora extra paga
5082,719,2021-06-25,3.01,0.0,Hora extra paga
5083,719,2025-05-23,4.35,4.35,Banco de horas positivo
5084,719,2023-07-10,5.74,0.0,Hora extra paga
5085,719,2021-07-31,6.61,6.61,Banco de horas positivo
5086,719,2023-08-10,1.47,1.47,Banco de horas positivo
5087,719,2023-12-29,2.31,0.0,Hora extra paga
5088,719,2021-06-07,4.11,0.0,Hora extra paga
5089,719,2022-10-20,2.42,2.42,Banco de horas positivo
5090,719,2024-11-09,4.06,4.06,Banco de horas positivo
5091,719,2020-07-19,3.85,3.85,Banco de horas positivo
5092,719,2020-09-25,5.44,5.44,Banco de horas positivo
5093,719,2023-10-02,1.25,1.25,Banco de horas positivo
5094,719,2021-03-16,1.63,1.63,Banco de horas positivo
5095,719,2025-09-15,0.42,0.42,Banco de horas positivo
5096,719,2021-06-14,1.24,0.0,Hora extra paga
5097,719,2020-07-20,8.76,0.0,Hora extra paga
5098,719,2023-04-02,6.25,0.0,Hora extra paga
5099,719,2023-10-01,7.21,0.0,Hora extra paga
5100,719,2020-10-03,12.0,0.0,Hora extra paga
5101,719,2021-08-05,4.63,0.0,Hora extra paga
5102,719,2023-06-07,4.28,4.28,Banco de horas positivo
5103,719,2022-06-15,6.12,6.12,Banco de horas positivo
5104,720,2023-09-02,0.64,0.0,Compensação
5105,720,2020-10-25,3.97,3.97,Banco de horas positivo
5106,720,2022-12-28,2.36,0.0,Hora extra paga
5107,720,2019-04-13,12.0,0.0,Compensação
5108,720,2022-05-07,10.71,0.0,Hora extra paga
5109,721,2024-12-02,0.68,0.0,Hora extra paga
5110,721,2025-06-21,4.95,0.0,Hora extra paga
5111,723,2025-09-11,4.24,0.0,Hora extra paga
5112,724,2025-05-25,3.65,3.65,Banco de horas positivo
5113,724,2024-07-31,1.13,1.13,Banco de horas positivo
5114,724,2025-01-25,4.84,4.84,Banco de horas positivo
5115,724,2025-02-17,2.68,0.0,Hora extra paga
5116,724,2024-05-25,3.98,0.0,Hora extra paga
5117,725,2023-10-26,4.78,0.0,Hora extra paga
5118,725,2019-10-09,1.13,0.0,Compensação
5119,725,2021-04-26,4.67,0.0,Hora extra paga
5120,725,2022-10-18,1.23,1.23,Banco de horas positivo
5121,725,2024-08-07,1.84,1.84,Banco de horas positivo
5122,725,2023-05-20,12.0,12.0,Banco de horas positivo
5123,725,2021-08-20,2.88,0.0,Hora extra paga
5124,726,2024-05-19,1.84,0.0,Hora extra paga
5125,727,2024-01-10,2.8,0.0,Hora extra paga
5126,727,2023-09-18,3.53,3.53,Banco de horas positivo
5127,727,2025-04-10,4.91,4.91,Banco de horas positivo
5128,727,2024-10-08,5.63,0.0,Hora extra paga
5129,727,2023-03-16,4.7,0.0,Hora extra paga
5130,727,2025-01-04,5.36,0.0,Hora extra paga
5131,728,2018-07-08,1.76,0.0,Hora extra paga
5132,728,2021-12-28,9.01,9.01,Banco de horas positivo
5133,728,2020-05-07,8.89,8.89,Banco de horas positivo
5134,728,2021-07-13,10.63,0.0,Hora extra paga
5135,728,2020-04-12,1.2,0.0,Compensação
5136,728,2023-05-18,8.1,0.0,Hora extra paga
5137,730,2023-07-30,7.41,0.0,Hora extra paga
5138,730,2019-10-07,2.37,0.0,Hora extra paga
5139,730,2022-11-12,3.81,3.81,Banco de horas positivo
5140,730,2025-11-06,3.73,0.0,Hora extra paga
5141,730,2022-01-09,4.52,4.52,Banco de horas positivo
5142,730,2023-10-20,1.11,0.0,Compensação
5143,730,2021-07-06,5.4,0.0,Hora extra paga
5144,730,2019-09-19,2.2,0.0,Compensação
5145,730,2022-07-02,2.88,2.88,Banco de horas positivo
5146,730,2023-01-29,1.22,1.22,Banco de horas positivo
5147,730,2022-12-18,8.96,0.0,Hora extra paga
5148,730,2021-06-08,1.59,0.0,Hora extra paga
5149,730,2025-04-23,2.76,2.76,Banco de horas positivo
5150,730,2024-03-20,10.8,0.0,Hora extra paga
5151,731,2024-11-03,12.0,0.0,Hora extra paga
5152,731,2022-09-12,5.4,0.0,Hora extra paga
5153,731,2023-08-29,0.52,0.0,Hora extra paga
5154,731,2023-08-08,5.12,0.0,Hora extra paga
5155,731,2022-04-21,1.66,0.0,Hora extra paga
5156,731,2022-03-23,7.71,0.0,Hora extra paga
5157,731,2023-10-14,4.15,0.0,Hora extra paga
5158,731,2023-04-14,2.3,0.0,Hora extra paga
5159,732,2025-05-02,5.82,0.0,Hora extra paga
5160,732,2025-07-16,2.75,0.0,Hora extra paga
5161,733,2022-11-20,2.44,2.44,Banco de horas positivo
5162,733,2023-05-26,1.76,0.0,Hora extra paga
5163,733,2025-06-30,8.53,0.0,Hora extra paga
5164,733,2023-12-29,7.19,7.19,Banco de horas positivo
5165,733,2025-04-16,2.25,2.25,Banco de horas positivo
5166,733,2025-05-16,8.28,0.0,Hora extra paga
5167,733,2023-09-01,1.73,1.73,Banco de horas positivo
5168,733,2025-03-17,1.98,0.0,Hora extra paga
5169,734,2019-06-10,2.79,0.0,Hora extra paga
5170,734,2020-11-24,5.71,0.0,Hora extra paga
5171,734,2025-03-26,2.22,0.0,Hora extra paga
5172,734,2025-10-16,5.12,0.0,Hora extra paga
5173,734,2023-11-08,4.95,0.0,Hora extra paga
5174,734,2023-05-14,6.99,0.0,Hora extra paga
5175,734,2023-09-20,12.0,0.0,Hora extra paga
5176,734,2019-03-06,5.99,0.0,Hora extra paga
5177,734,2022-12-21,3.84,0.0,Hora extra paga
5178,734,2021-12-02,4.34,4.34,Banco de horas positivo
5179,734,2022-06-07,7.73,7.73,Banco de horas positivo
5180,734,2021-02-09,0.91,0.0,Hora extra paga
5181,735,2024-02-17,6.14,0.0,Hora extra paga
5182,735,2021-09-01,3.42,0.0,Compensação
5183,735,2023-04-29,8.83,8.83,Banco de horas positivo
5184,735,2025-09-25,5.91,0.0,Hora extra paga
5185,735,2022-08-21,4.66,0.0,Hora extra paga
5186,735,2022-08-24,5.99,0.0,Hora extra paga
5187,735,2021-08-04,1.43,1.43,Banco de horas positivo
5188,735,2025-10-15,2.39,0.0,Hora extra paga
5189,735,2025-02-27,4.04,0.0,Hora extra paga
5190,735,2025-01-13,4.53,0.0,Hora extra paga
5191,735,2023-07-09,1.89,1.89,Banco de horas positivo
5192,735,2021-08-20,9.2,0.0,Hora extra paga
5193,735,2021-05-27,1.21,0.0,Hora extra paga
5194,735,2021-10-17,3.87,3.87,Banco de horas positivo
5195,735,2024-09-13,4.08,0.0,Compensação
5196,736,2025-10-31,1.89,0.0,Hora extra paga
5197,736,2025-09-01,1.1,0.0,Hora extra paga
5198,736,2025-07-27,3.41,0.0,Hora extra paga
5199,737,2022-03-24,0.94,0.0,Compensação
5200,737,2023-09-08,7.12,0.0,Hora extra paga
5201,737,2025-12-08,5.03,5.03,Banco de horas positivo
5202,737,2023-04-17,9.78,0.0,Hora extra paga
5203,737,2024-07-10,0.68,0.0,Hora extra paga
5204,737,2022-11-28,0.58,0.58,Banco de horas positivo
5205,737,2020-05-30,3.15,0.0,Hora extra paga
5206,737,2024-02-13,3.04,3.04,Banco de horas positivo
5207,737,2021-04-29,3.01,0.0,Hora extra paga
5208,737,2020-05-08,8.06,8.06,Banco de horas positivo
5209,737,2022-01-18,5.99,0.0,Hora extra paga
5210,737,2019-12-12,3.27,3.27,Banco de horas positivo
5211,737,2021-06-13,3.2,0.0,Hora extra paga
5212,737,2025-06-06,0.42,0.42,Banco de horas positivo
5213,737,2022-05-01,2.52,0.0,Hora extra paga
5214,737,2020-01-09,3.68,0.0,Hora extra paga
5215,737,2022-11-22,4.03,0.0,Compensação
5216,737,2021-07-13,1.83,0.0,Hora extra paga
5217,737,2025-05-22,2.99,0.0,Hora extra paga
5218,737,2024-08-21,1.49,0.0,Hora extra paga
5219,737,2022-04-09,0.97,0.97,Banco de horas positivo
5220,737,2024-08-31,3.27,3.27,Banco de horas positivo
5221,737,2021-06-09,7.07,0.0,Compensação
5222,737,2025-08-22,3.69,0.0,Hora extra paga
5223,737,2021-01-29,1.78,1.78,Banco de horas positivo
5224,738,2023-12-25,7.43,7.43,Banco de horas positivo
5225,738,2023-12-16,2.4,2.4,Banco de horas positivo
5226,738,2024-01-09,4.68,4.68,Banco de horas positivo
5227,738,2025-01-17,3.59,3.59,Banco de horas positivo
5228,738,2023-02-26,1.5,0.0,Compensação
5229,738,2025-06-21,3.2,0.0,Hora extra paga
5230,738,2025-10-01,1.41,0.0,Hora extra paga
5231,738,2023-10-17,1.13,1.13,Banco de horas positivo
5232,739,2024-12-27,1.99,0.0,Hora extra paga
5233,739,2024-03-20,7.3,0.0,Compensação
5234,739,2025-07-22,0.41,0.41,Banco de horas positivo
5235,739,2023-12-03,2.37,0.0,Hora extra paga
5236,740,2021-07-09,7.68,0.0,Hora extra paga
5237,740,2023-09-16,3.85,3.85,Banco de horas positivo
5238,740,2021-08-25,5.19,0.0,Hora extra paga
5239,740,2023-09-29,0.81,0.81,Banco de horas positivo
5240,740,2024-03-05,2.62,0.0,Hora extra paga
5241,740,2023-08-27,4.45,0.0,Hora extra paga
5242,740,2022-11-09,0.55,0.0,Hora extra paga
5243,741,2024-06-14,2.01,2.01,Banco de horas positivo
5244,741,2024-10-17,4.28,0.0,Hora extra paga
5245,741,2025-05-19,3.84,3.84,Banco de horas positivo
5246,741,2025-09-12,6.62,6.62,Banco de horas positivo
5247,741,2024-04-02,3.71,0.0,Hora extra paga
5248,742,2024-12-31,1.32,1.32,Banco de horas positivo
5249,742,2025-02-10,6.59,6.59,Banco de horas positivo
5250,742,2025-06-24,1.9,1.9,Banco de horas positivo
5251,742,2021-08-14,6.54,0.0,Hora extra paga
5252,742,2024-10-16,4.27,0.0,Hora extra paga
5253,742,2022-07-28,6.12,0.0,Hora extra paga
5254,742,2022-07-27,2.77,0.0,Hora extra paga
5255,743,2021-11-01,10.5,0.0,Hora extra paga
5256,743,2022-01-03,8.4,0.0,Compensação
5257,743,2023-04-13,6.86,0.0,Hora extra paga
5258,743,2023-10-24,0.9,0.0,Hora extra paga
5259,743,2020-07-23,4.4,0.0,Hora extra paga
5260,743,2022-06-10,6.71,0.0,Compensação
5261,743,2021-11-08,1.06,0.0,Hora extra paga
5262,743,2021-07-19,3.09,0.0,Hora extra paga
5263,743,2023-04-17,2.78,2.78,Banco de horas positivo
5264,743,2020-07-06,2.59,2.59,Banco de horas positivo
5265,743,2020-10-17,8.5,0.0,Hora extra paga
5266,744,2025-11-27,3.28,0.0,Hora extra paga
5267,744,2024-10-10,1.36,0.0,Hora extra paga
5268,745,2022-02-12,3.67,3.67,Banco de horas positivo
5269,745,2025-06-14,4.88,0.0,Hora extra paga
5270,745,2022-10-26,2.13,0.0,Hora extra paga
5271,745,2025-10-15,1.56,0.0,Hora extra paga
5272,745,2023-05-02,4.86,0.0,Hora extra paga
5273,745,2024-07-03,4.38,0.0,Hora extra paga
5274,745,2025-09-08,1.37,0.0,Hora extra paga
5275,745,2024-01-13,5.88,0.0,Hora extra paga
5276,745,2022-04-02,3.0,0.0,Hora extra paga
5277,745,2024-03-29,0.32,0.0,Hora extra paga
5278,746,2024-09-21,4.3,0.0,Hora extra paga
5279,746,2025-08-25,1.2,1.2,Banco de horas positivo
5280,746,2025-02-14,3.87,3.87,Banco de horas positivo
5281,746,2024-12-05,4.13,0.0,Hora extra paga
5282,746,2024-06-08,6.13,0.0,Hora extra paga
5283,747,2025-11-04,4.21,4.21,Banco de horas positivo
5284,747,2023-05-31,3.54,0.0,Hora extra paga
5285,747,2024-11-05,6.51,0.0,Hora extra paga
5286,747,2024-12-04,6.49,0.0,Hora extra paga
5287,747,2019-12-28,1.85,1.85,Banco de horas positivo
5288,747,2019-10-31,5.67,0.0,Hora extra paga
5289,747,2022-12-13,1.68,1.68,Banco de horas positivo
5290,747,2021-09-07,2.92,0.0,Hora extra paga
5291,747,2019-01-15,0.9,0.0,Hora extra paga
5292,747,2020-12-03,2.55,2.55,Banco de horas positivo
5293,747,2022-01-25,1.35,0.0,Hora extra paga
5294,748,2023-03-18,3.53,0.0,Hora extra paga
5295,748,2024-11-12,11.34,11.34,Banco de horas positivo
5296,748,2022-05-29,2.26,2.26,Banco de horas positivo
5297,748,2024-11-19,2.44,0.0,Compensação
5298,748,2024-10-22,0.58,0.58,Banco de horas positivo
5299,748,2023-03-12,2.28,0.0,Hora extra paga
5300,749,2025-07-05,0.71,0.71,Banco de horas positivo
5301,750,2025-04-27,4.45,0.0,Hora extra paga
5302,751,2025-06-04,1.84,0.0,Compensação
5303,751,2025-03-10,7.53,7.53,Banco de horas positivo
5304,751,2025-08-14,1.77,0.0,Hora extra paga
5305,751,2024-10-21,7.5,7.5,Banco de horas positivo
5306,752,2021-08-21,3.55,0.0,Hora extra paga
5307,752,2021-06-02,5.12,5.12,Banco de horas positivo
5308,752,2023-07-21,4.96,0.0,Hora extra paga
5309,752,2022-03-14,1.79,1.79,Banco de horas positivo
5310,752,2024-05-04,1.49,1.49,Banco de horas positivo
5311,752,2024-01-21,5.76,5.76,Banco de horas positivo
5312,752,2019-03-04,6.05,0.0,Hora extra paga
5313,752,2021-10-30,1.88,0.0,Hora extra paga
5314,752,2020-01-27,2.65,2.65,Banco de horas positivo
5315,752,2021-08-15,3.21,0.0,Hora extra paga
5316,752,2019-02-09,3.21,0.0,Hora extra paga
5317,752,2025-10-19,0.5,0.5,Banco de horas positivo
5318,753,2024-06-13,4.01,0.0,Compensação
5319,753,2024-09-24,9.63,9.63,Banco de horas positivo
5320,753,2025-05-24,1.9,0.0,Hora extra paga
5321,754,2022-06-25,6.49,0.0,Compensação
5322,754,2025-01-06,2.33,0.0,Hora extra paga
5323,754,2020-07-29,6.58,0.0,Hora extra paga
5324,754,2022-05-29,5.4,5.4,Banco de horas positivo
5325,754,2021-10-01,3.15,3.15,Banco de horas positivo
5326,755,2022-07-16,1.59,0.0,Hora extra paga
5327,755,2019-08-05,1.51,0.0,Compensação
5328,755,2022-01-04,4.01,0.0,Hora extra paga
5329,755,2021-01-24,1.14,1.14,Banco de horas positivo
5330,756,2019-12-19,8.96,0.0,Compensação
5331,756,2018-07-15,1.12,0.0,Hora extra paga
5332,756,2021-01-12,10.04,10.04,Banco de horas positivo
5333,756,2018-11-08,0.97,0.0,Hora extra paga
5334,756,2025-06-10,2.18,0.0,Compensação
5335,756,2020-01-02,1.87,0.0,Hora extra paga
5336,756,2020-09-13,12.0,0.0,Hora extra paga
5337,756,2019-01-18,4.37,4.37,Banco de horas positivo
5338,757,2025-04-03,1.2,0.0,Hora extra paga
5339,758,2024-06-26,5.18,5.18,Banco de horas positivo
5340,758,2022-10-28,0.79,0.79,Banco de horas positivo
5341,758,2023-05-09,6.68,0.0,Hora extra paga
5342,758,2023-06-01,1.29,0.0,Hora extra paga
5343,758,2021-07-30,3.45,0.0,Hora extra paga
5344,758,2020-11-12,3.45,0.0,Compensação
5345,758,2022-05-01,2.69,0.0,Hora extra paga
5346,758,2022-05-24,3.28,3.28,Banco de horas positivo
5347,758,2021-03-13,2.95,0.0,Hora extra paga
5348,758,2020-12-08,0.24,0.0,Hora extra paga
5349,758,2021-02-21,2.31,0.0,Hora extra paga
5350,758,2024-10-16,3.29,0.0,Hora extra paga
5351,758,2024-09-11,8.58,0.0,Hora extra paga
5352,759,2025-09-08,5.91,0.0,Hora extra paga
5353,759,2025-12-17,9.27,9.27,Banco de horas positivo
5354,759,2025-10-27,2.19,0.0,Hora extra paga
5355,759,2025-12-24,1.81,1.81,Banco de horas positivo
5356,759,2025-05-17,1.15,0.0,Hora extra paga
5357,759,2025-02-18,3.88,3.88,Banco de horas positivo
5358,761,2024-07-07,11.11,11.11,Banco de horas positivo
5359,761,2022-07-21,8.4,8.4,Banco de horas positivo
5360,761,2022-03-29,4.12,0.0,Hora extra paga
5361,761,2022-11-12,1.92,0.0,Hora extra paga
5362,761,2023-06-06,1.14,1.14,Banco de horas positivo
5363,761,2025-09-22,4.36,4.36,Banco de horas positivo
5364,763,2022-05-17,3.27,0.0,Hora extra paga
5365,763,2025-11-10,1.58,0.0,Hora extra paga
5366,763,2020-07-11,2.47,0.0,Hora extra paga
5367,763,2020-05-07,1.62,1.62,Banco de horas positivo
5368,763,2025-02-04,7.48,0.0,Compensação
5369,763,2023-02-25,2.25,2.25,Banco de horas positivo
5370,763,2020-10-15,3.75,0.0,Hora extra paga
5371,763,2021-04-20,4.9,0.0,Hora extra paga
5372,763,2021-04-19,4.23,4.23,Banco de horas positivo
5373,763,2022-10-15,2.41,0.0,Hora extra paga
5374,763,2025-10-13,2.46,2.46,Banco de horas positivo
5375,763,2024-11-26,2.5,2.5,Banco de horas positivo
5376,763,2019-12-31,4.24,0.0,Hora extra paga
5377,763,2025-12-09,6.02,0.0,Hora extra paga
5378,763,2025-01-02,1.49,0.0,Compensação
5379,763,2021-05-17,2.9,0.0,Hora extra paga
5380,765,2025-08-31,9.59,9.59,Banco de horas positivo
5381,766,2019-06-28,7.8,7.8,Banco de horas positivo
5382,767,2021-12-04,1.84,0.0,Hora extra paga
5383,767,2025-05-06,11.91,0.0,Hora extra paga
5384,767,2025-09-22,0.28,0.0,Hora extra paga
5385,767,2023-09-18,3.29,0.0,Hora extra paga
5386,767,2022-10-10,2.38,0.0,Hora extra paga
5387,767,2021-08-22,7.98,0.0,Hora extra paga
5388,767,2021-07-09,0.98,0.0,Hora extra paga
5389,767,2021-06-27,5.5,5.5,Banco de horas positivo
5390,767,2022-08-02,7.66,0.0,Hora extra paga
5391,769,2025-06-06,0.57,0.0,Hora extra paga
5392,770,2024-12-30,1.17,1.17,Banco de horas positivo
5393,770,2022-10-13,3.92,3.92,Banco de horas positivo
5394,770,2021-01-19,5.21,5.21,Banco de horas positivo
5395,770,2021-07-07,0.09,0.0,Hora extra paga
5396,770,2022-09-07,6.09,6.09,Banco de horas positivo
5397,770,2019-08-05,3.24,0.0,Compensação
5398,770,2022-05-29,3.48,3.48,Banco de horas positivo
5399,771,2025-08-27,1.4,0.0,Hora extra paga
5400,771,2025-05-20,1.83,1.83,Banco de horas positivo
5401,771,2025-07-16,9.19,0.0,Hora extra paga
5402,771,2022-12-18,1.4,0.0,Hora extra paga
5403,772,2021-12-04,4.52,4.52,Banco de horas positivo
5404,772,2022-08-14,4.15,0.0,Hora extra paga
5405,772,2021-09-21,10.61,10.61,Banco de horas positivo
5406,772,2021-09-29,1.3,0.0,Hora extra paga
5407,772,2022-12-09,2.65,0.0,Hora extra paga
5408,773,2025-07-10,4.53,0.0,Hora extra paga
5409,773,2024-12-10,4.03,4.03,Banco de horas positivo
5410,773,2023-05-06,3.15,0.0,Hora extra paga
5411,773,2023-04-20,4.65,0.0,Hora extra paga
5412,773,2023-09-28,4.44,0.0,Hora extra paga
5413,773,2024-01-21,2.53,2.53,Banco de horas positivo
5414,773,2024-04-09,4.02,0.0,Hora extra paga
5415,773,2024-09-03,2.06,0.0,Hora extra paga
5416,773,2024-05-29,1.77,0.0,Hora extra paga
5417,773,2023-06-24,3.33,0.0,Hora extra paga
5418,773,2025-02-16,1.13,0.0,Hora extra paga
5419,775,2024-06-02,2.72,0.0,Compensação
5420,775,2023-06-27,5.25,0.0,Hora extra paga
5421,775,2022-07-24,0.55,0.55,Banco de horas positivo
5422,775,2024-12-10,5.56,0.0,Hora extra paga
5423,775,2022-05-07,2.33,0.0,Hora extra paga
5424,775,2023-02-12,3.4,0.0,Hora extra paga
5425,775,2025-05-05,0.94,0.94,Banco de horas positivo
5426,775,2024-07-08,7.04,7.04,Banco de horas positivo
5427,775,2024-10-17,0.93,0.93,Banco de horas positivo
5428,776,2021-08-05,4.06,4.06,Banco de horas positivo
5429,776,2020-04-26,1.2,0.0,Hora extra paga
5430,776,2021-05-22,4.9,0.0,Hora extra paga
5431,776,2020-01-31,9.19,0.0,Compensação
5432,776,2020-01-18,2.52,0.0,Hora extra paga
5433,776,2023-06-14,8.81,8.81,Banco de horas positivo
5434,776,2022-05-05,3.16,0.0,Compensação
5435,776,2024-01-28,2.57,0.0,Hora extra paga
5436,776,2024-05-02,1.56,1.56,Banco de horas positivo
5437,776,2021-03-18,1.11,1.11,Banco de horas positivo
5438,776,2020-06-23,0.83,0.83,Banco de horas positivo
5439,776,2023-09-25,3.88,0.0,Hora extra paga
5440,777,2024-03-26,4.18,0.0,Hora extra paga
5441,777,2025-06-05,0.81,0.81,Banco de horas positivo
5442,777,2023-04-22,12.0,0.0,Hora extra paga
5443,777,2023-03-10,7.09,7.09,Banco de horas positivo
5444,777,2025-01-12,5.22,0.0,Hora extra paga
5445,777,2025-09-27,2.9,0.0,Hora extra paga
5446,778,2024-03-29,3.26,0.0,Hora extra paga
5447,778,2025-09-09,5.14,0.0,Hora extra paga
5448,778,2022-06-02,4.95,0.0,Hora extra paga
5449,778,2019-03-30,1.62,1.62,Banco de horas positivo
5450,778,2019-07-31,8.87,8.87,Banco de horas positivo
5451,778,2019-12-25,2.47,0.0,Hora extra paga
5452,778,2024-06-16,2.37,2.37,Banco de horas positivo
5453,778,2021-08-20,5.37,0.0,Hora extra paga
5454,778,2020-06-09,2.29,0.0,Hora extra paga
5455,778,2022-08-25,3.92,0.0,Hora extra paga
5456,780,2020-01-11,1.66,0.0,Hora extra paga
5457,780,2020-03-07,1.69,0.0,Hora extra paga
5458,780,2025-01-23,4.0,0.0,Hora extra paga
5459,780,2022-04-25,2.65,2.65,Banco de horas positivo
5460,780,2025-01-24,5.93,0.0,Hora extra paga
5461,780,2020-11-22,2.81,0.0,Hora extra paga
5462,780,2022-01-06,5.81,0.0,Hora extra paga
5463,780,2020-04-11,1.42,0.0,Hora extra paga
5464,781,2025-10-22,7.42,7.42,Banco de horas positivo
5465,781,2025-07-10,4.84,4.84,Banco de horas positivo
5466,781,2025-02-16,9.28,9.28,Banco de horas positivo
5467,782,2023-10-21,1.79,0.0,Hora extra paga
5468,783,2022-09-16,5.71,0.0,Hora extra paga
5469,783,2022-10-18,1.34,0.0,Hora extra paga
5470,783,2023-05-01,10.9,10.9,Banco de horas positivo
5471,783,2025-03-20,4.98,0.0,Hora extra paga
5472,784,2022-06-21,5.4,5.4,Banco de horas positivo
5473,784,2024-07-20,3.16,0.0,Hora extra paga
5474,784,2018-08-30,2.92,0.0,Hora extra paga
5475,784,2023-11-30,1.09,1.09,Banco de horas positivo
5476,784,2023-07-02,2.11,2.11,Banco de horas positivo
5477,784,2019-01-18,0.63,0.0,Hora extra paga
5478,784,2025-07-19,9.55,0.0,Hora extra paga
5479,784,2022-07-28,3.38,3.38,Banco de horas positivo
5480,784,2023-10-05,7.22,0.0,Hora extra paga
5481,784,2019-10-19,0.59,0.0,Hora extra paga
5482,785,2022-11-26,2.05,0.0,Hora extra paga
5483,785,2022-07-14,8.46,8.46,Banco de horas positivo
5484,785,2022-01-01,2.31,0.0,Hora extra paga
5485,786,2025-09-23,0.81,0.0,Hora extra paga
5486,787,2025-11-17,1.9,0.0,Compensação
5487,787,2022-09-07,1.09,0.0,Hora extra paga
5488,787,2023-01-13,1.28,1.28,Banco de horas positivo
5489,787,2025-03-29,1.75,0.0,Hora extra paga
5490,787,2025-08-07,2.85,0.0,Hora extra paga
5491,787,2022-10-30,6.04,0.0,Compensação
5492,787,2025-06-06,7.44,0.0,Compensação
5493,787,2023-07-19,5.89,0.0,Compensação
5494,787,2025-09-14,1.4,0.0,Hora extra paga
5495,787,2021-11-21,0.97,0.0,Hora extra paga
5496,788,2023-03-06,2.13,0.0,Hora extra paga
5497,788,2022-02-05,2.44,0.0,Compensação
5498,788,2023-05-21,4.33,4.33,Banco de horas positivo
5499,788,2022-04-04,4.22,0.0,Hora extra paga
5500,788,2023-04-28,3.29,3.29,Banco de horas positivo
5501,788,2021-12-24,3.16,3.16,Banco de horas positivo
5502,789,2022-10-08,2.45,2.45,Banco de horas positivo
5503,789,2020-02-23,4.5,4.5,Banco de horas positivo
5504,789,2022-08-30,6.22,0.0,Hora extra paga
5505,789,2021-07-20,8.64,0.0,Hora extra paga
5506,790,2022-11-27,1.72,0.0,Hora extra paga
5507,790,2022-03-21,4.67,0.0,Hora extra paga
5508,790,2024-01-14,1.57,0.0,Compensação
5509,790,2020-01-28,2.44,0.0,Hora extra paga
5510,790,2021-02-03,2.17,0.0,Hora extra paga
5511,790,2021-12-31,4.75,0.0,Hora extra paga
5512,790,2022-11-08,6.04,6.04,Banco de horas positivo
5513,790,2022-10-04,2.26,0.0,Compensação
5514,790,2020-12-12,4.08,0.0,Hora extra paga
5515,790,2021-07-13,0.6,0.0,Hora extra paga
5516,790,2023-07-07,1.96,0.0,Hora extra paga
5517,790,2021-02-01,1.75,1.75,Banco de horas positivo
5518,790,2020-07-06,4.1,4.1,Banco de horas positivo
5519,790,2023-12-05,2.5,2.5,Banco de horas positivo
5520,790,2019-08-24,4.2,4.2,Banco de horas positivo
5521,790,2021-02-01,0.62,0.62,Banco de horas positivo
5522,790,2023-04-24,1.9,0.0,Hora extra paga
5523,790,2021-07-02,5.81,0.0,Compensação
5524,790,2021-11-17,0.39,0.0,Compensação
5525,791,2022-12-03,0.45,0.45,Banco de horas positivo
5526,791,2020-10-26,2.71,0.0,Hora extra paga
5527,791,2021-06-27,6.25,0.0,Hora extra paga
5528,791,2020-02-01,2.24,0.0,Hora extra paga
5529,792,2025-12-30,2.22,2.22,Banco de horas positivo
5530,792,2025-07-24,4.57,0.0,Hora extra paga
5531,792,2025-08-10,2.57,0.0,Hora extra paga
5532,792,2025-10-21,2.88,2.88,Banco de horas positivo
5533,792,2025-11-04,5.3,0.0,Hora extra paga
5534,793,2020-07-23,1.23,0.0,Hora extra paga
5535,793,2022-10-02,3.26,3.26,Banco de horas positivo
5536,793,2025-06-16,6.78,0.0,Hora extra paga
5537,793,2018-10-16,0.76,0.0,Hora extra paga
5538,793,2020-11-14,4.72,4.72,Banco de horas positivo
5539,793,2020-08-02,0.23,0.0,Compensação
5540,793,2023-04-04,6.05,6.05,Banco de horas positivo
5541,793,2025-09-24,4.0,0.0,Hora extra paga
5542,793,2025-07-21,2.12,0.0,Hora extra paga
5543,794,2023-04-05,5.32,0.0,Hora extra paga
5544,794,2022-11-03,1.62,0.0,Hora extra paga
5545,794,2020-05-10,2.67,2.67,Banco de horas positivo
5546,794,2021-10-26,2.18,2.18,Banco de horas positivo
5547,794,2020-10-05,10.06,0.0,Hora extra paga
5548,794,2024-07-28,6.3,6.3,Banco de horas positivo
5549,794,2023-11-20,0.83,0.83,Banco de horas positivo
5550,794,2020-03-08,1.83,0.0,Hora extra paga
5551,794,2024-07-09,0.73,0.0,Compensação
5552,794,2022-08-31,2.45,0.0,Compensação
5553,794,2025-07-19,5.3,0.0,Hora extra paga
5554,794,2019-07-27,2.74,2.74,Banco de horas positivo
5555,794,2020-10-19,4.59,4.59,Banco de horas positivo
5556,794,2022-05-01,2.82,0.0,Hora extra paga
5557,794,2023-03-02,9.36,9.36,Banco de horas positivo
5558,794,2023-04-29,3.3,3.3,Banco de horas positivo
5559,794,2025-11-07,10.46,0.0,Hora extra paga
5560,794,2025-05-10,2.01,0.0,Hora extra paga
5561,795,2022-10-20,3.21,0.0,Hora extra paga
5562,797,2024-02-24,8.34,8.34,Banco de horas positivo
5563,797,2024-11-27,6.52,6.52,Banco de horas positivo
5564,797,2023-12-09,1.69,0.0,Hora extra paga
5565,797,2024-03-15,1.17,0.0,Hora extra paga
5566,798,2020-05-12,2.7,2.7,Banco de horas positivo
5567,798,2020-05-14,0.86,0.0,Hora extra paga
5568,798,2025-08-16,5.89,0.0,Hora extra paga
5569,799,2020-07-07,5.12,5.12,Banco de horas positivo
5570,799,2022-11-11,4.64,4.64,Banco de horas positivo
5571,799,2025-04-19,9.11,9.11,Banco de horas positivo
5572,799,2025-10-18,2.15,0.0,Compensação
5573,799,2020-04-18,7.05,0.0,Hora extra paga
5574,799,2021-03-11,2.47,2.47,Banco de horas positivo
5575,799,2024-02-05,6.2,0.0,Hora extra paga
5576,799,2025-05-03,2.5,2.5,Banco de horas positivo
5577,800,2025-11-20,3.02,3.02,Banco de horas positivo
5578,800,2023-03-21,2.46,2.46,Banco de horas positivo
5579,800,2025-03-13,2.44,2.44,Banco de horas positivo
5580,800,2024-11-21,6.48,0.0,Hora extra paga
5581,800,2022-07-20,5.46,0.0,Hora extra paga
5582,801,2025-10-21,1.78,1.78,Banco de horas positivo
5583,801,2024-06-08,3.33,0.0,Hora extra paga
5584,801,2022-08-29,4.44,0.0,Hora extra paga
5585,801,2025-03-02,5.54,5.54,Banco de horas positivo
5586,802,2024-12-12,3.55,0.0,Hora extra paga
5587,802,2024-08-03,1.87,1.87,Banco de horas positivo
5588,802,2025-08-10,1.53,1.53,Banco de horas positivo
5589,802,2025-11-07,3.95,0.0,Hora extra paga
5590,802,2025-12-08,2.1,0.0,Hora extra paga
5591,802,2024-10-30,6.72,0.0,Hora extra paga
5592,802,2025-04-12,1.55,1.55,Banco de horas positivo
5593,803,2023-09-21,2.86,2.86,Banco de horas positivo
5594,803,2020-06-02,4.06,4.06,Banco de horas positivo
5595,803,2021-05-25,1.08,1.08,Banco de horas positivo
5596,803,2024-03-12,5.02,0.0,Compensação
5597,803,2023-04-02,6.68,0.0,Compensação
5598,803,2019-08-28,2.53,0.0,Hora extra paga
5599,803,2019-02-08,0.86,0.0,Compensação
5600,803,2024-08-09,1.05,1.05,Banco de horas positivo
5601,803,2024-11-21,7.13,0.0,Compensação
5602,803,2022-01-06,1.63,0.0,Hora extra paga
5603,803,2022-06-30,5.87,5.87,Banco de horas positivo
5604,803,2024-02-11,4.45,0.0,Hora extra paga
5605,803,2021-11-25,1.14,1.14,Banco de horas positivo
5606,803,2019-04-06,9.68,0.0,Hora extra paga
5607,803,2024-09-23,8.29,0.0,Hora extra paga
5608,803,2021-08-02,9.34,9.34,Banco de horas positivo
5609,803,2023-11-30,12.0,12.0,Banco de horas positivo
5610,803,2025-04-01,5.57,5.57,Banco de horas positivo
5611,803,2019-12-28,3.6,3.6,Banco de horas positivo
5612,803,2025-04-30,1.03,0.0,Hora extra paga
5613,803,2020-03-23,0.61,0.61,Banco de horas positivo
5614,803,2025-05-30,0.62,0.0,Hora extra paga
5615,804,2019-05-17,5.12,5.12,Banco de horas positivo
5616,804,2024-07-05,4.14,0.0,Hora extra paga
5617,804,2022-04-12,4.12,4.12,Banco de horas positivo
5618,804,2025-12-16,4.46,0.0,Hora extra paga
5619,804,2025-05-15,8.24,8.24,Banco de horas positivo
5620,804,2020-06-22,0.86,0.86,Banco de horas positivo
5621,804,2019-12-21,3.28,0.0,Hora extra paga
5622,804,2023-11-29,3.37,0.0,Hora extra paga
5623,804,2022-05-19,1.96,0.0,Hora extra paga
5624,804,2019-07-01,1.73,1.73,Banco de horas positivo
5625,804,2019-07-29,4.1,4.1,Banco de horas positivo
5626,804,2023-07-15,5.16,0.0,Hora extra paga
5627,804,2025-05-31,5.21,0.0,Hora extra paga
5628,804,2024-12-10,2.36,0.0,Hora extra paga
5629,804,2021-04-08,1.29,0.0,Compensação
5630,804,2023-06-01,0.67,0.0,Compensação
5631,804,2025-10-29,4.33,4.33,Banco de horas positivo
5632,804,2020-06-10,4.87,0.0,Hora extra paga
5633,804,2021-03-22,3.94,0.0,Hora extra paga
5634,806,2022-03-21,6.61,0.0,Hora extra paga
5635,806,2021-02-22,4.29,0.0,Hora extra paga
5636,806,2021-09-08,6.14,0.0,Hora extra paga
5637,806,2024-08-15,7.74,7.74,Banco de horas positivo
5638,806,2021-07-30,3.09,0.0,Hora extra paga
5639,806,2024-04-12,2.23,0.0,Hora extra paga
5640,807,2022-06-26,6.3,0.0,Hora extra paga
5641,807,2022-01-06,4.56,4.56,Banco de horas positivo
5642,807,2022-07-08,4.4,0.0,Hora extra paga
5643,807,2021-05-15,0.79,0.79,Banco de horas positivo
5644,807,2022-09-03,1.0,0.0,Hora extra paga
5645,808,2020-04-13,8.74,0.0,Hora extra paga
5646,808,2019-10-30,5.27,0.0,Hora extra paga
5647,808,2021-01-09,5.59,0.0,Compensação
5648,808,2024-12-13,1.63,0.0,Hora extra paga
5649,808,2024-06-06,3.57,0.0,Hora extra paga
5650,808,2023-02-11,2.89,0.0,Hora extra paga
5651,809,2023-10-18,2.98,2.98,Banco de horas positivo
5652,809,2023-07-19,1.68,1.68,Banco de horas positivo
5653,809,2024-06-06,1.64,0.0,Hora extra paga
5654,810,2022-11-22,2.06,0.0,Hora extra paga
5655,810,2022-09-03,2.59,0.0,Hora extra paga
5656,810,2025-11-06,1.82,0.0,Hora extra paga
5657,810,2021-11-23,2.48,0.0,Hora extra paga
5658,810,2022-10-14,6.47,6.47,Banco de horas positivo
5659,811,2021-06-02,7.54,0.0,Hora extra paga
5660,811,2021-12-24,4.63,4.63,Banco de horas positivo
5661,811,2022-03-02,0.81,0.81,Banco de horas positivo
5662,811,2025-03-20,5.43,5.43,Banco de horas positivo
5663,811,2025-02-14,4.5,0.0,Hora extra paga
5664,811,2023-10-21,12.0,12.0,Banco de horas positivo
5665,811,2024-11-23,0.73,0.0,Hora extra paga
5666,811,2025-03-18,5.22,0.0,Hora extra paga
5667,811,2021-11-17,2.01,0.0,Compensação
5668,811,2025-11-27,1.67,0.0,Hora extra paga
5669,811,2021-02-16,0.92,0.0,Hora extra paga
5670,812,2024-09-28,1.21,0.0,Hora extra paga
5671,812,2024-07-28,10.16,0.0,Hora extra paga
5672,812,2022-09-27,7.34,0.0,Hora extra paga
5673,813,2022-02-13,1.55,1.55,Banco de horas positivo
5674,813,2022-03-25,3.43,0.0,Hora extra paga
5675,813,2019-10-23,8.55,0.0,Hora extra paga
5676,813,2020-06-20,5.45,0.0,Compensação
5677,813,2020-01-07,5.21,0.0,Hora extra paga
5678,813,2019-12-28,1.15,1.15,Banco de horas positivo
5679,813,2025-12-08,3.12,0.0,Hora extra paga
5680,813,2025-08-09,2.65,2.65,Banco de horas positivo
5681,813,2024-01-05,3.03,3.03,Banco de horas positivo
5682,813,2022-07-29,4.75,4.75,Banco de horas positivo
5683,813,2023-01-21,5.56,0.0,Hora extra paga
5684,813,2024-04-22,4.06,0.0,Hora extra paga
5685,813,2024-11-14,2.56,0.0,Hora extra paga
5686,813,2022-06-21,4.6,0.0,Hora extra paga
5687,815,2022-11-07,7.2,7.2,Banco de horas positivo
5688,815,2022-03-05,8.07,0.0,Hora extra paga
5689,816,2025-03-10,1.25,1.25,Banco de horas positivo
5690,816,2023-06-27,6.32,0.0,Hora extra paga
5691,816,2023-06-26,1.55,0.0,Compensação
5692,817,2023-10-30,0.12,0.0,Hora extra paga
5693,817,2023-11-09,5.57,5.57,Banco de horas positivo
5694,817,2024-02-20,1.35,0.0,Hora extra paga
5695,817,2025-03-29,1.06,0.0,Hora extra paga
5696,817,2025-04-18,3.21,0.0,Hora extra paga
5697,817,2024-02-13,6.63,0.0,Hora extra paga
5698,817,2021-06-09,0.43,0.0,Hora extra paga
5699,817,2021-08-12,1.88,0.0,Hora extra paga
5700,817,2022-05-07,1.19,1.19,Banco de horas positivo
5701,817,2021-08-07,2.69,0.0,Hora extra paga
5702,817,2023-03-18,7.12,7.12,Banco de horas positivo
5703,817,2025-05-29,6.45,0.0,Hora extra paga
5704,817,2020-12-12,1.91,0.0,Hora extra paga
5705,817,2021-01-23,4.7,0.0,Hora extra paga
5706,817,2024-03-08,3.78,3.78,Banco de horas positivo
5707,817,2025-09-24,2.84,0.0,Hora extra paga
5708,818,2024-09-21,1.99,0.0,Hora extra paga
5709,818,2025-07-17,3.7,3.7,Banco de horas positivo
5710,819,2025-06-16,2.92,0.0,Hora extra paga
5711,819,2025-12-23,10.63,0.0,Compensação
5712,819,2025-12-11,1.79,0.0,Hora extra paga
5713,819,2025-08-16,2.56,0.0,Hora extra paga
5714,820,2022-09-24,2.25,0.0,Hora extra paga
5715,821,2025-03-15,1.85,1.85,Banco de horas positivo
5716,822,2023-08-27,5.09,5.09,Banco de horas positivo
5717,822,2025-03-08,3.89,0.0,Hora extra paga
5718,822,2024-08-25,7.07,0.0,Hora extra paga
5719,822,2023-10-30,5.59,5.59,Banco de horas positivo
5720,822,2025-11-18,12.0,0.0,Hora extra paga
5721,822,2024-07-17,3.09,0.0,Hora extra paga
5722,823,2024-11-10,8.45,8.45,Banco de horas positivo
5723,823,2025-05-13,5.06,0.0,Hora extra paga
5724,823,2023-12-18,6.43,0.0,Hora extra paga
5725,823,2024-06-22,1.26,0.0,Hora extra paga
5726,823,2023-09-07,1.08,1.08,Banco de horas positivo
5727,823,2025-12-31,2.18,0.0,Compensação
5728,823,2025-01-13,1.15,1.15,Banco de horas positivo
5729,824,2025-10-16,2.7,2.7,Banco de horas positivo
5730,824,2025-06-17,1.5,0.0,Hora extra paga
5731,824,2025-11-26,2.83,2.83,Banco de horas positivo
5732,824,2024-04-18,5.45,0.0,Hora extra paga
5733,824,2025-04-05,2.44,2.44,Banco de horas positivo
5734,826,2021-08-05,4.18,0.0,Hora extra paga
5735,826,2024-07-31,2.56,2.56,Banco de horas positivo
5736,826,2025-08-27,5.69,0.0,Hora extra paga
5737,826,2023-06-07,12.0,0.0,Compensação
5738,826,2023-03-24,4.19,0.0,Hora extra paga
5739,827,2025-07-27,0.46,0.46,Banco de horas positivo
5740,827,2022-12-26,3.15,0.0,Hora extra paga
5741,827,2025-08-05,5.38,5.38,Banco de horas positivo
5742,827,2024-11-27,0.22,0.0,Hora extra paga
5743,827,2025-03-20,2.49,2.49,Banco de horas positivo
5744,827,2023-12-21,0.74,0.0,Hora extra paga
5745,827,2024-09-13,4.24,0.0,Hora extra paga
5746,827,2023-11-24,1.03,0.0,Hora extra paga
5747,828,2019-04-01,3.27,0.0,Compensação
5748,828,2019-04-21,7.79,0.0,Hora extra paga
5749,828,2019-02-24,2.87,0.0,Hora extra paga
5750,828,2022-05-14,3.05,3.05,Banco de horas positivo
5751,828,2022-04-29,3.63,3.63,Banco de horas positivo
5752,828,2021-11-27,0.68,0.0,Hora extra paga
5753,828,2020-07-28,2.6,2.6,Banco de horas positivo
5754,828,2020-03-31,4.63,0.0,Hora extra paga
5755,828,2020-06-01,3.56,0.0,Hora extra paga
5756,828,2021-06-15,8.08,8.08,Banco de horas positivo
5757,829,2021-08-26,7.02,0.0,Hora extra paga
5758,829,2021-05-28,2.06,0.0,Hora extra paga
5759,829,2023-01-22,0.12,0.0,Compensação
5760,829,2025-04-26,2.53,2.53,Banco de horas positivo
5761,829,2021-03-30,1.88,0.0,Hora extra paga
5762,829,2021-05-25,1.71,0.0,Hora extra paga
5763,830,2023-06-08,2.45,0.0,Compensação
5764,830,2025-06-13,4.36,0.0,Hora extra paga
5765,830,2020-12-23,3.01,0.0,Compensação
5766,830,2022-04-14,0.52,0.0,Hora extra paga
5767,831,2023-07-25,1.14,0.0,Hora extra paga
5768,831,2025-02-28,2.59,0.0,Hora extra paga
5769,831,2024-12-30,3.08,3.08,Banco de horas positivo
5770,831,2024-11-10,5.76,5.76,Banco de horas positivo
5771,831,2025-02-11,1.45,0.0,Hora extra paga
5772,831,2024-05-04,6.26,6.26,Banco de horas positivo
5773,831,2025-04-01,2.11,0.0,Hora extra paga
5774,834,2019-12-02,0.86,0.0,Compensação
5775,835,2022-09-13,2.25,2.25,Banco de horas positivo
5776,835,2023-08-30,2.64,2.64,Banco de horas positivo
5777,835,2021-08-23,4.57,0.0,Hora extra paga
5778,835,2025-02-08,4.21,4.21,Banco de horas positivo
5779,835,2024-01-25,1.49,0.0,Hora extra paga
5780,835,2025-05-13,0.35,0.0,Hora extra paga
5781,835,2022-08-01,2.67,2.67,Banco de horas positivo
5782,835,2021-09-10,5.0,5.0,Banco de horas positivo
5783,835,2020-12-14,4.39,0.0,Hora extra paga
5784,835,2021-11-29,2.9,0.0,Hora extra paga
5785,835,2024-06-01,3.06,0.0,Hora extra paga
5786,835,2022-04-23,1.63,1.63,Banco de horas positivo
5787,835,2025-05-13,6.2,6.2,Banco de horas positivo
5788,835,2025-08-09,0.55,0.0,Compensação
5789,835,2024-07-30,0.83,0.83,Banco de horas positivo
5790,835,2020-12-01,8.22,0.0,Hora extra paga
5791,835,2021-03-27,1.0,0.0,Hora extra paga
5792,835,2022-11-20,0.26,0.0,Hora extra paga
5793,835,2021-12-28,1.74,0.0,Hora extra paga
5794,835,2022-09-01,2.33,0.0,Compensação
5795,836,2024-06-19,8.4,0.0,Hora extra paga
5796,836,2024-09-06,2.75,0.0,Hora extra paga
5797,836,2025-06-10,5.83,0.0,Hora extra paga
5798,836,2025-06-06,3.1,0.0,Hora extra paga
5799,836,2023-04-18,0.92,0.92,Banco de horas positivo
5800,837,2025-02-24,11.47,0.0,Hora extra paga
5801,837,2024-06-13,2.51,0.0,Hora extra paga
5802,837,2024-10-01,4.39,0.0,Hora extra paga
5803,837,2025-11-14,1.35,0.0,Compensação
5804,838,2024-06-15,2.52,2.52,Banco de horas positivo
5805,838,2024-08-22,3.46,0.0,Hora extra paga
5806,838,2024-08-01,4.14,0.0,Hora extra paga
5807,838,2025-04-27,1.43,1.43,Banco de horas positivo
5808,839,2024-10-21,0.97,0.97,Banco de horas positivo
5809,839,2024-10-31,4.24,0.0,Hora extra paga
5810,840,2023-09-07,1.16,0.0,Hora extra paga
5811,840,2023-02-25,2.83,0.0,Hora extra paga
5812,840,2023-05-22,2.89,2.89,Banco de horas positivo
5813,840,2023-03-07,6.63,6.63,Banco de horas positivo
5814,840,2025-12-09,3.16,0.0,Hora extra paga
5815,840,2023-08-17,2.22,0.0,Hora extra paga
5816,840,2024-05-07,1.88,0.0,Compensação
5817,840,2022-12-10,2.67,2.67,Banco de horas positivo
5818,840,2023-08-20,11.3,11.3,Banco de horas positivo
5819,841,2024-11-12,3.94,0.0,Compensação
5820,842,2025-06-09,7.97,7.97,Banco de horas positivo
5821,843,2023-09-26,8.14,0.0,Hora extra paga
5822,843,2022-09-27,1.09,1.09,Banco de horas positivo
5823,843,2022-09-13,3.32,0.0,Hora extra paga
5824,843,2022-12-08,5.95,5.95,Banco de horas positivo
5825,843,2023-10-02,5.35,0.0,Hora extra paga
5826,843,2023-07-26,2.63,0.0,Hora extra paga
5827,843,2023-02-14,4.89,0.0,Hora extra paga
5828,843,2022-04-26,7.84,0.0,Hora extra paga
5829,844,2022-01-20,3.49,0.0,Compensação
5830,844,2022-05-24,12.0,0.0,Hora extra paga
5831,844,2022-01-16,1.21,0.0,Hora extra paga
5832,845,2024-10-20,4.9,4.9,Banco de horas positivo
5833,846,2024-06-30,1.11,1.11,Banco de horas positivo
5834,846,2023-06-18,4.6,0.0,Hora extra paga
5835,846,2024-04-29,2.09,0.0,Compensação
5836,846,2021-11-29,2.87,2.87,Banco de horas positivo
5837,846,2024-04-21,1.48,0.0,Hora extra paga
5838,846,2022-12-27,3.2,3.2,Banco de horas positivo
5839,846,2025-05-19,3.25,0.0,Hora extra paga
5840,846,2023-05-05,6.31,0.0,Hora extra paga
5841,846,2022-04-13,3.65,0.0,Hora extra paga
5842,846,2024-02-21,7.17,0.0,Hora extra paga
5843,846,2022-10-17,1.92,1.92,Banco de horas positivo
5844,846,2025-12-12,1.55,0.0,Hora extra paga
5845,846,2023-07-13,0.29,0.29,Banco de horas positivo
5846,846,2025-02-02,8.2,0.0,Compensação
5847,846,2022-08-07,1.26,1.26,Banco de horas positivo
5848,847,2025-07-29,7.46,7.46,Banco de horas positivo
5849,848,2025-09-22,2.65,2.65,Banco de horas positivo
5850,849,2021-01-31,2.35,2.35,Banco de horas positivo
5851,849,2021-10-14,0.85,0.0,Hora extra paga
5852,849,2023-02-26,4.48,0.0,Hora extra paga
5853,849,2024-05-22,3.81,3.81,Banco de horas positivo
5854,849,2019-06-28,3.24,3.24,Banco de horas positivo
5855,849,2019-05-22,12.0,0.0,Hora extra paga
5856,849,2022-08-06,3.27,0.0,Hora extra paga
5857,849,2020-04-09,2.69,0.0,Hora extra paga
5858,849,2021-01-30,0.81,0.0,Hora extra paga
5859,849,2020-05-09,10.3,0.0,Compensação
5860,849,2025-07-28,1.41,0.0,Hora extra paga
5861,849,2020-11-09,7.3,7.3,Banco de horas positivo
5862,849,2025-06-24,3.76,0.0,Hora extra paga
5863,849,2023-01-06,3.47,0.0,Hora extra paga
5864,849,2020-06-30,2.69,2.69,Banco de horas positivo
5865,849,2025-06-13,3.84,0.0,Compensação
5866,849,2020-08-05,1.85,1.85,Banco de horas positivo
5867,849,2023-12-27,2.09,0.0,Hora extra paga
5868,849,2020-01-27,7.48,7.48,Banco de horas positivo
5869,849,2021-04-10,1.54,1.54,Banco de horas positivo
5870,849,2022-12-18,0.77,0.0,Hora extra paga
5871,849,2023-03-05,1.4,0.0,Hora extra paga
5872,850,2025-11-16,5.03,5.03,Banco de horas positivo
5873,851,2022-11-02,2.47,0.0,Hora extra paga
5874,851,2024-05-06,1.64,0.0,Compensação
5875,852,2024-02-02,1.22,0.0,Compensação
5876,852,2020-11-29,7.99,0.0,Hora extra paga
5877,852,2019-12-26,6.59,6.59,Banco de horas positivo
5878,852,2020-04-24,7.67,0.0,Hora extra paga
5879,852,2024-11-03,1.7,0.0,Hora extra paga
5880,852,2021-07-27,2.84,2.84,Banco de horas positivo
5881,852,2022-02-01,2.25,0.0,Hora extra paga
5882,852,2020-04-01,5.95,0.0,Hora extra paga
5883,852,2022-08-06,12.0,0.0,Hora extra paga
5884,852,2024-05-30,4.67,0.0,Hora extra paga
5885,852,2024-03-17,8.9,0.0,Hora extra paga
5886,852,2019-11-23,0.75,0.0,Hora extra paga
5887,852,2020-03-26,2.43,2.43,Banco de horas positivo
5888,852,2020-08-02,5.86,0.0,Hora extra paga
5889,852,2021-01-23,3.89,0.0,Hora extra paga
5890,852,2025-12-05,4.31,0.0,Hora extra paga
5891,852,2022-05-07,1.04,0.0,Hora extra paga
5892,853,2025-08-30,1.05,0.0,Hora extra paga
5893,853,2021-05-31,1.74,1.74,Banco de horas positivo
5894,853,2024-12-11,3.43,0.0,Hora extra paga
5895,853,2020-10-10,2.87,0.0,Hora extra paga
5896,853,2020-02-20,4.66,0.0,Hora extra paga
5897,853,2020-10-23,1.96,0.0,Hora extra paga
5898,853,2021-10-10,4.29,4.29,Banco de horas positivo
5899,853,2022-01-20,3.95,0.0,Hora extra paga
5900,853,2021-03-25,6.5,6.5,Banco de horas positivo
5901,853,2024-08-05,9.24,9.24,Banco de horas positivo
5902,853,2020-07-29,1.81,0.0,Hora extra paga
5903,853,2023-09-28,4.88,4.88,Banco de horas positivo
5904,853,2020-10-22,1.24,0.0,Hora extra paga
5905,853,2021-03-17,3.36,0.0,Hora extra paga
5906,853,2020-02-19,0.52,0.0,Hora extra paga
5907,853,2022-10-09,4.46,4.46,Banco de horas positivo
5908,853,2025-10-10,3.47,3.47,Banco de horas positivo
5909,854,2022-11-22,9.07,0.0,Hora extra paga
5910,854,2018-10-29,5.19,0.0,Hora extra paga
5911,854,2024-04-11,2.79,0.0,Hora extra paga
5912,854,2023-07-06,9.48,0.0,Hora extra paga
5913,854,2023-07-30,3.31,3.31,Banco de horas positivo
5914,854,2022-05-05,2.36,0.0,Hora extra paga
5915,854,2021-03-19,2.69,0.0,Hora extra paga
5916,854,2021-08-06,5.47,0.0,Hora extra paga
5917,854,2022-03-13,7.53,7.53,Banco de horas positivo
5918,854,2022-12-23,1.62,0.0,Hora extra paga
5919,854,2019-03-19,1.15,1.15,Banco de horas positivo
5920,854,2022-02-14,3.89,3.89,Banco de horas positivo
5921,854,2020-09-08,1.48,0.0,Hora extra paga
5922,854,2020-04-25,4.78,4.78,Banco de horas positivo
5923,854,2023-08-18,2.16,0.0,Hora extra paga
5924,854,2023-05-25,7.06,0.0,Hora extra paga
5925,854,2021-02-24,2.27,0.0,Hora extra paga
5926,854,2025-10-21,6.73,6.73,Banco de horas positivo
5927,854,2022-01-22,2.98,0.0,Hora extra paga
5928,854,2022-12-28,2.07,2.07,Banco de horas positivo
5929,854,2018-12-24,2.02,0.0,Compensação
5930,854,2019-11-24,4.68,4.68,Banco de horas positivo
5931,855,2025-07-05,9.75,9.75,Banco de horas positivo
5932,856,2021-01-03,3.56,3.56,Banco de horas positivo
5933,856,2022-05-19,5.83,0.0,Hora extra paga
5934,856,2021-11-03,1.92,1.92,Banco de horas positivo
5935,856,2020-07-21,3.86,3.86,Banco de horas positivo
5936,856,2022-07-26,7.45,0.0,Hora extra paga
5937,856,2023-04-25,3.87,3.87,Banco de horas positivo
5938,856,2024-07-18,2.9,0.0,Hora extra paga
5939,856,2024-09-06,1.68,1.68,Banco de horas positivo
5940,856,2024-12-28,0.2,0.2,Banco de horas positivo
5941,856,2024-01-09,1.03,0.0,Hora extra paga
5942,856,2021-08-30,1.31,0.0,Hora extra paga
5943,856,2025-12-02,3.9,0.0,Hora extra paga
5944,856,2024-08-13,2.6,0.0,Hora extra paga
5945,856,2022-04-01,1.26,1.26,Banco de horas positivo
5946,856,2023-04-10,1.63,0.0,Hora extra paga
5947,856,2025-04-03,6.2,0.0,Hora extra paga
5948,856,2021-05-07,4.0,0.0,Hora extra paga
5949,856,2021-12-20,2.83,0.0,Hora extra paga
5950,856,2021-10-31,5.53,5.53,Banco de horas positivo
5951,856,2022-06-23,1.41,1.41,Banco de horas positivo
5952,856,2023-08-24,4.09,0.0,Hora extra paga
5953,856,2025-11-26,4.58,0.0,Hora extra paga
5954,856,2022-11-17,5.91,0.0,Compensação
5955,856,2020-12-24,1.52,0.0,Hora extra paga
5956,857,2022-08-08,5.48,5.48,Banco de horas positivo
5957,857,2022-05-17,8.19,0.0,Hora extra paga
5958,857,2022-09-22,3.19,0.0,Hora extra paga
5959,857,2021-09-13,1.1,0.0,Hora extra paga
5960,857,2021-09-07,5.74,0.0,Compensação
5961,857,2022-02-12,0.81,0.81,Banco de horas positivo
5962,857,2023-05-08,0.72,0.0,Hora extra paga
5963,858,2019-09-28,0.77,0.0,Compensação
5964,858,2020-01-07,4.95,4.95,Banco de horas positivo
5965,858,2023-10-01,7.79,0.0,Hora extra paga
5966,858,2020-08-28,1.86,1.86,Banco de horas positivo
5967,858,2023-01-09,10.56,0.0,Compensação
5968,858,2023-09-07,2.47,0.0,Hora extra paga
5969,858,2018-08-24,4.79,0.0,Hora extra paga
5970,858,2024-04-25,1.69,0.0,Hora extra paga
5971,858,2022-12-31,1.68,0.0,Hora extra paga
5972,858,2023-04-18,4.52,0.0,Hora extra paga
5973,858,2022-12-12,3.73,0.0,Hora extra paga
5974,859,2024-12-08,0.56,0.0,Hora extra paga
5975,859,2025-03-18,2.11,2.11,Banco de horas positivo
5976,859,2023-10-28,4.0,4.0,Banco de horas positivo
5977,859,2023-09-12,3.06,3.06,Banco de horas positivo
5978,859,2024-07-07,12.0,0.0,Hora extra paga
5979,859,2023-05-25,0.91,0.91,Banco de horas positivo
5980,861,2025-02-15,6.66,6.66,Banco de horas positivo
5981,861,2024-10-02,1.67,1.67,Banco de horas positivo
5982,861,2025-02-15,5.74,0.0,Hora extra paga
5983,861,2025-11-23,3.33,0.0,Hora extra paga
5984,861,2023-03-12,1.68,1.68,Banco de horas positivo
5985,861,2023-06-17,4.22,4.22,Banco de horas positivo
5986,861,2025-06-23,3.09,0.0,Hora extra paga
5987,861,2025-05-29,9.16,9.16,Banco de horas positivo
5988,861,2021-01-26,5.58,0.0,Hora extra paga
5989,861,2021-12-16,2.4,0.0,Hora extra paga
5990,861,2020-11-04,2.94,2.94,Banco de horas positivo
5991,861,2022-07-01,1.32,0.0,Hora extra paga
5992,861,2024-03-23,5.38,0.0,Hora extra paga
5993,862,2020-02-12,3.29,3.29,Banco de horas positivo
5994,862,2020-05-10,1.22,1.22,Banco de horas positivo
5995,862,2024-07-29,8.3,0.0,Hora extra paga
5996,862,2021-03-02,8.6,8.6,Banco de horas positivo
5997,862,2025-09-02,1.77,1.77,Banco de horas positivo
5998,862,2023-05-08,5.92,0.0,Hora extra paga
5999,862,2025-07-24,0.47,0.0,Compensação
6000,862,2025-05-14,1.6,0.0,Hora extra paga
6001,862,2023-04-30,2.34,0.0,Hora extra paga
6002,863,2021-12-12,0.35,0.0,Hora extra paga
6003,863,2021-11-01,7.86,7.86,Banco de horas positivo
6004,863,2022-06-13,2.05,0.0,Hora extra paga
6005,863,2022-11-20,12.0,0.0,Hora extra paga
6006,864,2022-05-20,4.94,0.0,Hora extra paga
6007,864,2022-01-13,3.92,3.92,Banco de horas positivo
6008,864,2022-08-01,4.7,0.0,Compensação
6009,864,2021-02-27,4.46,4.46,Banco de horas positivo
6010,864,2022-08-01,2.0,2.0,Banco de horas positivo
6011,864,2024-12-05,4.97,0.0,Hora extra paga
6012,864,2023-03-18,3.97,0.0,Hora extra paga
6013,864,2025-01-01,0.3,0.0,Compensação
6014,864,2025-01-31,6.51,0.0,Hora extra paga
6015,864,2022-12-24,0.53,0.0,Hora extra paga
6016,864,2023-12-06,5.94,0.0,Compensação
6017,864,2021-09-18,4.48,0.0,Hora extra paga
6018,865,2020-12-17,1.4,0.0,Hora extra paga
6019,865,2021-05-31,2.66,2.66,Banco de horas positivo
6020,865,2020-09-11,3.45,0.0,Hora extra paga
6021,865,2023-06-30,8.91,8.91,Banco de horas positivo
6022,865,2024-07-29,9.27,9.27,Banco de horas positivo
6023,865,2022-07-23,2.5,2.5,Banco de horas positivo
6024,865,2023-09-20,1.2,0.0,Compensação
6025,865,2021-07-23,3.95,0.0,Hora extra paga
6026,865,2023-09-22,1.59,0.0,Hora extra paga
6027,865,2022-08-08,4.43,0.0,Compensação
6028,865,2021-08-26,3.58,3.58,Banco de horas positivo
6029,865,2019-12-01,7.31,0.0,Hora extra paga
6030,865,2024-03-16,4.67,4.67,Banco de horas positivo
6031,865,2022-10-28,10.3,0.0,Hora extra paga
6032,865,2022-11-24,3.14,0.0,Hora extra paga
6033,866,2025-11-15,2.47,0.0,Hora extra paga
6034,867,2022-07-05,6.57,0.0,Hora extra paga
6035,867,2022-09-16,4.19,0.0,Hora extra paga
6036,867,2022-08-01,5.85,0.0,Hora extra paga
6037,868,2025-08-04,1.85,1.85,Banco de horas positivo
6038,868,2022-04-04,10.62,10.62,Banco de horas positivo
6039,868,2020-12-17,10.83,10.83,Banco de horas positivo
6040,868,2021-09-16,7.54,7.54,Banco de horas positivo
6041,868,2025-04-05,11.75,11.75,Banco de horas positivo
6042,868,2022-11-09,2.98,2.98,Banco de horas positivo
6043,868,2020-02-03,1.41,0.0,Hora extra paga
6044,868,2024-11-15,3.14,0.0,Hora extra paga
6045,868,2022-09-06,3.11,0.0,Compensação
6046,869,2023-02-04,8.88,0.0,Hora extra paga
6047,870,2022-12-02,5.96,0.0,Hora extra paga
6048,870,2024-03-04,6.33,0.0,Hora extra paga
6049,870,2023-08-13,1.41,1.41,Banco de horas positivo
6050,870,2022-05-25,5.51,0.0,Compensação
6051,871,2025-12-12,3.4,0.0,Hora extra paga
6052,871,2025-01-09,5.96,0.0,Hora extra paga
6053,871,2025-09-03,2.83,0.0,Hora extra paga
6054,871,2025-08-28,10.76,0.0,Hora extra paga
6055,871,2025-04-27,4.16,0.0,Hora extra paga
6056,872,2025-03-03,3.0,3.0,Banco de horas positivo
6057,872,2024-03-26,2.23,0.0,Hora extra paga
6058,872,2024-11-21,4.47,0.0,Hora extra paga
6059,872,2022-01-04,12.0,0.0,Hora extra paga
6060,872,2024-02-25,7.09,0.0,Hora extra paga
6061,872,2024-02-25,3.6,3.6,Banco de horas positivo
6062,872,2023-05-03,0.67,0.0,Hora extra paga
6063,872,2021-12-25,3.06,0.0,Hora extra paga
6064,872,2023-10-30,9.21,0.0,Hora extra paga
6065,873,2019-07-20,1.42,0.0,Hora extra paga
6066,873,2019-07-30,7.48,0.0,Compensação
6067,873,2018-12-09,4.39,4.39,Banco de horas positivo
6068,873,2020-06-26,1.97,1.97,Banco de horas positivo
6069,873,2019-06-21,2.77,0.0,Hora extra paga
6070,873,2020-04-02,1.56,0.0,Hora extra paga
6071,873,2022-08-10,3.11,0.0,Hora extra paga
6072,873,2021-12-07,9.36,0.0,Hora extra paga
6073,873,2020-08-24,0.7,0.0,Compensação
6074,873,2025-10-23,8.18,0.0,Hora extra paga
6075,873,2021-07-29,9.26,0.0,Hora extra paga
6076,873,2019-05-15,2.51,0.0,Hora extra paga
6077,873,2020-07-15,2.78,2.78,Banco de horas positivo
6078,873,2021-03-21,5.31,0.0,Hora extra paga
6079,873,2018-10-11,4.12,0.0,Hora extra paga
6080,874,2021-07-16,5.95,5.95,Banco de horas positivo
6081,874,2024-11-05,2.08,0.0,Compensação
6082,874,2023-02-16,1.82,0.0,Hora extra paga
6083,874,2021-02-28,1.65,1.65,Banco de horas positivo
6084,874,2022-08-14,8.46,0.0,Hora extra paga
6085,874,2024-04-20,3.54,0.0,Hora extra paga
6086,874,2025-01-17,2.8,0.0,Compensação
6087,874,2023-11-02,3.57,0.0,Hora extra paga
6088,875,2024-12-26,0.95,0.0,Hora extra paga
6089,875,2023-10-23,1.75,0.0,Hora extra paga
6090,875,2024-06-20,2.15,0.0,Hora extra paga
6091,876,2024-11-06,6.81,0.0,Hora extra paga
6092,876,2023-11-09,3.07,3.07,Banco de horas positivo
6093,876,2023-09-27,2.56,0.0,Hora extra paga
6094,876,2025-06-16,2.02,0.0,Hora extra paga
6095,877,2025-10-22,0.97,0.97,Banco de horas positivo
6096,878,2025-04-13,3.2,0.0,Compensação
6097,878,2023-10-01,5.0,5.0,Banco de horas positivo
6098,878,2022-05-27,1.41,1.41,Banco de horas positivo
6099,878,2018-09-04,5.64,0.0,Hora extra paga
6100,878,2018-09-27,1.28,1.28,Banco de horas positivo
6101,878,2020-05-09,4.62,0.0,Hora extra paga
6102,878,2019-11-30,8.7,0.0,Hora extra paga
6103,878,2018-10-13,1.78,1.78,Banco de horas positivo
6104,878,2025-12-02,2.93,2.93,Banco de horas positivo
6105,878,2020-05-05,2.87,2.87,Banco de horas positivo
6106,878,2019-04-06,1.53,1.53,Banco de horas positivo
6107,878,2024-10-01,2.2,0.0,Hora extra paga
6108,878,2023-02-03,11.16,11.16,Banco de horas positivo
6109,878,2024-04-04,5.12,5.12,Banco de horas positivo
6110,878,2024-09-21,2.91,0.0,Hora extra paga
6111,878,2025-01-25,7.18,0.0,Hora extra paga
6112,878,2024-11-10,1.79,0.0,Hora extra paga
6113,879,2025-04-25,2.23,0.0,Hora extra paga
6114,880,2020-01-01,0.97,0.97,Banco de horas positivo
6115,880,2020-03-04,8.71,8.71,Banco de horas positivo
6116,880,2020-03-23,6.95,0.0,Compensação
6117,880,2021-04-09,3.35,3.35,Banco de horas positivo
6118,880,2019-11-27,4.77,4.77,Banco de horas positivo
6119,880,2019-10-19,2.12,0.0,Compensação
6120,880,2020-11-24,3.38,3.38,Banco de horas positivo
6121,880,2021-05-23,8.14,8.14,Banco de horas positivo
6122,880,2022-05-21,0.52,0.52,Banco de horas positivo
6123,880,2020-05-18,1.64,0.0,Compensação
6124,881,2021-07-09,10.0,10.0,Banco de horas positivo
6125,881,2020-01-09,4.27,4.27,Banco de horas positivo
6126,881,2024-05-22,4.53,0.0,Hora extra paga
6127,881,2019-12-07,5.57,5.57,Banco de horas positivo
6128,881,2025-06-08,0.16,0.16,Banco de horas positivo
6129,881,2024-01-21,8.62,0.0,Hora extra paga
6130,881,2025-01-16,2.1,0.0,Hora extra paga
6131,881,2023-06-23,1.98,0.0,Hora extra paga
6132,881,2019-05-02,3.71,0.0,Hora extra paga
6133,881,2019-12-31,0.82,0.0,Hora extra paga
6134,881,2025-11-21,3.11,3.11,Banco de horas positivo
6135,882,2023-02-21,3.32,3.32,Banco de horas positivo
6136,882,2020-07-14,5.91,0.0,Hora extra paga
6137,882,2022-10-08,8.71,0.0,Hora extra paga
6138,882,2025-09-15,6.55,0.0,Hora extra paga
6139,882,2019-05-12,4.11,4.11,Banco de horas positivo
6140,882,2024-06-24,1.86,0.0,Hora extra paga
6141,882,2021-09-08,3.58,0.0,Compensação
6142,882,2019-11-23,2.76,0.0,Hora extra paga
6143,882,2025-04-25,5.61,0.0,Hora extra paga
6144,882,2021-12-25,2.83,0.0,Hora extra paga
6145,883,2025-09-03,7.93,0.0,Hora extra paga
6146,883,2025-12-29,4.43,0.0,Compensação
6147,883,2024-11-25,2.83,0.0,Hora extra paga
6148,883,2025-02-06,1.79,0.0,Hora extra paga
6149,883,2023-02-10,2.56,0.0,Hora extra paga
6150,884,2020-09-04,2.36,0.0,Hora extra paga
6151,884,2020-03-10,3.63,3.63,Banco de horas positivo
6152,884,2021-08-20,7.79,0.0,Hora extra paga
6153,884,2024-03-26,5.31,0.0,Hora extra paga
6154,884,2023-02-23,3.81,3.81,Banco de horas positivo
6155,884,2021-10-31,0.4,0.0,Compensação
6156,884,2023-02-11,8.16,0.0,Hora extra paga
6157,884,2025-04-09,1.56,0.0,Hora extra paga
6158,884,2021-03-08,1.74,0.0,Hora extra paga
6159,884,2020-08-30,5.09,5.09,Banco de horas positivo
6160,884,2019-07-31,4.9,4.9,Banco de horas positivo
6161,884,2024-08-16,4.68,4.68,Banco de horas positivo
6162,884,2021-03-11,2.12,0.0,Hora extra paga
6163,884,2025-08-02,0.69,0.0,Compensação
6164,884,2025-04-02,2.5,2.5,Banco de horas positivo
6165,884,2024-04-20,1.61,1.61,Banco de horas positivo
6166,884,2025-03-09,1.28,1.28,Banco de horas positivo
6167,884,2019-05-14,1.71,0.0,Hora extra paga
6168,884,2024-08-12,10.31,10.31,Banco de horas positivo
6169,884,2020-11-13,0.96,0.0,Hora extra paga
6170,884,2024-07-28,11.71,11.71,Banco de horas positivo
6171,884,2019-12-16,1.94,0.0,Hora extra paga
6172,884,2021-11-13,3.16,0.0,Compensação
6173,884,2024-07-28,9.76,0.0,Hora extra paga
6174,884,2020-07-31,6.64,6.64,Banco de horas positivo
6175,885,2025-09-24,1.38,1.38,Banco de horas positivo
6176,886,2023-12-08,12.0,12.0,Banco de horas positivo
6177,886,2024-10-31,5.63,5.63,Banco de horas positivo
6178,886,2023-09-19,1.65,0.0,Hora extra paga
6179,887,2025-03-02,0.88,0.0,Compensação
6180,887,2024-09-17,8.64,8.64,Banco de horas positivo
6181,887,2020-03-19,1.64,0.0,Hora extra paga
6182,887,2025-11-15,4.06,4.06,Banco de horas positivo
6183,889,2020-11-05,1.53,1.53,Banco de horas positivo
6184,889,2019-12-18,4.1,4.1,Banco de horas positivo
6185,889,2019-11-22,6.03,0.0,Hora extra paga
6186,889,2020-02-05,4.38,0.0,Hora extra paga
6187,889,2021-03-14,11.04,0.0,Hora extra paga
6188,889,2021-03-06,2.12,0.0,Hora extra paga
6189,891,2023-09-09,6.48,6.48,Banco de horas positivo
6190,891,2022-03-14,5.6,5.6,Banco de horas positivo
6191,891,2024-10-10,8.15,0.0,Hora extra paga
6192,891,2024-11-17,4.92,0.0,Hora extra paga
6193,891,2020-09-25,1.22,0.0,Hora extra paga
6194,891,2025-05-21,1.94,0.0,Hora extra paga
6195,891,2021-08-07,3.64,0.0,Hora extra paga
6196,891,2024-10-27,3.27,0.0,Hora extra paga
6197,891,2023-03-07,4.27,0.0,Hora extra paga
6198,891,2021-12-03,1.04,0.0,Compensação
6199,891,2019-11-01,3.53,0.0,Hora extra paga
6200,891,2024-05-25,8.58,0.0,Hora extra paga
6201,891,2024-01-31,4.48,4.48,Banco de horas positivo
6202,891,2025-08-28,6.09,6.09,Banco de horas positivo
6203,891,2020-07-27,4.82,4.82,Banco de horas positivo
6204,893,2021-11-23,5.33,5.33,Banco de horas positivo
6205,893,2022-11-16,4.2,0.0,Compensação
6206,893,2023-06-19,0.4,0.0,Hora extra paga
6207,893,2024-12-03,0.1,0.0,Hora extra paga
6208,893,2021-12-09,4.14,4.14,Banco de horas positivo
6209,893,2024-12-07,2.3,0.0,Hora extra paga
6210,894,2024-03-03,2.14,0.0,Hora extra paga
6211,894,2024-01-04,6.6,0.0,Hora extra paga
6212,894,2025-04-13,2.33,0.0,Hora extra paga
6213,894,2025-09-04,5.3,0.0,Hora extra paga
6214,894,2020-05-31,9.63,0.0,Hora extra paga
6215,894,2020-03-24,5.01,0.0,Hora extra paga
6216,894,2021-12-19,3.9,0.0,Hora extra paga
6217,894,2022-12-11,0.61,0.61,Banco de horas positivo
6218,894,2023-05-08,7.5,0.0,Hora extra paga
6219,894,2022-03-29,0.26,0.0,Hora extra paga
6220,894,2021-07-29,3.84,0.0,Compensação
6221,894,2022-06-15,1.12,0.0,Hora extra paga
6222,894,2024-06-29,5.51,0.0,Compensação
6223,894,2022-02-24,7.92,0.0,Compensação
6224,894,2021-11-18,6.54,0.0,Hora extra paga
6225,894,2021-06-04,2.78,0.0,Hora extra paga
6226,894,2024-06-11,2.62,0.0,Hora extra paga
6227,894,2020-06-27,3.73,3.73,Banco de horas positivo
6228,895,2023-08-06,6.55,6.55,Banco de horas positivo
6229,895,2023-07-29,2.46,0.0,Hora extra paga
6230,895,2025-06-20,8.88,0.0,Compensação
6231,895,2023-03-28,6.51,0.0,Hora extra paga
6232,895,2024-05-25,0.93,0.0,Hora extra paga
6233,895,2022-03-13,1.26,0.0,Hora extra paga
6234,895,2023-10-02,6.16,0.0,Hora extra paga
6235,895,2024-07-30,1.63,0.0,Hora extra paga
6236,895,2019-07-05,2.47,2.47,Banco de horas positivo
6237,895,2023-08-25,4.58,0.0,Hora extra paga
6238,895,2024-03-31,2.53,2.53,Banco de horas positivo
6239,895,2023-04-14,3.88,0.0,Hora extra paga
6240,895,2020-01-11,2.9,0.0,Hora extra paga
6241,895,2024-03-08,2.34,2.34,Banco de horas positivo
6242,895,2020-08-11,8.16,0.0,Compensação
6243,895,2022-01-16,1.69,1.69,Banco de horas positivo
6244,895,2025-10-07,2.95,2.95,Banco de horas positivo
6245,895,2023-05-17,3.02,0.0,Hora extra paga
6246,895,2020-11-16,0.99,0.0,Compensação
6247,895,2020-04-15,9.3,0.0,Hora extra paga
6248,895,2022-11-23,5.5,5.5,Banco de horas positivo
6249,895,2019-11-25,1.57,1.57,Banco de horas positivo
6250,895,2020-07-30,4.67,4.67,Banco de horas positivo
6251,895,2023-11-05,1.15,0.0,Compensação
6252,895,2022-08-18,3.15,0.0,Hora extra paga
6253,896,2020-03-27,1.7,0.0,Hora extra paga
6254,896,2022-12-18,6.07,6.07,Banco de horas positivo
6255,896,2019-06-04,5.49,0.0,Hora extra paga
6256,896,2018-08-29,3.91,0.0,Hora extra paga
6257,896,2023-12-30,3.32,0.0,Hora extra paga
6258,896,2018-09-19,4.12,4.12,Banco de horas positivo
6259,896,2021-01-18,6.5,0.0,Compensação
6260,896,2020-10-28,3.4,0.0,Compensação
6261,896,2022-09-09,0.05,0.0,Hora extra paga
6262,896,2019-02-17,3.06,3.06,Banco de horas positivo
6263,897,2022-07-30,1.46,1.46,Banco de horas positivo
6264,897,2022-08-06,1.58,0.0,Hora extra paga
6265,898,2025-05-07,2.66,0.0,Hora extra paga
6266,898,2024-08-22,1.11,0.0,Hora extra paga
6267,898,2023-02-27,2.85,2.85,Banco de horas positivo
6268,899,2025-07-31,2.18,0.0,Hora extra paga
6269,899,2022-01-27,4.38,0.0,Hora extra paga
6270,899,2022-10-11,1.06,1.06,Banco de horas positivo
6271,899,2025-12-14,4.21,0.0,Hora extra paga
6272,899,2022-05-20,2.66,0.0,Hora extra paga
6273,899,2025-02-19,2.69,0.0,Hora extra paga
6274,899,2025-05-23,2.81,2.81,Banco de horas positivo
6275,899,2025-02-03,3.37,0.0,Hora extra paga
6276,899,2021-10-29,3.36,0.0,Hora extra paga
6277,899,2024-09-02,8.83,0.0,Hora extra paga
6278,899,2024-03-19,2.7,0.0,Hora extra paga
6279,899,2022-06-10,2.37,2.37,Banco de horas positivo
6280,899,2024-06-08,4.06,0.0,Hora extra paga
6281,899,2021-12-18,7.5,0.0,Hora extra paga
6282,899,2022-10-24,4.49,0.0,Hora extra paga
6283,899,2024-03-26,3.88,3.88,Banco de horas positivo
6284,899,2025-12-28,1.61,1.61,Banco de horas positivo
6285,899,2022-11-02,2.65,0.0,Hora extra paga
6286,900,2024-07-02,5.32,5.32,Banco de horas positivo
6287,900,2022-01-19,9.14,9.14,Banco de horas positivo
6288,900,2022-12-01,1.85,1.85,Banco de horas positivo
6289,900,2021-10-24,3.79,0.0,Hora extra paga
6290,900,2021-09-26,1.98,0.0,Hora extra paga
6291,900,2023-05-16,0.47,0.47,Banco de horas positivo
6292,900,2022-04-13,0.82,0.0,Hora extra paga
6293,900,2025-10-27,12.0,12.0,Banco de horas positivo
6294,900,2024-01-24,3.17,0.0,Hora extra paga
6295,900,2025-01-18,0.39,0.0,Compensação
6296,900,2022-02-05,9.06,9.06,Banco de horas positivo
6297,901,2024-05-25,2.97,0.0,Hora extra paga
6298,902,2023-04-14,2.52,2.52,Banco de horas positivo
6299,902,2022-10-17,2.47,2.47,Banco de horas positivo
6300,902,2021-10-09,1.29,0.0,Hora extra paga
6301,902,2022-05-03,9.38,0.0,Hora extra paga
6302,902,2022-01-28,7.89,0.0,Hora extra paga
6303,902,2023-07-30,1.81,1.81,Banco de horas positivo
6304,902,2021-11-28,4.57,0.0,Hora extra paga
6305,902,2023-08-17,7.37,0.0,Hora extra paga
6306,902,2024-03-07,2.87,0.0,Hora extra paga
6307,902,2025-07-18,6.88,6.88,Banco de horas positivo
6308,902,2023-07-22,7.6,7.6,Banco de horas positivo
6309,902,2025-10-16,11.55,0.0,Hora extra paga
6310,902,2025-07-07,1.99,0.0,Hora extra paga
6311,902,2024-08-05,4.3,0.0,Hora extra paga
6312,902,2023-09-08,6.2,0.0,Hora extra paga
6313,904,2024-08-16,3.0,3.0,Banco de horas positivo
6314,904,2025-04-05,7.48,7.48,Banco de horas positivo
6315,904,2024-05-14,6.78,0.0,Hora extra paga
6316,904,2024-04-16,6.95,6.95,Banco de horas positivo
6317,904,2024-11-04,6.22,0.0,Hora extra paga
6318,904,2024-04-19,2.33,2.33,Banco de horas positivo
6319,904,2024-09-24,2.61,0.0,Compensação
6320,904,2023-07-03,10.08,10.08,Banco de horas positivo
6321,905,2021-01-06,2.64,0.0,Hora extra paga
6322,905,2020-01-02,3.97,0.0,Hora extra paga
6323,905,2023-08-16,3.76,0.0,Hora extra paga
6324,905,2020-02-28,5.03,0.0,Hora extra paga
6325,906,2019-09-26,8.25,8.25,Banco de horas positivo
6326,906,2020-08-20,5.03,0.0,Compensação
6327,906,2019-12-16,2.48,2.48,Banco de horas positivo
6328,906,2020-04-08,3.16,0.0,Compensação
6329,906,2020-02-28,4.05,0.0,Hora extra paga
6330,907,2021-02-13,5.39,0.0,Hora extra paga
6331,907,2019-12-14,2.69,2.69,Banco de horas positivo
6332,907,2023-09-17,2.37,0.0,Hora extra paga
6333,907,2023-11-17,0.98,0.0,Hora extra paga
6334,907,2024-10-09,6.56,6.56,Banco de horas positivo
6335,907,2022-12-20,3.51,0.0,Hora extra paga
6336,907,2019-07-31,6.29,6.29,Banco de horas positivo
6337,907,2021-10-18,5.34,5.34,Banco de horas positivo
6338,907,2023-07-05,1.22,1.22,Banco de horas positivo
6339,907,2020-12-22,3.95,0.0,Hora extra paga
6340,907,2024-05-25,3.83,0.0,Hora extra paga
6341,907,2021-12-27,6.51,6.51,Banco de horas positivo
6342,907,2021-10-22,2.59,2.59,Banco de horas positivo
6343,907,2019-06-16,2.05,0.0,Hora extra paga
6344,907,2019-09-29,6.3,0.0,Hora extra paga
6345,907,2024-05-01,4.24,4.24,Banco de horas positivo
6346,907,2019-01-24,3.41,0.0,Hora extra paga
6347,907,2023-03-31,2.32,0.0,Hora extra paga
6348,907,2023-09-26,6.06,6.06,Banco de horas positivo
6349,908,2024-05-22,0.65,0.65,Banco de horas positivo
6350,909,2024-04-29,4.65,0.0,Hora extra paga
6351,909,2024-06-05,2.24,0.0,Hora extra paga
6352,909,2024-09-15,7.49,0.0,Hora extra paga
6353,909,2025-09-17,1.34,1.34,Banco de horas positivo
6354,909,2025-02-04,3.27,0.0,Hora extra paga
6355,909,2025-08-18,7.42,0.0,Hora extra paga
6356,909,2025-06-12,3.27,3.27,Banco de horas positivo
6357,909,2025-06-21,4.87,0.0,Hora extra paga
6358,909,2024-04-29,1.45,1.45,Banco de horas positivo
6359,909,2025-01-03,0.92,0.0,Hora extra paga
6360,910,2024-06-06,1.88,0.0,Hora extra paga
6361,910,2023-11-09,11.47,11.47,Banco de horas positivo
6362,910,2023-04-08,5.9,0.0,Compensação
6363,910,2024-07-05,8.61,8.61,Banco de horas positivo
6364,910,2025-12-26,2.47,0.0,Hora extra paga
6365,910,2022-08-28,1.64,1.64,Banco de horas positivo
6366,910,2025-10-03,2.19,2.19,Banco de horas positivo
6367,910,2024-12-27,3.58,3.58,Banco de horas positivo
6368,910,2023-04-21,9.69,0.0,Hora extra paga
6369,910,2023-09-04,2.8,0.0,Hora extra paga
6370,910,2024-07-20,8.3,0.0,Compensação
6371,910,2022-07-04,3.22,3.22,Banco de horas positivo
6372,911,2023-08-23,4.16,0.0,Compensação
6373,911,2024-01-15,10.02,10.02,Banco de horas positivo
6374,911,2025-06-01,2.65,0.0,Hora extra paga
6375,911,2024-01-12,8.05,0.0,Hora extra paga
6376,912,2024-11-06,2.62,2.62,Banco de horas positivo
6377,912,2024-08-31,5.16,5.16,Banco de horas positivo
6378,913,2025-12-05,1.76,0.0,Hora extra paga
6379,913,2024-07-19,6.61,0.0,Hora extra paga
6380,913,2024-12-12,1.67,0.0,Hora extra paga
6381,913,2025-12-06,1.67,1.67,Banco de horas positivo
6382,913,2025-01-22,1.62,0.0,Hora extra paga
6383,915,2023-09-16,0.71,0.0,Hora extra paga
6384,915,2020-01-14,2.11,0.0,Hora extra paga
6385,915,2018-11-12,1.8,1.8,Banco de horas positivo
6386,915,2022-06-20,5.39,5.39,Banco de horas positivo
6387,915,2019-03-06,4.98,4.98,Banco de horas positivo
6388,915,2023-05-28,2.26,0.0,Hora extra paga
6389,915,2019-08-05,2.7,0.0,Hora extra paga
6390,915,2018-10-04,0.49,0.49,Banco de horas positivo
6391,915,2023-08-14,0.36,0.36,Banco de horas positivo
6392,915,2020-09-25,4.04,4.04,Banco de horas positivo
6393,916,2022-04-25,0.87,0.0,Hora extra paga
6394,916,2023-07-19,2.41,2.41,Banco de horas positivo
6395,917,2024-08-25,3.29,3.29,Banco de horas positivo
6396,917,2022-09-26,5.5,0.0,Hora extra paga
6397,917,2024-01-29,4.1,4.1,Banco de horas positivo
6398,917,2024-03-15,3.03,3.03,Banco de horas positivo
6399,917,2023-07-12,1.79,1.79,Banco de horas positivo
6400,917,2025-09-15,4.05,0.0,Hora extra paga
6401,917,2024-09-29,1.48,0.0,Hora extra paga
6402,917,2025-01-11,4.7,0.0,Hora extra paga
6403,917,2025-08-24,2.21,2.21,Banco de horas positivo
6404,917,2023-05-04,0.79,0.79,Banco de horas positivo
6405,919,2023-10-07,2.85,0.0,Hora extra paga
6406,919,2024-10-17,8.29,8.29,Banco de horas positivo
6407,919,2025-02-13,2.16,2.16,Banco de horas positivo
6408,919,2021-05-30,3.81,0.0,Compensação
6409,919,2022-04-13,7.33,7.33,Banco de horas positivo
6410,919,2021-08-13,7.71,7.71,Banco de horas positivo
6411,919,2023-10-18,3.2,0.0,Hora extra paga
6412,919,2022-11-07,1.94,1.94,Banco de horas positivo
6413,919,2022-10-15,1.02,1.02,Banco de horas positivo
6414,919,2022-05-07,0.75,0.0,Hora extra paga
6415,919,2024-01-15,1.63,1.63,Banco de horas positivo
6416,919,2021-02-26,4.8,0.0,Compensação
6417,919,2025-06-02,7.21,0.0,Hora extra paga
6418,919,2022-02-09,3.24,3.24,Banco de horas positivo
6419,919,2023-07-19,1.15,1.15,Banco de horas positivo
6420,920,2023-11-20,4.44,0.0,Hora extra paga
6421,920,2022-08-19,1.76,0.0,Hora extra paga
6422,920,2023-11-30,1.47,0.0,Hora extra paga
6423,920,2025-01-16,0.44,0.0,Hora extra paga
6424,920,2024-01-16,0.83,0.0,Hora extra paga
6425,920,2024-10-18,9.26,9.26,Banco de horas positivo
6426,920,2025-12-27,1.61,1.61,Banco de horas positivo
6427,921,2021-11-01,9.04,0.0,Hora extra paga
6428,921,2022-12-21,4.98,4.98,Banco de horas positivo
6429,921,2021-02-06,2.85,0.0,Hora extra paga
6430,921,2021-09-23,2.23,0.0,Hora extra paga
6431,921,2023-12-23,1.7,0.0,Hora extra paga
6432,921,2021-10-15,0.78,0.78,Banco de horas positivo
6433,921,2022-09-07,0.81,0.81,Banco de horas positivo
6434,921,2022-04-11,3.37,0.0,Compensação
6435,921,2025-02-21,2.82,0.0,Hora extra paga
6436,921,2025-01-13,12.0,12.0,Banco de horas positivo
6437,921,2023-01-12,7.88,7.88,Banco de horas positivo
6438,921,2024-08-30,1.29,1.29,Banco de horas positivo
6439,921,2023-10-13,5.31,5.31,Banco de horas positivo
6440,922,2024-02-16,5.7,5.7,Banco de horas positivo
6441,922,2022-09-12,3.06,0.0,Compensação
6442,922,2024-05-25,2.4,0.0,Hora extra paga
6443,922,2022-11-29,3.04,0.0,Compensação
6444,922,2024-12-24,4.93,0.0,Hora extra paga
6445,922,2024-10-06,3.79,0.0,Compensação
6446,923,2022-12-04,1.19,1.19,Banco de horas positivo
6447,923,2020-01-27,6.57,6.57,Banco de horas positivo
6448,924,2025-11-04,5.62,0.0,Hora extra paga
6449,924,2025-10-19,4.51,0.0,Hora extra paga
6450,924,2025-10-25,6.61,0.0,Hora extra paga
6451,924,2025-07-26,2.95,2.95,Banco de horas positivo
6452,924,2025-05-28,3.28,0.0,Hora extra paga
6453,925,2022-02-13,2.85,2.85,Banco de horas positivo
6454,926,2023-01-30,3.94,0.0,Hora extra paga
6455,926,2024-03-29,2.16,0.0,Compensação
6456,926,2025-08-02,7.3,0.0,Hora extra paga
6457,926,2022-09-12,4.85,4.85,Banco de horas positivo
6458,926,2024-05-31,0.24,0.24,Banco de horas positivo
6459,926,2021-09-28,1.3,0.0,Hora extra paga
6460,926,2021-05-22,1.52,0.0,Hora extra paga
6461,926,2023-04-07,4.98,0.0,Hora extra paga
6462,926,2025-11-19,0.45,0.0,Compensação
6463,926,2020-12-17,3.3,0.0,Hora extra paga
6464,926,2025-05-27,0.44,0.0,Hora extra paga
6465,926,2025-04-06,2.11,0.0,Hora extra paga
6466,926,2024-07-17,3.22,0.0,Hora extra paga
6467,926,2021-09-27,1.18,1.18,Banco de horas positivo
6468,926,2025-11-14,6.31,6.31,Banco de horas positivo
6469,926,2022-06-24,1.07,0.0,Hora extra paga
6470,926,2021-10-01,4.09,0.0,Hora extra paga
6471,926,2024-08-28,0.68,0.0,Hora extra paga
6472,926,2023-08-29,0.64,0.0,Hora extra paga
6473,927,2025-12-13,2.31,2.31,Banco de horas positivo
6474,927,2024-06-29,3.84,3.84,Banco de horas positivo
6475,927,2024-09-14,5.21,5.21,Banco de horas positivo
6476,928,2023-03-12,4.02,0.0,Hora extra paga
6477,928,2022-10-20,5.91,0.0,Hora extra paga
6478,928,2023-02-10,4.2,4.2,Banco de horas positivo
6479,928,2023-06-16,3.66,0.0,Compensação
6480,928,2022-10-14,11.38,0.0,Hora extra paga
6481,929,2022-04-01,0.37,0.0,Compensação
6482,929,2025-09-26,1.61,0.0,Hora extra paga
6483,929,2024-08-22,3.44,3.44,Banco de horas positivo
6484,929,2025-06-16,2.11,0.0,Hora extra paga
6485,929,2025-02-18,4.06,0.0,Hora extra paga
6486,929,2020-05-22,2.59,0.0,Hora extra paga
6487,929,2024-05-12,11.43,0.0,Hora extra paga
6488,929,2020-02-22,1.04,0.0,Hora extra paga
6489,929,2022-10-04,5.59,0.0,Hora extra paga
6490,929,2025-08-08,0.27,0.27,Banco de horas positivo
6491,929,2025-09-03,4.96,0.0,Compensação
6492,929,2024-03-20,3.85,3.85,Banco de horas positivo
6493,930,2025-01-27,4.85,0.0,Hora extra paga
6494,930,2024-11-29,5.86,0.0,Hora extra paga
6495,931,2020-08-30,4.22,4.22,Banco de horas positivo
6496,931,2023-10-09,5.52,0.0,Hora extra paga
6497,931,2024-03-04,3.99,0.0,Hora extra paga
6498,931,2022-08-28,1.69,0.0,Hora extra paga
6499,931,2022-12-06,3.62,0.0,Hora extra paga
6500,931,2020-02-01,7.36,0.0,Hora extra paga
6501,931,2023-11-28,1.83,0.0,Hora extra paga
6502,931,2020-04-21,4.72,0.0,Hora extra paga
6503,931,2025-11-26,4.59,4.59,Banco de horas positivo
6504,931,2021-08-23,7.61,7.61,Banco de horas positivo
6505,932,2023-07-12,1.54,0.0,Hora extra paga
6506,932,2020-06-14,1.68,0.0,Hora extra paga
6507,932,2024-09-08,1.82,1.82,Banco de horas positivo
6508,932,2022-11-24,0.7,0.7,Banco de horas positivo
6509,932,2019-02-24,4.0,4.0,Banco de horas positivo
6510,932,2021-11-17,4.32,4.32,Banco de horas positivo
6511,932,2024-11-22,4.01,4.01,Banco de horas positivo
6512,932,2023-04-01,1.97,1.97,Banco de horas positivo
6513,932,2023-01-08,7.81,0.0,Hora extra paga
6514,933,2025-12-14,1.55,1.55,Banco de horas positivo
6515,933,2024-01-03,4.98,0.0,Hora extra paga
6516,933,2025-06-18,10.75,0.0,Hora extra paga
6517,933,2023-04-24,2.22,2.22,Banco de horas positivo
6518,933,2024-03-01,2.29,2.29,Banco de horas positivo
6519,934,2021-10-01,8.68,8.68,Banco de horas positivo
6520,934,2023-03-17,1.45,0.0,Hora extra paga
6521,935,2024-06-29,4.87,4.87,Banco de horas positivo
6522,935,2024-12-05,1.96,0.0,Compensação
6523,935,2020-07-11,1.79,0.0,Compensação
6524,935,2025-03-11,3.83,0.0,Hora extra paga
6525,935,2025-06-27,6.27,6.27,Banco de horas positivo
6526,935,2025-01-27,1.81,0.0,Hora extra paga
6527,935,2025-06-26,3.87,0.0,Hora extra paga
6528,935,2023-09-06,2.59,0.0,Compensação
6529,935,2023-09-28,6.55,6.55,Banco de horas positivo
6530,935,2022-09-26,5.81,0.0,Compensação
6531,935,2021-08-29,1.12,0.0,Hora extra paga
6532,935,2024-10-09,2.91,2.91,Banco de horas positivo
6533,935,2020-09-28,1.96,1.96,Banco de horas positivo
6534,935,2020-03-10,2.63,0.0,Hora extra paga
6535,935,2022-08-02,1.77,0.0,Hora extra paga
6536,935,2025-10-15,3.54,3.54,Banco de horas positivo
6537,935,2022-10-16,2.9,0.0,Hora extra paga
6538,935,2021-07-12,5.33,0.0,Compensação
6539,935,2021-11-28,0.26,0.26,Banco de horas positivo
6540,935,2025-03-24,1.47,0.0,Hora extra paga
6541,935,2022-03-27,3.51,3.51,Banco de horas positivo
6542,935,2024-05-23,0.98,0.0,Compensação
6543,935,2021-05-04,7.04,7.04,Banco de horas positivo
6544,936,2023-02-17,7.57,7.57,Banco de horas positivo
6545,936,2024-08-30,3.72,0.0,Hora extra paga
6546,936,2021-09-25,9.27,9.27,Banco de horas positivo
6547,936,2021-08-03,6.92,6.92,Banco de horas positivo
6548,936,2020-11-29,6.82,6.82,Banco de horas positivo
6549,936,2024-07-15,9.65,9.65,Banco de horas positivo
6550,936,2021-07-25,4.82,0.0,Hora extra paga
6551,936,2021-07-24,1.33,0.0,Hora extra paga
6552,936,2025-11-13,2.02,2.02,Banco de horas positivo
6553,936,2024-03-08,4.22,4.22,Banco de horas positivo
6554,936,2021-05-27,0.52,0.52,Banco de horas positivo
6555,937,2025-09-03,2.95,0.0,Hora extra paga
6556,937,2021-06-05,4.56,0.0,Hora extra paga
6557,937,2021-06-17,3.18,0.0,Hora extra paga
6558,937,2021-02-09,4.88,0.0,Hora extra paga
6559,937,2025-06-24,5.17,0.0,Hora extra paga
6560,937,2024-06-05,4.27,0.0,Hora extra paga
6561,937,2025-10-06,6.58,6.58,Banco de horas positivo
6562,937,2025-01-16,6.42,6.42,Banco de horas positivo
6563,937,2021-08-15,5.43,5.43,Banco de horas positivo
6564,937,2025-10-13,6.32,0.0,Hora extra paga
6565,937,2021-06-18,8.68,8.68,Banco de horas positivo
6566,937,2025-01-04,10.12,0.0,Hora extra paga
6567,937,2022-02-10,0.4,0.0,Hora extra paga
6568,937,2020-11-28,4.72,0.0,Hora extra paga
6569,937,2023-07-28,2.43,2.43,Banco de horas positivo
6570,937,2022-01-13,3.0,3.0,Banco de horas positivo
6571,937,2024-06-09,1.84,0.0,Hora extra paga
6572,937,2021-07-19,9.96,9.96,Banco de horas positivo
6573,937,2023-07-05,3.46,3.46,Banco de horas positivo
6574,937,2023-04-11,2.56,2.56,Banco de horas positivo
6575,937,2024-10-19,1.76,0.0,Hora extra paga
6576,938,2025-11-18,2.6,2.6,Banco de horas positivo
6577,938,2022-04-15,3.37,0.0,Hora extra paga
6578,938,2020-01-15,4.26,0.0,Hora extra paga
6579,938,2023-11-18,3.01,3.01,Banco de horas positivo
6580,938,2021-08-24,0.89,0.89,Banco de horas positivo
6581,938,2020-11-02,4.14,0.0,Hora extra paga
6582,939,2025-06-28,6.39,0.0,Hora extra paga
6583,939,2025-09-15,5.04,5.04,Banco de horas positivo
6584,939,2024-11-27,5.3,0.0,Hora extra paga
6585,939,2025-03-09,7.33,0.0,Hora extra paga
6586,939,2025-09-18,1.34,0.0,Hora extra paga
6587,939,2025-02-22,5.86,5.86,Banco de horas positivo
6588,939,2025-02-26,3.43,0.0,Compensação
6589,940,2019-08-26,4.09,0.0,Hora extra paga
6590,940,2021-05-04,2.07,2.07,Banco de horas positivo
6591,940,2023-12-14,0.88,0.0,Compensação
6592,940,2025-09-11,3.9,0.0,Hora extra paga
6593,940,2025-06-25,0.81,0.81,Banco de horas positivo
6594,940,2019-06-22,7.81,0.0,Hora extra paga
6595,940,2020-05-22,1.7,0.0,Hora extra paga
6596,940,2022-04-21,7.97,0.0,Hora extra paga
6597,940,2021-05-21,4.43,4.43,Banco de horas positivo
6598,940,2023-10-11,2.03,0.0,Hora extra paga
6599,940,2022-05-01,2.87,0.0,Hora extra paga
6600,940,2024-11-15,3.09,0.0,Compensação
6601,940,2020-03-09,0.63,0.63,Banco de horas positivo
6602,940,2019-12-31,3.4,0.0,Hora extra paga
6603,940,2024-01-20,0.28,0.0,Hora extra paga
6604,940,2025-06-11,6.45,6.45,Banco de horas positivo
6605,940,2019-08-08,1.21,0.0,Hora extra paga
6606,941,2025-12-25,4.05,4.05,Banco de horas positivo
6607,941,2024-11-12,5.87,5.87,Banco de horas positivo
6608,941,2025-05-25,7.23,0.0,Hora extra paga
6609,941,2025-06-01,5.5,0.0,Compensação
6610,942,2022-10-29,6.89,6.89,Banco de horas positivo
6611,942,2023-12-06,3.07,3.07,Banco de horas positivo
6612,942,2023-03-03,1.9,1.9,Banco de horas positivo
6613,942,2024-12-17,4.06,0.0,Compensação
6614,942,2023-10-22,3.09,0.0,Hora extra paga
6615,943,2024-08-27,3.21,3.21,Banco de horas positivo
6616,943,2025-11-22,4.32,0.0,Hora extra paga
6617,943,2025-08-03,7.2,0.0,Hora extra paga
6618,943,2023-07-08,5.55,5.55,Banco de horas positivo
6619,943,2025-11-23,4.06,4.06,Banco de horas positivo
6620,943,2024-05-13,7.67,7.67,Banco de horas positivo
6621,943,2025-04-29,3.01,0.0,Hora extra paga
6622,943,2023-06-09,4.56,0.0,Hora extra paga
6623,943,2023-07-01,7.15,0.0,Hora extra paga
6624,943,2024-03-22,0.32,0.32,Banco de horas positivo
6625,944,2023-11-19,0.51,0.0,Hora extra paga
6626,944,2023-12-10,1.56,0.0,Compensação
6627,944,2023-10-22,1.75,1.75,Banco de horas positivo
6628,944,2025-02-01,5.92,0.0,Hora extra paga
6629,944,2025-05-05,4.09,0.0,Hora extra paga
6630,945,2019-12-20,12.0,0.0,Compensação
6631,945,2020-05-12,1.64,1.64,Banco de horas positivo
6632,945,2020-07-04,9.79,9.79,Banco de horas positivo
6633,945,2021-01-19,5.52,0.0,Hora extra paga
6634,945,2022-03-06,7.25,0.0,Hora extra paga
6635,945,2020-03-12,2.01,0.0,Hora extra paga
6636,945,2023-09-21,9.69,9.69,Banco de horas positivo
6637,945,2019-07-29,5.21,0.0,Hora extra paga
6638,945,2023-06-22,5.06,0.0,Hora extra paga
6639,945,2021-05-30,6.94,0.0,Hora extra paga
6640,945,2019-11-02,5.2,0.0,Compensação
6641,945,2022-02-05,1.36,0.0,Hora extra paga
6642,945,2020-07-02,1.83,0.0,Hora extra paga
6643,945,2023-04-30,6.25,0.0,Hora extra paga
6644,945,2021-06-05,2.19,2.19,Banco de horas positivo
6645,946,2022-12-02,5.4,5.4,Banco de horas positivo
6646,946,2020-10-08,6.78,6.78,Banco de horas positivo
6647,946,2024-04-15,1.9,0.0,Hora extra paga
6648,946,2018-02-13,2.39,2.39,Banco de horas positivo
6649,946,2024-02-12,5.72,0.0,Hora extra paga
6650,947,2020-07-28,0.87,0.0,Compensação
6651,947,2024-05-23,0.69,0.0,Compensação
6652,947,2018-06-12,1.47,1.47,Banco de horas positivo
6653,947,2022-07-16,4.92,0.0,Compensação
6654,947,2021-09-22,5.08,0.0,Hora extra paga
6655,947,2020-12-30,1.28,0.0,Hora extra paga
6656,947,2018-10-06,2.4,0.0,Hora extra paga
6657,948,2022-12-09,0.71,0.0,Hora extra paga
6658,948,2024-01-09,4.81,0.0,Hora extra paga
6659,948,2025-07-07,1.08,0.0,Hora extra paga
6660,948,2025-06-30,0.74,0.74,Banco de horas positivo
6661,949,2025-07-07,0.1,0.1,Banco de horas positivo
6662,949,2024-01-06,2.04,0.0,Hora extra paga
6663,949,2022-10-02,0.49,0.0,Hora extra paga
6664,949,2021-07-16,5.27,5.27,Banco de horas positivo
6665,949,2024-11-06,1.44,1.44,Banco de horas positivo
6666,949,2024-04-25,0.24,0.0,Hora extra paga
6667,949,2022-02-27,2.1,0.0,Hora extra paga
6668,949,2025-01-25,2.92,0.0,Hora extra paga
6669,949,2024-04-27,4.0,0.0,Hora extra paga
6670,949,2022-03-11,4.44,0.0,Hora extra paga
6671,949,2021-08-23,2.6,0.0,Hora extra paga
6672,949,2023-07-10,3.2,3.2,Banco de horas positivo
6673,949,2024-11-10,7.3,7.3,Banco de horas positivo
6674,949,2021-10-25,2.86,0.0,Hora extra paga
6675,950,2025-05-04,6.3,0.0,Hora extra paga
6676,950,2023-11-09,4.23,4.23,Banco de horas positivo
6677,950,2022-02-06,4.92,0.0,Hora extra paga
6678,950,2024-02-14,3.41,3.41,Banco de horas positivo
6679,950,2025-12-01,2.33,2.33,Banco de horas positivo
6680,950,2021-07-30,4.32,4.32,Banco de horas positivo
6681,950,2021-12-26,7.02,0.0,Compensação
6682,951,2025-11-09,3.33,0.0,Hora extra paga
6683,952,2023-10-03,2.87,0.0,Hora extra paga
6684,952,2025-09-23,2.41,0.0,Hora extra paga
6685,953,2024-08-20,7.18,0.0,Hora extra paga
6686,953,2023-09-17,1.98,1.98,Banco de horas positivo
6687,953,2024-05-31,0.72,0.72,Banco de horas positivo
6688,953,2022-09-24,0.59,0.0,Hora extra paga
6689,953,2024-02-20,2.69,2.69,Banco de horas positivo
6690,953,2025-08-15,1.98,0.0,Hora extra paga
6691,953,2024-11-14,3.4,3.4,Banco de horas positivo
6692,953,2022-10-18,1.97,1.97,Banco de horas positivo
6693,953,2023-03-02,3.03,0.0,Hora extra paga
6694,954,2024-08-22,2.73,0.0,Compensação
6695,954,2024-07-09,2.72,0.0,Hora extra paga
6696,954,2024-11-20,3.05,0.0,Hora extra paga
6697,954,2024-03-30,3.37,0.0,Compensação
6698,954,2023-07-12,1.55,1.55,Banco de horas positivo
6699,955,2022-10-04,7.65,0.0,Hora extra paga
6700,955,2024-05-04,1.24,0.0,Hora extra paga
6701,955,2022-09-23,5.31,0.0,Hora extra paga
6702,955,2024-11-23,3.69,3.69,Banco de horas positivo
6703,955,2025-05-29,10.13,10.13,Banco de horas positivo
6704,955,2023-07-02,1.22,0.0,Hora extra paga
6705,955,2023-10-16,5.71,0.0,Hora extra paga
6706,955,2022-12-12,1.68,0.0,Compensação
6707,955,2025-02-03,7.74,7.74,Banco de horas positivo
6708,955,2024-07-15,5.2,5.2,Banco de horas positivo
6709,955,2023-04-13,1.64,0.0,Hora extra paga
6710,955,2025-04-16,0.94,0.0,Hora extra paga
6711,955,2025-12-29,6.06,6.06,Banco de horas positivo
6712,955,2025-04-23,5.05,5.05,Banco de horas positivo
6713,955,2025-01-30,3.48,3.48,Banco de horas positivo
6714,955,2023-11-22,9.91,9.91,Banco de horas positivo
6715,955,2021-12-04,5.31,5.31,Banco de horas positivo
6716,955,2024-05-02,4.44,0.0,Hora extra paga
6717,955,2025-11-06,1.22,0.0,Hora extra paga
6718,955,2021-10-19,0.88,0.0,Hora extra paga
6719,956,2025-03-13,3.33,3.33,Banco de horas positivo
6720,956,2025-06-04,1.98,1.98,Banco de horas positivo
6721,956,2024-10-19,2.09,0.0,Hora extra paga
6722,956,2024-01-20,4.41,0.0,Hora extra paga
6723,956,2022-05-18,3.12,3.12,Banco de horas positivo
6724,956,2024-09-16,3.21,3.21,Banco de horas positivo
6725,956,2025-02-20,4.07,0.0,Compensação
6726,956,2024-05-26,6.64,0.0,Hora extra paga
6727,956,2024-09-04,3.11,0.0,Hora extra paga
6728,957,2025-04-28,7.28,0.0,Hora extra paga
6729,957,2025-05-04,3.43,0.0,Hora extra paga
6730,957,2024-09-29,1.5,0.0,Hora extra paga
6731,957,2024-11-06,4.23,0.0,Hora extra paga
6732,958,2019-05-25,7.51,7.51,Banco de horas positivo
6733,958,2025-01-05,2.91,0.0,Hora extra paga
6734,958,2019-01-04,3.88,0.0,Hora extra paga
6735,958,2020-01-21,1.11,0.0,Hora extra paga
6736,958,2025-03-26,4.11,4.11,Banco de horas positivo
6737,958,2020-10-27,1.8,0.0,Hora extra paga
6738,958,2025-07-27,6.27,6.27,Banco de horas positivo
6739,958,2019-06-02,2.35,0.0,Hora extra paga
6740,958,2020-10-03,2.36,0.0,Hora extra paga
6741,958,2020-12-25,2.5,0.0,Hora extra paga
6742,958,2019-10-08,4.39,4.39,Banco de horas positivo
6743,958,2023-01-23,8.64,0.0,Hora extra paga
6744,958,2022-04-02,2.15,2.15,Banco de horas positivo
6745,958,2021-07-26,7.03,7.03,Banco de horas positivo
6746,958,2025-11-05,3.61,3.61,Banco de horas positivo
6747,958,2019-04-06,3.35,0.0,Hora extra paga
6748,958,2022-01-11,2.06,0.0,Hora extra paga
6749,958,2021-10-20,1.6,0.0,Hora extra paga
6750,958,2024-12-22,0.64,0.0,Hora extra paga
6751,958,2025-04-25,2.02,0.0,Hora extra paga
6752,959,2022-09-08,8.63,0.0,Hora extra paga
6753,959,2025-10-09,1.37,0.0,Hora extra paga
6754,959,2023-10-04,12.0,0.0,Hora extra paga
6755,959,2023-06-20,4.87,0.0,Hora extra paga
6756,960,2021-09-21,10.47,0.0,Hora extra paga
6757,960,2023-11-15,4.45,4.45,Banco de horas positivo
6758,960,2022-02-14,2.82,0.0,Hora extra paga
6759,960,2022-09-26,3.34,0.0,Hora extra paga
6760,960,2022-04-11,2.02,0.0,Hora extra paga
6761,960,2021-11-27,8.32,0.0,Hora extra paga
6762,960,2020-01-14,1.1,0.0,Hora extra paga
6763,960,2021-11-05,8.8,8.8,Banco de horas positivo
6764,960,2022-09-16,1.96,0.0,Compensação
6765,960,2023-12-22,0.43,0.0,Hora extra paga
6766,960,2020-09-19,6.05,0.0,Hora extra paga
6767,960,2020-06-02,3.01,0.0,Hora extra paga
6768,960,2021-09-09,8.52,8.52,Banco de horas positivo
6769,960,2024-02-28,2.19,0.0,Hora extra paga
6770,960,2023-09-06,4.42,0.0,Hora extra paga
6771,960,2023-10-28,5.35,0.0,Hora extra paga
6772,960,2020-08-18,8.31,0.0,Hora extra paga
6773,961,2025-05-28,2.78,2.78,Banco de horas positivo
6774,962,2025-07-08,2.55,0.0,Hora extra paga
6775,962,2025-10-29,7.2,7.2,Banco de horas positivo
6776,962,2024-06-01,1.8,0.0,Hora extra paga
6777,962,2024-09-23,3.81,0.0,Hora extra paga
6778,962,2024-07-30,1.47,1.47,Banco de horas positivo
6779,963,2022-07-10,4.82,0.0,Hora extra paga
6780,963,2025-02-22,4.03,4.03,Banco de horas positivo
6781,963,2024-09-15,1.94,1.94,Banco de horas positivo
6782,963,2024-07-05,1.45,0.0,Hora extra paga
6783,963,2025-09-18,8.85,8.85,Banco de horas positivo
6784,963,2020-11-13,4.33,4.33,Banco de horas positivo
6785,963,2021-12-12,1.79,0.0,Hora extra paga
6786,963,2025-06-23,6.68,6.68,Banco de horas positivo
6787,964,2024-10-01,3.77,0.0,Hora extra paga
6788,964,2025-09-26,6.68,6.68,Banco de horas positivo
6789,964,2025-04-22,2.58,0.0,Hora extra paga
6790,964,2025-08-03,0.81,0.0,Compensação
6791,964,2025-08-15,6.99,0.0,Hora extra paga
6792,964,2024-01-29,4.11,0.0,Hora extra paga
6793,964,2023-08-25,2.01,0.0,Hora extra paga
6794,965,2022-06-02,3.77,3.77,Banco de horas positivo
6795,965,2022-12-31,4.09,0.0,Hora extra paga
6796,965,2022-05-29,1.63,0.0,Hora extra paga
6797,966,2020-10-30,4.56,4.56,Banco de horas positivo
6798,966,2022-04-25,2.79,0.0,Hora extra paga
6799,966,2021-10-09,0.74,0.74,Banco de horas positivo
6800,966,2023-06-07,0.25,0.25,Banco de horas positivo
6801,966,2020-11-03,7.73,7.73,Banco de horas positivo
6802,966,2025-08-26,4.4,0.0,Hora extra paga
6803,966,2023-10-18,1.54,0.0,Hora extra paga
6804,966,2020-06-29,7.52,7.52,Banco de horas positivo
6805,966,2019-02-03,6.66,6.66,Banco de horas positivo
6806,966,2025-01-14,1.54,0.0,Hora extra paga
6807,966,2019-04-24,1.84,0.0,Hora extra paga
6808,966,2022-11-25,3.76,0.0,Hora extra paga
6809,966,2025-05-04,2.72,0.0,Compensação
6810,966,2025-01-18,2.46,0.0,Hora extra paga
6811,966,2021-08-06,2.67,0.0,Compensação
6812,966,2020-05-20,4.0,0.0,Hora extra paga
6813,966,2020-06-05,12.0,0.0,Hora extra paga
6814,966,2022-01-12,7.88,0.0,Hora extra paga
6815,967,2025-04-17,1.16,1.16,Banco de horas positivo
6816,968,2024-12-04,4.62,0.0,Compensação
6817,969,2021-11-01,3.32,3.32,Banco de horas positivo
6818,969,2025-11-10,1.63,0.0,Hora extra paga
6819,969,2024-03-06,1.77,0.0,Hora extra paga
6820,969,2021-04-01,4.52,4.52,Banco de horas positivo
6821,969,2023-06-02,12.0,0.0,Compensação
6822,969,2025-04-20,1.35,1.35,Banco de horas positivo
6823,969,2022-10-18,1.32,0.0,Hora extra paga
6824,969,2025-02-20,2.54,0.0,Hora extra paga
6825,969,2024-04-13,11.3,11.3,Banco de horas positivo
6826,969,2023-02-17,1.63,0.0,Hora extra paga
6827,969,2022-09-07,4.59,0.0,Hora extra paga
6828,969,2025-10-31,3.43,0.0,Hora extra paga
6829,969,2024-05-10,11.39,0.0,Hora extra paga
6830,969,2024-04-19,1.5,0.0,Hora extra paga
6831,969,2024-05-17,0.99,0.0,Hora extra paga
6832,969,2021-09-05,1.24,0.0,Hora extra paga
6833,969,2021-03-30,7.8,7.8,Banco de horas positivo
6834,969,2021-08-03,4.87,0.0,Compensação
6835,969,2021-09-23,2.92,2.92,Banco de horas positivo
6836,969,2022-04-16,3.26,0.0,Compensação
6837,970,2024-05-18,0.96,0.96,Banco de horas positivo
6838,970,2023-04-25,2.28,2.28,Banco de horas positivo
6839,970,2021-01-12,4.52,4.52,Banco de horas positivo
6840,970,2019-08-28,6.79,0.0,Compensação
6841,970,2024-03-16,1.6,0.0,Hora extra paga
6842,970,2023-12-20,7.77,0.0,Hora extra paga
6843,970,2022-04-11,6.84,6.84,Banco de horas positivo
6844,970,2025-05-28,4.74,0.0,Hora extra paga
6845,970,2022-12-24,3.58,3.58,Banco de horas positivo
6846,970,2021-12-05,2.55,0.0,Hora extra paga
6847,970,2020-08-09,1.9,0.0,Hora extra paga
6848,970,2019-07-19,5.68,0.0,Hora extra paga
6849,971,2023-10-19,0.94,0.0,Hora extra paga
6850,971,2024-10-31,3.8,0.0,Hora extra paga
6851,971,2024-04-07,3.44,3.44,Banco de horas positivo
6852,971,2025-06-04,5.51,5.51,Banco de horas positivo
6853,971,2025-12-05,1.1,1.1,Banco de horas positivo
6854,972,2023-09-19,3.06,3.06,Banco de horas positivo
6855,972,2024-10-05,4.13,0.0,Hora extra paga
6856,972,2023-03-24,1.21,0.0,Hora extra paga
6857,973,2024-12-25,4.01,0.0,Hora extra paga
6858,973,2022-12-13,9.7,9.7,Banco de horas positivo
6859,973,2024-04-27,3.76,0.0,Compensação
6860,973,2023-09-23,3.02,3.02,Banco de horas positivo
6861,973,2025-04-19,2.76,0.0,Hora extra paga
6862,973,2022-05-11,4.55,0.0,Hora extra paga
6863,973,2025-02-04,7.47,0.0,Hora extra paga
6864,973,2022-07-21,2.93,0.0,Hora extra paga
6865,973,2022-10-28,0.83,0.83,Banco de horas positivo
6866,973,2024-01-11,1.1,0.0,Hora extra paga
6867,973,2024-04-24,2.05,0.0,Hora extra paga
6868,974,2019-02-28,1.99,1.99,Banco de horas positivo
6869,974,2020-11-16,8.6,0.0,Hora extra paga
6870,974,2019-06-06,5.14,5.14,Banco de horas positivo
6871,974,2023-09-16,2.2,0.0,Compensação
6872,974,2022-06-26,3.42,0.0,Hora extra paga
6873,974,2020-11-28,0.57,0.57,Banco de horas positivo
6874,974,2022-10-20,2.8,2.8,Banco de horas positivo
6875,974,2019-09-29,4.18,4.18,Banco de horas positivo
6876,975,2025-09-12,11.82,0.0,Hora extra paga
6877,975,2025-06-28,2.53,0.0,Hora extra paga
6878,976,2024-03-12,10.18,0.0,Hora extra paga
6879,976,2023-04-30,2.73,2.73,Banco de horas positivo
6880,976,2022-05-22,1.0,1.0,Banco de horas positivo
6881,976,2025-04-14,1.01,0.0,Compensação
6882,976,2024-05-23,1.82,0.0,Hora extra paga
6883,976,2025-01-26,6.69,6.69,Banco de horas positivo
6884,976,2023-10-11,1.63,0.0,Hora extra paga
6885,976,2022-12-14,1.69,1.69,Banco de horas positivo
6886,977,2023-02-06,6.35,6.35,Banco de horas positivo
6887,977,2021-07-12,7.41,7.41,Banco de horas positivo
6888,977,2025-12-25,1.59,0.0,Hora extra paga
6889,977,2021-09-30,1.79,1.79,Banco de horas positivo
6890,977,2024-11-19,1.82,0.0,Hora extra paga
6891,977,2021-02-04,3.71,0.0,Compensação
6892,978,2025-04-25,0.48,0.0,Hora extra paga
6893,978,2024-03-21,1.33,0.0,Hora extra paga
6894,978,2022-07-05,4.76,0.0,Hora extra paga
6895,979,2024-06-24,2.01,0.0,Hora extra paga
6896,980,2022-09-11,1.92,1.92,Banco de horas positivo
6897,980,2020-06-05,5.19,5.19,Banco de horas positivo
6898,980,2020-03-07,1.76,0.0,Hora extra paga
6899,980,2021-11-27,1.83,0.0,Hora extra paga
6900,980,2023-02-22,5.8,0.0,Hora extra paga
6901,980,2023-09-01,1.44,0.0,Compensação
6902,980,2021-09-02,6.12,6.12,Banco de horas positivo
6903,980,2023-03-01,5.84,5.84,Banco de horas positivo
6904,980,2020-10-25,8.41,0.0,Hora extra paga
6905,980,2022-04-10,8.51,0.0,Compensação
6906,980,2021-12-29,2.18,0.0,Hora extra paga
6907,980,2021-04-26,4.52,4.52,Banco de horas positivo
6908,980,2020-11-01,0.2,0.2,Banco de horas positivo
6909,980,2024-02-06,0.94,0.0,Hora extra paga
6910,980,2022-09-18,4.83,4.83,Banco de horas positivo
6911,980,2023-11-08,0.47,0.47,Banco de horas positivo
6912,980,2024-02-09,12.0,0.0,Hora extra paga
6913,980,2020-03-29,2.35,2.35,Banco de horas positivo
6914,981,2022-06-30,2.59,2.59,Banco de horas positivo
6915,981,2021-03-29,12.0,0.0,Hora extra paga
6916,981,2022-03-26,4.65,4.65,Banco de horas positivo
6917,981,2021-11-21,0.69,0.69,Banco de horas positivo
6918,982,2020-12-29,7.53,0.0,Hora extra paga
6919,982,2020-12-09,1.66,0.0,Hora extra paga
6920,983,2025-05-28,1.7,0.0,Hora extra paga
6921,983,2020-01-22,3.37,3.37,Banco de horas positivo
6922,983,2022-03-28,0.59,0.0,Hora extra paga
6923,983,2021-07-18,8.22,8.22,Banco de horas positivo
6924,983,2019-06-08,1.34,1.34,Banco de horas positivo
6925,983,2024-09-06,6.22,0.0,Hora extra paga
6926,983,2023-10-31,3.91,0.0,Compensação
6927,983,2024-04-27,1.34,0.0,Hora extra paga
6928,983,2025-07-05,7.03,0.0,Hora extra paga
6929,983,2024-01-19,4.47,0.0,Hora extra paga
6930,983,2020-06-12,10.07,0.0,Compensação
6931,983,2021-10-21,1.9,1.9,Banco de horas positivo
6932,983,2024-02-09,1.95,0.0,Compensação
6933,983,2025-09-01,2.37,0.0,Hora extra paga
6934,983,2020-04-20,8.53,8.53,Banco de horas positivo
6935,983,2023-01-29,5.2,0.0,Hora extra paga
6936,983,2021-09-12,1.34,0.0,Hora extra paga
6937,983,2020-05-08,0.8,0.0,Hora extra paga
6938,983,2020-08-07,1.23,1.23,Banco de horas positivo
6939,984,2023-09-02,2.7,0.0,Hora extra paga
6940,984,2024-10-24,3.4,0.0,Hora extra paga
6941,984,2024-12-08,6.38,0.0,Hora extra paga
6942,984,2024-01-26,6.01,0.0,Hora extra paga
6943,984,2025-05-24,5.46,5.46,Banco de horas positivo
6944,984,2025-09-14,8.48,0.0,Hora extra paga
6945,984,2024-02-14,7.3,0.0,Hora extra paga
6946,985,2025-05-06,2.33,2.33,Banco de horas positivo
6947,985,2025-12-15,0.56,0.0,Hora extra paga
6948,985,2024-10-01,11.05,0.0,Hora extra paga
6949,985,2024-12-12,6.68,6.68,Banco de horas positivo
6950,985,2024-06-18,5.23,5.23,Banco de horas positivo
6951,987,2024-06-10,2.53,0.0,Hora extra paga
6952,987,2025-10-15,2.75,0.0,Hora extra paga
6953,987,2025-06-15,5.5,0.0,Hora extra paga
6954,987,2025-07-04,0.66,0.0,Hora extra paga
6955,987,2022-12-23,9.15,0.0,Compensação
6956,987,2025-03-01,12.0,12.0,Banco de horas positivo
6957,987,2025-07-05,12.0,12.0,Banco de horas positivo
6958,987,2024-11-20,8.4,0.0,Hora extra paga
6959,988,2022-03-08,2.95,0.0,Hora extra paga
6960,988,2022-04-20,9.0,9.0,Banco de horas positivo
6961,988,2022-08-03,1.97,1.97,Banco de horas positivo
6962,988,2021-11-12,1.72,0.0,Hora extra paga
6963,988,2024-10-12,3.34,3.34,Banco de horas positivo
6964,988,2023-12-07,2.72,0.0,Hora extra paga
6965,988,2021-01-10,2.1,2.1,Banco de horas positivo
6966,988,2023-12-22,2.66,2.66,Banco de horas positivo
6967,988,2020-08-07,0.72,0.0,Hora extra paga
6968,988,2021-10-26,0.55,0.0,Compensação
6969,988,2023-10-10,0.91,0.91,Banco de horas positivo
6970,988,2025-03-13,3.82,0.0,Hora extra paga
6971,989,2025-07-22,2.11,0.0,Hora extra paga
6972,989,2024-07-31,1.49,0.0,Hora extra paga
6973,989,2025-04-08,12.0,12.0,Banco de horas positivo
6974,989,2023-03-01,3.19,0.0,Compensação
6975,989,2023-12-20,5.45,5.45,Banco de horas positivo
6976,989,2023-01-30,4.94,0.0,Hora extra paga
6977,990,2024-08-05,0.65,0.0,Compensação
6978,990,2025-03-30,3.92,0.0,Hora extra paga
6979,991,2025-01-31,1.67,0.0,Hora extra paga
6980,991,2025-12-07,0.75,0.0,Hora extra paga
6981,991,2025-07-24,3.12,0.0,Hora extra paga
6982,992,2023-11-11,4.72,0.0,Compensação
6983,992,2025-12-20,5.8,0.0,Hora extra paga
6984,992,2024-10-20,4.1,0.0,Hora extra paga
6985,992,2024-10-27,3.43,0.0,Hora extra paga
6986,993,2023-10-11,2.7,0.0,Hora extra paga
6987,993,2025-09-25,12.0,12.0,Banco de horas positivo
6988,993,2023-08-30,3.53,3.53,Banco de horas positivo
6989,993,2024-06-30,1.99,1.99,Banco de horas positivo
6990,993,2025-02-24,5.77,0.0,Hora extra paga
6991,993,2025-05-18,1.46,0.0,Hora extra paga
6992,993,2023-06-16,3.36,0.0,Hora extra paga
6993,993,2024-12-19,2.22,2.22,Banco de horas positivo
6994,994,2024-01-08,3.62,3.62,Banco de horas positivo
6995,994,2023-02-26,1.74,0.0,Hora extra paga
6996,994,2025-11-26,5.3,0.0,Hora extra paga
6997,994,2024-07-19,4.3,0.0,Hora extra paga
6998,994,2025-04-14,5.4,5.4,Banco de horas positivo
6999,994,2025-10-04,4.15,0.0,Compensação
7000,994,2023-10-04,2.18,0.0,Hora extra paga
7001,994,2023-12-31,1.62,0.0,Hora extra paga
7002,994,2025-02-01,3.33,0.0,Hora extra paga
7003,994,2024-10-06,3.37,0.0,Hora extra paga
7004,995,2025-09-29,6.86,0.0,Hora extra paga
7005,995,2021-10-11,3.57,3.57,Banco de horas positivo
7006,995,2025-05-25,6.34,6.34,Banco de horas positivo
7007,995,2024-12-08,3.39,0.0,Hora extra paga
7008,995,2024-02-20,1.95,0.0,Hora extra paga
7009,995,2025-06-20,4.29,0.0,Hora extra paga
7010,995,2022-05-09,3.89,0.0,Compensação
7011,995,2024-09-11,0.77,0.0,Hora extra paga
7012,995,2022-08-28,0.24,0.0,Compensação
7013,995,2021-01-05,2.3,0.0,Hora extra paga
7014,995,2024-12-20,1.13,0.0,Compensação
7015,995,2023-11-06,6.19,0.0,Hora extra paga
7016,996,2025-01-16,3.38,0.0,Hora extra paga
7017,996,2023-10-17,7.71,7.71,Banco de horas positivo
7018,996,2025-12-17,1.44,0.0,Hora extra paga
7019,996,2023-09-27,6.52,0.0,Hora extra paga
7020,996,2023-10-25,2.62,0.0,Hora extra paga
7021,996,2023-11-16,5.2,0.0,Hora extra paga
7022,996,2024-10-23,7.25,0.0,Hora extra paga
7023,996,2022-11-23,1.64,0.0,Hora extra paga
7024,996,2023-06-11,6.7,6.7,Banco de horas positivo
7025,996,2025-11-02,0.63,0.0,Compensação
7026,996,2023-11-16,2.15,2.15,Banco de horas positivo
7027,996,2024-10-28,3.41,0.0,Hora extra paga
7028,997,2025-07-20,3.77,3.77,Banco de horas positivo
7029,997,2025-03-27,6.17,0.0,Hora extra paga
7030,997,2022-08-28,2.39,0.0,Hora extra paga
7031,997,2019-12-29,1.79,0.0,Hora extra paga
7032,997,2021-06-21,1.24,0.0,Hora extra paga
7033,997,2023-02-14,3.29,3.29,Banco de horas positivo
7034,997,2020-01-14,3.0,3.0,Banco de horas positivo
7035,999,2025-01-02,4.08,0.0,Hora extra paga
7036,999,2024-08-11,6.67,0.0,Hora extra paga
7037,999,2023-12-27,1.32,0.0,Compensação
7038,999,2025-02-09,1.53,0.0,Hora extra paga
7039,1000,2023-11-17,1.5,0.0,Hora extra paga
7040,1000,2023-06-24,7.5,7.5,Banco de horas positivo
7041,1000,2022-07-16,2.0,0.0,Hora extra paga
7042,1000,2022-12-22,6.0,0.0,Hora extra paga
7043,1000,2023-06-02,2.0,2.0,Banco de horas positivo
7044,1000,2023-05-18,6.62,0.0,Hora extra paga
7045,1001,2022-03-25,0.9,0.9,Banco de horas positivo
7046,1001,2022-05-21,8.04,0.0,Compensação
7047,1001,2021-05-04,1.51,0.0,Hora extra paga
7048,1001,2022-06-18,2.25,0.0,Compensação
7049,1001,2024-01-17,8.21,8.21,Banco de horas positivo
7050,1001,2024-01-25,1.66,0.0,Hora extra paga
7051,1002,2022-09-25,0.24,0.0,Hora extra paga
7052,1002,2025-01-30,3.1,3.1,Banco de horas positivo
7053,1002,2021-10-25,4.0,4.0,Banco de horas positivo
7054,1002,2021-10-29,5.38,5.38,Banco de horas positivo
7055,1002,2025-02-23,2.53,0.0,Hora extra paga
7056,1002,2025-09-09,3.69,0.0,Hora extra paga
7057,1002,2025-06-04,1.49,0.0,Hora extra paga
7058,1002,2024-02-04,3.13,0.0,Hora extra paga
7059,1002,2023-12-18,1.52,0.0,Hora extra paga
7060,1002,2022-09-15,3.08,3.08,Banco de horas positivo
7061,1002,2025-08-22,5.2,0.0,Compensação
7062,1002,2024-03-28,9.44,0.0,Hora extra paga
7063,1002,2021-12-22,4.15,0.0,Hora extra paga
7064,1002,2022-07-04,10.05,0.0,Compensação
7065,1003,2021-06-18,1.83,0.0,Hora extra paga
7066,1003,2021-06-13,1.21,0.0,Hora extra paga
7067,1004,2024-10-16,2.65,0.0,Compensação
7068,1005,2022-08-30,1.78,0.0,Hora extra paga
7069,1005,2025-11-06,6.45,0.0,Hora extra paga
7070,1005,2023-02-10,8.06,0.0,Compensação
7071,1005,2025-10-31,7.36,0.0,Hora extra paga
7072,1005,2025-11-23,1.6,1.6,Banco de horas positivo
7073,1005,2021-06-26,4.69,0.0,Hora extra paga
7074,1005,2024-06-12,3.1,3.1,Banco de horas positivo
7075,1005,2023-03-20,2.72,2.72,Banco de horas positivo
7076,1005,2023-08-09,4.26,0.0,Hora extra paga
7077,1005,2022-04-12,0.4,0.0,Hora extra paga
7078,1005,2022-03-25,5.95,0.0,Hora extra paga
7079,1005,2021-07-25,2.88,0.0,Hora extra paga
7080,1005,2023-11-13,6.35,6.35,Banco de horas positivo
7081,1006,2024-08-10,5.49,0.0,Hora extra paga
7082,1006,2023-03-26,0.7,0.0,Hora extra paga
7083,1006,2023-02-12,2.44,2.44,Banco de horas positivo
7084,1006,2024-04-23,3.06,0.0,Hora extra paga
7085,1006,2023-06-07,2.02,0.0,Hora extra paga
7086,1008,2025-02-23,7.04,0.0,Hora extra paga
7087,1008,2025-03-13,2.33,2.33,Banco de horas positivo
7088,1009,2023-01-15,1.74,0.0,Hora extra paga
7089,1009,2021-01-17,2.02,0.0,Hora extra paga
7090,1009,2021-03-12,2.45,0.0,Hora extra paga
7091,1009,2021-11-23,0.94,0.0,Compensação
7092,1009,2020-12-10,9.93,0.0,Hora extra paga
7093,1010,2024-01-08,3.61,0.0,Hora extra paga
7094,1010,2024-06-21,1.09,1.09,Banco de horas positivo
7095,1010,2021-12-29,2.1,0.0,Hora extra paga
7096,1010,2021-10-02,3.78,0.0,Hora extra paga
7097,1010,2021-11-24,2.78,0.0,Hora extra paga
7098,1011,2024-08-29,2.75,0.0,Hora extra paga
7099,1011,2025-08-03,6.82,6.82,Banco de horas positivo
7100,1011,2023-07-07,7.43,0.0,Hora extra paga
7101,1011,2023-06-23,4.77,0.0,Hora extra paga
7102,1011,2024-03-27,7.02,0.0,Hora extra paga
7103,1012,2024-10-13,4.41,0.0,Hora extra paga
7104,1012,2022-09-03,4.45,4.45,Banco de horas positivo
7105,1012,2022-11-26,3.47,3.47,Banco de horas positivo
7106,1012,2024-12-29,3.42,0.0,Hora extra paga
7107,1012,2022-10-05,2.67,2.67,Banco de horas positivo
7108,1012,2025-08-10,0.98,0.98,Banco de horas positivo
7109,1012,2023-06-13,0.48,0.0,Hora extra paga
7110,1014,2025-01-16,2.44,0.0,Compensação
7111,1014,2025-04-27,5.64,0.0,Hora extra paga
7112,1014,2020-04-15,3.02,0.0,Hora extra paga
7113,1014,2023-06-19,4.21,0.0,Hora extra paga
7114,1014,2024-05-10,0.91,0.0,Hora extra paga
7115,1014,2023-01-08,5.22,0.0,Hora extra paga
7116,1014,2024-05-11,4.09,0.0,Hora extra paga
7117,1014,2021-02-11,1.76,1.76,Banco de horas positivo
7118,1014,2024-07-23,7.45,0.0,Hora extra paga
7119,1014,2020-06-26,2.41,0.0,Hora extra paga
7120,1014,2025-03-09,2.43,0.0,Hora extra paga
7121,1015,2024-07-12,4.89,4.89,Banco de horas positivo
7122,1015,2023-09-02,4.86,0.0,Hora extra paga
7123,1015,2024-05-27,5.97,5.97,Banco de horas positivo
7124,1015,2024-02-05,3.69,0.0,Hora extra paga
7125,1015,2023-12-02,3.05,0.0,Hora extra paga
7126,1015,2025-04-17,1.62,0.0,Hora extra paga
7127,1015,2024-10-12,1.3,0.0,Compensação
7128,1016,2022-11-25,5.98,0.0,Hora extra paga
7129,1016,2019-01-18,4.02,0.0,Hora extra paga
7130,1016,2019-02-05,5.26,0.0,Hora extra paga
7131,1016,2025-05-08,4.89,4.89,Banco de horas positivo
7132,1017,2025-07-28,8.98,0.0,Hora extra paga
7133,1018,2021-07-03,6.8,0.0,Hora extra paga
7134,1018,2021-11-01,3.14,0.0,Hora extra paga
7135,1018,2021-06-05,7.2,7.2,Banco de horas positivo
7136,1018,2021-06-19,1.8,0.0,Hora extra paga
7137,1019,2022-12-15,1.06,0.0,Compensação
7138,1019,2024-08-30,2.3,0.0,Hora extra paga
7139,1019,2020-12-03,2.65,0.0,Hora extra paga
7140,1019,2024-11-24,1.3,0.0,Compensação
7141,1019,2024-09-07,4.34,0.0,Compensação
7142,1019,2021-07-22,2.21,2.21,Banco de horas positivo
7143,1019,2022-05-31,1.17,0.0,Hora extra paga
7144,1019,2021-02-27,2.58,0.0,Hora extra paga
7145,1019,2022-03-21,12.0,0.0,Hora extra paga
7146,1019,2022-02-18,0.9,0.0,Hora extra paga
7147,1019,2024-07-06,3.03,3.03,Banco de horas positivo
7148,1019,2021-03-13,3.06,0.0,Hora extra paga
7149,1019,2020-01-19,1.74,1.74,Banco de horas positivo
7150,1019,2022-10-25,3.91,0.0,Hora extra paga
7151,1019,2023-02-01,1.1,0.0,Hora extra paga
7152,1020,2025-08-23,1.37,1.37,Banco de horas positivo
7153,1020,2022-03-03,1.31,0.0,Hora extra paga
7154,1020,2024-02-02,4.56,0.0,Compensação
7155,1020,2023-04-30,8.96,8.96,Banco de horas positivo
7156,1020,2022-06-02,3.2,3.2,Banco de horas positivo
7157,1020,2022-10-08,3.06,0.0,Hora extra paga
7158,1020,2025-08-29,3.54,3.54,Banco de horas positivo
7159,1020,2022-03-16,5.72,0.0,Hora extra paga
7160,1020,2023-10-30,4.69,0.0,Hora extra paga
7161,1020,2023-08-09,0.86,0.86,Banco de horas positivo
7162,1021,2022-08-08,0.89,0.0,Compensação
7163,1021,2022-09-01,11.04,11.04,Banco de horas positivo
7164,1021,2021-09-15,1.2,1.2,Banco de horas positivo
7165,1021,2022-02-26,1.3,0.0,Hora extra paga
7166,1021,2023-08-19,4.94,0.0,Hora extra paga
7167,1021,2022-01-20,5.06,0.0,Compensação
7168,1021,2023-08-28,5.78,0.0,Compensação
7169,1021,2023-09-09,1.14,1.14,Banco de horas positivo
7170,1021,2024-09-29,3.09,0.0,Hora extra paga
7171,1021,2023-03-26,2.09,0.0,Compensação
7172,1021,2023-12-27,2.88,0.0,Hora extra paga
7173,1021,2023-01-31,2.55,0.0,Hora extra paga
7174,1021,2023-09-23,4.32,4.32,Banco de horas positivo
7175,1022,2025-12-16,1.43,0.0,Hora extra paga
7176,1022,2025-03-20,2.47,2.47,Banco de horas positivo
7177,1022,2025-11-17,1.52,0.0,Hora extra paga
7178,1023,2025-12-24,7.21,0.0,Hora extra paga
7179,1023,2023-12-17,4.17,0.0,Hora extra paga
7180,1023,2025-01-20,0.65,0.65,Banco de horas positivo
7181,1023,2025-10-24,1.07,0.0,Hora extra paga
7182,1023,2024-06-15,5.69,0.0,Compensação
7183,1023,2024-07-29,7.34,7.34,Banco de horas positivo
7184,1024,2023-12-08,4.83,0.0,Compensação
7185,1024,2022-03-09,3.13,0.0,Hora extra paga
7186,1024,2021-07-22,12.0,0.0,Hora extra paga
7187,1024,2024-01-17,11.22,0.0,Hora extra paga
7188,1024,2020-10-19,5.49,5.49,Banco de horas positivo
7189,1024,2025-02-19,3.19,3.19,Banco de horas positivo
7190,1024,2022-02-07,2.75,2.75,Banco de horas positivo
7191,1024,2025-06-25,5.43,0.0,Hora extra paga
7192,1024,2022-12-13,1.55,0.0,Compensação
7193,1024,2025-01-30,1.0,0.0,Hora extra paga
7194,1025,2021-04-21,3.18,3.18,Banco de horas positivo
7195,1025,2023-07-27,3.75,0.0,Hora extra paga
7196,1025,2022-10-02,5.25,0.0,Hora extra paga
7197,1025,2025-09-22,2.85,0.0,Hora extra paga
7198,1026,2023-05-06,0.96,0.96,Banco de horas positivo
7199,1026,2020-08-25,3.81,0.0,Hora extra paga
7200,1026,2025-04-07,7.77,0.0,Compensação
7201,1026,2025-09-13,4.88,0.0,Compensação
7202,1026,2024-06-23,3.89,0.0,Hora extra paga
7203,1026,2019-10-01,6.27,0.0,Hora extra paga
7204,1026,2020-07-01,1.12,0.0,Hora extra paga
7205,1026,2025-01-27,4.02,0.0,Hora extra paga
7206,1026,2025-11-10,5.24,0.0,Hora extra paga
7207,1026,2021-08-24,2.23,0.0,Hora extra paga
7208,1026,2021-06-18,3.48,3.48,Banco de horas positivo
7209,1026,2022-11-21,6.24,0.0,Hora extra paga
7210,1026,2021-07-30,4.58,0.0,Compensação
7211,1026,2019-12-28,4.91,0.0,Hora extra paga
7212,1026,2021-06-02,1.01,0.0,Hora extra paga
7213,1026,2022-09-30,1.56,0.0,Compensação
7214,1026,2025-10-24,7.77,0.0,Hora extra paga
7215,1026,2021-12-26,4.39,0.0,Compensação
7216,1027,2024-10-05,8.83,0.0,Hora extra paga
7217,1027,2024-05-18,6.46,6.46,Banco de horas positivo
7218,1027,2024-04-06,9.08,0.0,Hora extra paga
7219,1027,2025-09-05,1.62,0.0,Hora extra paga
7220,1027,2024-04-06,7.09,7.09,Banco de horas positivo
7221,1027,2023-09-25,3.26,3.26,Banco de horas positivo
7222,1027,2025-09-02,5.97,0.0,Hora extra paga
7223,1027,2024-11-27,4.22,4.22,Banco de horas positivo
7224,1027,2023-12-27,6.6,6.6,Banco de horas positivo
7225,1027,2024-02-17,1.2,0.0,Hora extra paga
7226,1027,2024-04-08,6.35,6.35,Banco de horas positivo
7227,1027,2024-06-25,1.99,0.0,Compensação
7228,1028,2023-09-08,1.38,1.38,Banco de horas positivo
7229,1028,2025-08-30,4.76,0.0,Compensação
7230,1029,2024-01-26,2.16,0.0,Hora extra paga
7231,1029,2023-04-17,3.66,0.0,Hora extra paga
7232,1029,2024-12-31,1.55,0.0,Hora extra paga
7233,1029,2024-05-15,2.63,2.63,Banco de horas positivo
7234,1029,2025-05-26,5.89,0.0,Hora extra paga
7235,1029,2023-08-16,0.95,0.0,Hora extra paga
7236,1029,2024-09-14,1.99,1.99,Banco de horas positivo
7237,1029,2025-05-21,1.54,0.0,Hora extra paga
7238,1029,2022-04-02,1.38,0.0,Hora extra paga
7239,1029,2023-02-12,1.51,1.51,Banco de horas positivo
7240,1029,2024-03-15,0.91,0.0,Hora extra paga
7241,1029,2023-11-01,0.3,0.0,Hora extra paga
7242,1029,2025-03-12,2.9,0.0,Hora extra paga
7243,1029,2024-04-06,2.97,2.97,Banco de horas positivo
7244,1030,2022-01-24,4.18,4.18,Banco de horas positivo
7245,1030,2022-12-04,0.42,0.0,Hora extra paga
7246,1030,2021-07-27,3.61,0.0,Hora extra paga
7247,1030,2023-02-23,6.01,6.01,Banco de horas positivo
7248,1030,2023-12-09,12.0,0.0,Hora extra paga
7249,1030,2023-12-26,3.21,0.0,Hora extra paga
7250,1030,2021-01-12,4.2,4.2,Banco de horas positivo
7251,1030,2022-05-18,4.04,0.0,Hora extra paga
7252,1030,2024-08-29,8.76,0.0,Hora extra paga
7253,1030,2023-06-04,5.43,0.0,Hora extra paga
7254,1031,2023-03-19,1.85,0.0,Hora extra paga
7255,1031,2023-05-09,6.63,6.63,Banco de horas positivo
7256,1031,2025-02-18,6.97,6.97,Banco de horas positivo
7257,1031,2024-09-03,11.29,11.29,Banco de horas positivo
7258,1031,2023-09-26,8.2,0.0,Hora extra paga
7259,1031,2022-08-06,2.7,2.7,Banco de horas positivo
7260,1031,2025-11-26,2.41,0.0,Hora extra paga
7261,1031,2022-04-23,0.83,0.0,Hora extra paga
7262,1031,2022-04-05,7.61,7.61,Banco de horas positivo
7263,1031,2025-07-31,2.39,2.39,Banco de horas positivo
7264,1032,2022-08-03,2.21,0.0,Hora extra paga
7265,1032,2021-12-17,2.16,2.16,Banco de horas positivo
7266,1032,2023-06-30,2.03,2.03,Banco de horas positivo
7267,1032,2025-08-03,4.2,0.0,Hora extra paga
7268,1034,2022-07-20,3.0,0.0,Hora extra paga
7269,1034,2025-10-14,1.77,0.0,Hora extra paga
7270,1034,2022-04-11,0.43,0.0,Hora extra paga
7271,1034,2024-03-03,1.41,0.0,Hora extra paga
7272,1034,2021-10-09,2.13,0.0,Hora extra paga
7273,1034,2020-09-21,2.54,0.0,Hora extra paga
7274,1034,2019-10-17,2.77,0.0,Hora extra paga
7275,1034,2023-02-24,0.44,0.44,Banco de horas positivo
7276,1034,2021-11-21,2.95,0.0,Hora extra paga
7277,1034,2021-05-25,4.32,0.0,Hora extra paga
7278,1034,2022-05-15,1.31,0.0,Hora extra paga
7279,1034,2025-05-20,1.62,1.62,Banco de horas positivo
7280,1034,2025-07-14,0.95,0.0,Hora extra paga
7281,1034,2018-12-12,2.61,2.61,Banco de horas positivo
7282,1034,2019-02-18,11.25,11.25,Banco de horas positivo
7283,1034,2025-04-16,6.9,6.9,Banco de horas positivo
7284,1034,2021-03-28,3.55,0.0,Hora extra paga
7285,1034,2024-02-12,3.81,3.81,Banco de horas positivo
7286,1034,2024-10-01,5.22,0.0,Hora extra paga
7287,1034,2019-08-22,12.0,0.0,Hora extra paga
7288,1034,2021-09-14,3.22,3.22,Banco de horas positivo
7289,1034,2023-07-24,6.87,0.0,Compensação
7290,1035,2023-05-22,1.19,1.19,Banco de horas positivo
7291,1035,2024-10-25,2.15,2.15,Banco de horas positivo
7292,1035,2025-11-05,1.81,1.81,Banco de horas positivo
7293,1035,2025-05-29,1.3,1.3,Banco de horas positivo
7294,1035,2023-08-20,4.71,0.0,Hora extra paga
7295,1036,2023-05-26,9.28,9.28,Banco de horas positivo
7296,1036,2022-08-06,2.94,2.94,Banco de horas positivo
7297,1036,2025-03-20,0.44,0.44,Banco de horas positivo
7298,1036,2025-10-09,3.69,0.0,Hora extra paga
7299,1036,2025-12-19,6.01,6.01,Banco de horas positivo
7300,1037,2019-09-19,1.8,0.0,Hora extra paga
7301,1037,2019-10-17,4.26,0.0,Compensação
7302,1037,2019-06-09,4.51,4.51,Banco de horas positivo
7303,1038,2025-06-24,1.54,0.0,Hora extra paga
7304,1039,2023-08-10,8.57,0.0,Hora extra paga
7305,1039,2024-02-02,4.05,0.0,Hora extra paga
7306,1039,2024-07-21,5.01,0.0,Hora extra paga
7307,1040,2024-04-02,5.09,0.0,Hora extra paga
7308,1040,2023-06-07,12.0,0.0,Hora extra paga
7309,1040,2024-09-20,1.79,1.79,Banco de horas positivo
7310,1040,2025-04-23,3.6,3.6,Banco de horas positivo
7311,1040,2024-06-19,2.31,2.31,Banco de horas positivo
7312,1040,2025-07-25,2.87,2.87,Banco de horas positivo
7313,1040,2025-01-10,1.81,1.81,Banco de horas positivo
7314,1040,2025-11-25,4.29,0.0,Hora extra paga
7315,1041,2025-10-15,2.6,2.6,Banco de horas positivo
7316,1041,2022-12-16,2.57,0.0,Hora extra paga
7317,1041,2025-11-30,4.16,0.0,Hora extra paga
7318,1041,2023-04-27,5.53,0.0,Hora extra paga
7319,1042,2023-01-12,9.11,0.0,Compensação
7320,1042,2024-10-19,6.22,0.0,Compensação
7321,1042,2025-05-25,5.51,0.0,Hora extra paga
7322,1042,2021-08-18,4.75,4.75,Banco de horas positivo
7323,1043,2024-08-07,2.25,0.0,Hora extra paga
7324,1043,2025-09-15,0.76,0.76,Banco de horas positivo
7325,1044,2025-05-05,3.05,0.0,Compensação
7326,1044,2024-06-23,4.59,0.0,Hora extra paga
7327,1044,2025-06-07,2.08,0.0,Hora extra paga
7328,1044,2023-07-18,4.01,4.01,Banco de horas positivo
7329,1044,2025-03-25,12.0,0.0,Hora extra paga
7330,1045,2022-10-28,1.98,1.98,Banco de horas positivo
7331,1046,2022-09-13,3.86,0.0,Hora extra paga
7332,1046,2020-05-06,1.83,0.0,Hora extra paga
7333,1046,2025-03-12,0.31,0.31,Banco de horas positivo
7334,1047,2024-02-18,2.44,0.0,Hora extra paga
7335,1047,2024-12-10,0.27,0.0,Hora extra paga
7336,1047,2025-06-16,10.29,0.0,Hora extra paga
7337,1047,2025-03-30,4.29,0.0,Hora extra paga
7338,1047,2022-03-25,1.11,0.0,Hora extra paga
7339,1048,2025-03-07,3.94,3.94,Banco de horas positivo
7340,1048,2025-04-22,2.63,0.0,Hora extra paga
7341,1048,2025-09-24,7.95,7.95,Banco de horas positivo
7342,1049,2023-10-05,0.71,0.71,Banco de horas positivo
7343,1049,2024-12-29,2.13,0.0,Hora extra paga
7344,1049,2022-01-11,3.92,3.92,Banco de horas positivo
7345,1049,2024-04-30,2.9,2.9,Banco de horas positivo
7346,1049,2025-10-27,3.33,3.33,Banco de horas positivo
7347,1049,2021-09-17,4.05,0.0,Hora extra paga
7348,1050,2018-08-06,2.22,0.0,Hora extra paga
7349,1050,2024-04-08,1.88,0.0,Hora extra paga
7350,1050,2021-12-04,3.08,0.0,Hora extra paga
7351,1050,2022-03-23,3.07,3.07,Banco de horas positivo
7352,1050,2018-12-06,4.46,0.0,Hora extra paga
7353,1050,2023-07-27,4.32,0.0,Hora extra paga
7354,1050,2024-10-10,4.19,4.19,Banco de horas positivo
7355,1050,2022-10-16,5.84,0.0,Hora extra paga
7356,1050,2018-09-13,5.02,5.02,Banco de horas positivo
7357,1050,2021-09-22,12.0,0.0,Hora extra paga
7358,1050,2021-02-13,4.99,0.0,Hora extra paga
7359,1050,2022-07-19,5.32,0.0,Hora extra paga
7360,1050,2023-02-03,1.5,0.0,Hora extra paga
7361,1051,2023-10-22,2.14,0.0,Hora extra paga
7362,1051,2019-05-18,1.85,0.0,Hora extra paga
7363,1051,2022-10-15,2.6,0.0,Hora extra paga
7364,1051,2019-05-31,2.22,0.0,Hora extra paga
7365,1051,2021-07-23,4.01,0.0,Hora extra paga
7366,1051,2021-10-13,2.18,2.18,Banco de horas positivo
7367,1051,2023-12-26,5.17,0.0,Compensação
7368,1051,2021-12-30,0.4,0.0,Hora extra paga
7369,1051,2023-10-08,1.22,0.0,Hora extra paga
7370,1051,2025-08-23,1.72,0.0,Compensação
7371,1051,2024-09-17,2.28,0.0,Hora extra paga
7372,1051,2021-10-04,1.86,1.86,Banco de horas positivo
7373,1051,2021-05-16,2.52,2.52,Banco de horas positivo
7374,1051,2019-04-22,2.21,2.21,Banco de horas positivo
7375,1051,2023-06-13,3.79,3.79,Banco de horas positivo
7376,1051,2024-06-02,2.26,0.0,Hora extra paga
7377,1051,2023-12-09,2.62,0.0,Compensação
7378,1051,2021-05-15,8.12,8.12,Banco de horas positivo
7379,1051,2019-04-03,12.0,0.0,Hora extra paga
7380,1051,2023-07-17,1.24,0.0,Hora extra paga
7381,1052,2025-02-06,1.21,0.0,Hora extra paga
7382,1053,2021-01-27,3.1,0.0,Compensação
7383,1053,2025-11-14,3.64,0.0,Compensação
7384,1053,2021-03-31,1.02,1.02,Banco de horas positivo
7385,1053,2021-10-11,1.93,1.93,Banco de horas positivo
7386,1053,2021-10-13,1.79,0.0,Hora extra paga
7387,1053,2024-06-10,6.95,0.0,Compensação
7388,1053,2024-04-29,4.63,0.0,Hora extra paga
7389,1053,2025-01-21,3.26,0.0,Hora extra paga
7390,1053,2022-11-17,7.72,0.0,Hora extra paga
7391,1053,2020-08-20,1.84,0.0,Hora extra paga
7392,1053,2019-11-28,3.08,0.0,Hora extra paga
7393,1053,2025-06-19,7.25,7.25,Banco de horas positivo
7394,1053,2024-10-17,1.22,1.22,Banco de horas positivo
7395,1053,2025-06-04,1.04,1.04,Banco de horas positivo
7396,1053,2025-05-30,6.73,0.0,Hora extra paga
7397,1053,2024-07-22,4.28,0.0,Hora extra paga
7398,1053,2023-06-01,0.94,0.0,Hora extra paga
7399,1053,2022-03-04,3.3,0.0,Hora extra paga
7400,1053,2025-05-11,3.41,3.41,Banco de horas positivo
7401,1053,2023-06-03,8.46,0.0,Hora extra paga
7402,1053,2020-04-01,3.25,0.0,Hora extra paga
7403,1054,2022-08-21,7.16,0.0,Hora extra paga
7404,1054,2022-11-15,3.79,3.79,Banco de horas positivo
7405,1054,2023-08-29,2.21,0.0,Hora extra paga
7406,1054,2022-02-16,3.45,3.45,Banco de horas positivo
7407,1055,2024-10-24,1.94,0.0,Compensação
7408,1055,2022-06-16,2.75,0.0,Hora extra paga
7409,1055,2023-07-31,2.31,0.0,Hora extra paga
7410,1055,2022-01-22,9.23,0.0,Compensação
7411,1055,2025-12-09,4.48,4.48,Banco de horas positivo
7412,1055,2025-10-24,4.36,4.36,Banco de horas positivo
7413,1055,2025-07-25,4.33,4.33,Banco de horas positivo
7414,1055,2024-08-24,6.5,0.0,Hora extra paga
7415,1056,2019-10-12,1.16,0.0,Hora extra paga
7416,1056,2023-01-15,4.64,0.0,Hora extra paga
7417,1056,2023-02-16,2.84,2.84,Banco de horas positivo
7418,1056,2019-10-03,1.32,1.32,Banco de horas positivo
7419,1056,2022-11-26,5.65,5.65,Banco de horas positivo
7420,1056,2025-11-29,3.15,0.0,Hora extra paga
7421,1056,2021-01-21,1.0,0.0,Hora extra paga
7422,1057,2022-01-31,6.95,0.0,Hora extra paga
7423,1057,2025-12-13,4.29,4.29,Banco de horas positivo
7424,1057,2021-12-19,1.74,0.0,Hora extra paga
7425,1057,2025-03-14,0.75,0.75,Banco de horas positivo
7426,1057,2023-11-10,3.0,3.0,Banco de horas positivo
7427,1057,2021-08-20,10.42,10.42,Banco de horas positivo
7428,1057,2022-10-11,2.42,2.42,Banco de horas positivo
7429,1057,2024-12-08,2.48,2.48,Banco de horas positivo
7430,1057,2024-06-13,10.0,0.0,Compensação
7431,1057,2023-09-04,1.95,0.0,Hora extra paga
7432,1057,2025-08-05,5.33,0.0,Hora extra paga
7433,1057,2025-03-25,3.19,0.0,Hora extra paga
7434,1057,2025-08-05,1.5,0.0,Compensação
7435,1057,2021-09-28,3.27,3.27,Banco de horas positivo
7436,1057,2024-05-12,3.13,0.0,Hora extra paga
7437,1058,2024-08-05,4.23,0.0,Hora extra paga
7438,1058,2025-01-21,3.16,0.0,Hora extra paga
7439,1058,2020-06-04,2.67,2.67,Banco de horas positivo
7440,1058,2024-08-28,2.74,2.74,Banco de horas positivo
7441,1058,2024-06-22,0.94,0.0,Hora extra paga
7442,1058,2022-05-27,10.09,10.09,Banco de horas positivo
7443,1058,2022-03-10,3.74,0.0,Hora extra paga
7444,1060,2021-08-29,3.72,3.72,Banco de horas positivo
7445,1060,2025-08-04,3.63,0.0,Hora extra paga
7446,1060,2021-09-15,1.35,0.0,Hora extra paga
7447,1060,2023-07-28,3.86,0.0,Hora extra paga
7448,1060,2025-08-05,0.79,0.0,Compensação
7449,1060,2022-03-25,4.58,0.0,Hora extra paga
7450,1060,2024-07-22,2.39,0.0,Hora extra paga
7451,1060,2025-02-08,4.58,0.0,Hora extra paga
7452,1060,2021-05-26,0.55,0.0,Hora extra paga
7453,1060,2023-12-23,4.01,4.01,Banco de horas positivo
7454,1060,2022-05-23,1.62,0.0,Hora extra paga
7455,1060,2025-11-09,5.89,5.89,Banco de horas positivo
7456,1061,2025-12-20,3.08,0.0,Hora extra paga
7457,1061,2025-12-20,2.29,2.29,Banco de horas positivo
7458,1062,2020-03-13,9.07,0.0,Hora extra paga
7459,1062,2023-12-01,3.71,0.0,Hora extra paga
7460,1062,2025-02-10,12.0,0.0,Hora extra paga
7461,1062,2019-02-09,6.32,6.32,Banco de horas positivo
7462,1062,2025-10-03,1.31,1.31,Banco de horas positivo
7463,1062,2024-07-24,5.71,5.71,Banco de horas positivo
7464,1062,2024-03-23,2.91,2.91,Banco de horas positivo
7465,1062,2020-01-01,4.29,0.0,Hora extra paga
7466,1062,2023-09-17,4.3,0.0,Hora extra paga
7467,1062,2019-07-22,0.98,0.98,Banco de horas positivo
7468,1063,2025-01-04,1.33,0.0,Hora extra paga
7469,1063,2020-06-08,5.29,5.29,Banco de horas positivo
7470,1063,2023-05-28,1.7,1.7,Banco de horas positivo
7471,1063,2022-05-01,2.16,2.16,Banco de horas positivo
7472,1063,2020-12-30,2.28,0.0,Hora extra paga
7473,1063,2021-04-29,3.13,0.0,Hora extra paga
7474,1063,2023-11-29,2.33,0.0,Hora extra paga
7475,1063,2019-09-22,4.2,4.2,Banco de horas positivo
7476,1063,2023-11-04,3.27,0.0,Compensação
7477,1063,2018-10-11,2.82,0.0,Hora extra paga
7478,1063,2024-09-11,5.73,0.0,Hora extra paga
7479,1063,2023-06-15,6.04,0.0,Hora extra paga
7480,1063,2022-03-01,1.87,0.0,Hora extra paga
7481,1063,2025-07-23,4.29,4.29,Banco de horas positivo
7482,1063,2021-08-26,5.74,0.0,Hora extra paga
7483,1063,2020-08-19,6.95,0.0,Hora extra paga
7484,1063,2023-04-03,7.44,0.0,Hora extra paga
7485,1063,2025-04-18,8.09,8.09,Banco de horas positivo
7486,1063,2021-12-25,2.06,2.06,Banco de horas positivo
7487,1063,2020-06-24,3.64,3.64,Banco de horas positivo
7488,1063,2019-01-18,5.48,0.0,Hora extra paga
7489,1063,2021-01-08,1.69,0.0,Hora extra paga
7490,1063,2025-05-05,12.0,12.0,Banco de horas positivo
7491,1064,2025-01-29,10.45,0.0,Hora extra paga
7492,1064,2025-07-03,1.49,0.0,Hora extra paga
7493,1064,2025-06-10,11.79,0.0,Hora extra paga
7494,1064,2024-03-27,3.67,3.67,Banco de horas positivo
7495,1064,2023-10-28,2.05,0.0,Hora extra paga
7496,1065,2023-12-05,0.65,0.0,Hora extra paga
7497,1065,2024-06-05,6.53,6.53,Banco de horas positivo
7498,1065,2024-04-16,4.3,0.0,Hora extra paga
7499,1065,2025-12-19,6.11,6.11,Banco de horas positivo
7500,1065,2022-09-14,3.72,0.0,Hora extra paga
7501,1065,2023-03-25,3.67,0.0,Hora extra paga
7502,1065,2024-03-06,4.01,4.01,Banco de horas positivo
7503,1065,2024-08-09,3.49,3.49,Banco de horas positivo
7504,1065,2025-10-07,1.0,0.0,Hora extra paga
7505,1065,2024-12-10,2.4,0.0,Compensação
7506,1066,2023-10-16,10.55,0.0,Hora extra paga
7507,1066,2019-01-18,2.35,0.0,Hora extra paga
7508,1066,2023-01-06,0.55,0.0,Hora extra paga
7509,1066,2025-06-18,1.11,1.11,Banco de horas positivo
7510,1066,2020-10-05,3.82,3.82,Banco de horas positivo
7511,1066,2019-06-18,1.59,0.0,Hora extra paga
7512,1066,2025-08-31,9.12,9.12,Banco de horas positivo
7513,1066,2022-07-24,0.64,0.0,Hora extra paga
7514,1066,2024-10-15,5.19,0.0,Hora extra paga
7515,1067,2024-02-15,6.23,0.0,Compensação
7516,1067,2021-04-30,4.45,0.0,Compensação
7517,1067,2019-03-23,3.18,0.0,Compensação
7518,1067,2023-04-29,3.44,0.0,Hora extra paga
7519,1069,2024-12-24,1.32,0.0,Hora extra paga
7520,1069,2025-06-20,2.74,0.0,Hora extra paga
7521,1069,2025-05-12,1.35,1.35,Banco de horas positivo
7522,1069,2024-11-05,9.75,0.0,Hora extra paga
7523,1069,2025-12-17,4.65,4.65,Banco de horas positivo
7524,1070,2021-11-03,4.43,0.0,Compensação
7525,1070,2021-05-25,0.53,0.0,Hora extra paga
7526,1070,2024-07-17,1.78,0.0,Hora extra paga
7527,1071,2025-07-22,3.88,0.0,Hora extra paga
7528,1071,2025-07-05,2.44,0.0,Hora extra paga
7529,1071,2025-03-29,3.03,0.0,Hora extra paga
7530,1071,2025-05-16,0.85,0.0,Hora extra paga
7531,1072,2025-12-10,10.57,0.0,Hora extra paga
7532,1072,2022-07-24,9.45,0.0,Hora extra paga
7533,1072,2024-10-01,4.89,0.0,Hora extra paga
7534,1072,2025-02-27,4.36,4.36,Banco de horas positivo
7535,1072,2022-10-06,4.99,4.99,Banco de horas positivo
7536,1072,2024-06-17,2.59,0.0,Hora extra paga
7537,1072,2024-10-12,5.0,0.0,Hora extra paga
7538,1072,2024-12-14,6.59,6.59,Banco de horas positivo
7539,1072,2022-03-03,4.25,0.0,Hora extra paga
7540,1072,2024-04-21,6.28,6.28,Banco de horas positivo
7541,1072,2025-09-10,8.67,0.0,Compensação
7542,1072,2024-04-01,3.5,0.0,Hora extra paga
7543,1072,2025-09-24,2.79,0.0,Hora extra paga
7544,1072,2023-08-29,0.52,0.0,Compensação
7545,1072,2025-11-09,2.84,0.0,Hora extra paga
7546,1072,2023-05-20,2.12,0.0,Hora extra paga
7547,1073,2020-01-25,3.45,3.45,Banco de horas positivo
7548,1073,2022-08-23,3.9,0.0,Hora extra paga
7549,1073,2024-09-15,3.17,0.0,Hora extra paga
7550,1073,2025-04-17,10.07,0.0,Hora extra paga
7551,1073,2019-05-16,1.89,1.89,Banco de horas positivo
7552,1073,2019-12-11,5.08,0.0,Hora extra paga
7553,1073,2023-01-17,9.23,9.23,Banco de horas positivo
7554,1073,2021-08-15,2.4,0.0,Hora extra paga
7555,1073,2025-04-21,2.25,0.0,Hora extra paga
7556,1073,2020-05-19,3.66,0.0,Hora extra paga
7557,1073,2024-07-09,1.19,0.0,Hora extra paga
7558,1073,2019-11-01,4.89,4.89,Banco de horas positivo
7559,1073,2022-06-22,5.15,0.0,Hora extra paga
7560,1073,2018-10-22,2.63,2.63,Banco de horas positivo
7561,1073,2021-01-11,2.96,0.0,Hora extra paga
7562,1073,2023-10-28,2.01,0.0,Hora extra paga
7563,1073,2019-04-23,4.73,0.0,Hora extra paga
7564,1073,2020-01-27,1.01,0.0,Hora extra paga
7565,1073,2024-02-16,4.34,0.0,Hora extra paga
7566,1073,2019-05-26,5.34,5.34,Banco de horas positivo
7567,1073,2025-07-04,2.13,2.13,Banco de horas positivo
7568,1073,2020-07-16,3.03,3.03,Banco de horas positivo
7569,1074,2023-10-04,8.51,0.0,Hora extra paga
7570,1074,2022-06-25,4.09,0.0,Hora extra paga
7571,1074,2019-08-12,9.73,0.0,Hora extra paga
7572,1074,2024-02-20,3.91,0.0,Hora extra paga
7573,1074,2019-09-03,3.63,0.0,Hora extra paga
7574,1074,2021-06-01,3.69,0.0,Hora extra paga
7575,1074,2019-06-26,2.48,0.0,Hora extra paga
7576,1074,2024-11-20,5.46,5.46,Banco de horas positivo
7577,1074,2025-03-08,6.55,0.0,Hora extra paga
7578,1074,2019-06-27,0.88,0.0,Hora extra paga
7579,1074,2024-12-09,4.72,0.0,Compensação
7580,1075,2025-09-11,0.46,0.0,Hora extra paga
7581,1075,2024-02-01,2.19,0.0,Hora extra paga
7582,1076,2025-07-14,3.91,0.0,Hora extra paga
7583,1077,2024-01-14,2.75,2.75,Banco de horas positivo
7584,1078,2024-10-03,2.05,0.0,Hora extra paga
7585,1078,2023-05-06,2.46,2.46,Banco de horas positivo
7586,1078,2025-06-19,5.91,0.0,Hora extra paga
7587,1078,2023-06-07,3.46,3.46,Banco de horas positivo
7588,1078,2025-11-14,4.34,0.0,Compensação
7589,1078,2024-10-29,9.66,0.0,Compensação
7590,1078,2025-08-02,3.35,3.35,Banco de horas positivo
7591,1078,2023-06-24,2.91,0.0,Hora extra paga
7592,1078,2024-02-29,2.92,0.0,Hora extra paga
7593,1078,2024-03-06,8.04,0.0,Hora extra paga
7594,1078,2025-06-15,3.11,0.0,Hora extra paga
7595,1078,2024-05-01,4.55,0.0,Compensação
7596,1079,2024-10-08,2.18,0.0,Hora extra paga
7597,1080,2025-11-14,5.23,0.0,Hora extra paga
7598,1080,2022-04-11,6.84,0.0,Hora extra paga
7599,1080,2024-09-25,12.0,0.0,Hora extra paga
7600,1080,2022-12-29,2.87,0.0,Hora extra paga
7601,1081,2022-02-22,4.1,0.0,Hora extra paga
7602,1081,2022-02-13,12.0,0.0,Hora extra paga
7603,1081,2022-07-19,4.36,4.36,Banco de horas positivo
7604,1081,2022-04-28,4.73,4.73,Banco de horas positivo
7605,1081,2021-08-25,4.12,0.0,Hora extra paga
7606,1081,2022-04-13,2.13,0.0,Hora extra paga
7607,1081,2021-03-19,3.51,0.0,Hora extra paga
7608,1082,2024-06-11,3.27,3.27,Banco de horas positivo
7609,1082,2024-06-22,4.55,0.0,Hora extra paga
7610,1082,2023-06-20,3.66,0.0,Hora extra paga
7611,1082,2024-05-21,7.52,0.0,Hora extra paga
7612,1082,2022-05-24,3.42,0.0,Hora extra paga
7613,1082,2021-05-06,8.29,8.29,Banco de horas positivo
7614,1082,2021-04-09,3.67,0.0,Hora extra paga
7615,1083,2023-02-01,3.56,0.0,Hora extra paga
7616,1083,2024-06-10,12.0,0.0,Hora extra paga
7617,1083,2018-05-30,2.85,0.0,Hora extra paga
7618,1083,2023-02-17,3.09,0.0,Hora extra paga
7619,1083,2025-01-11,7.45,7.45,Banco de horas positivo
7620,1083,2019-08-25,2.72,2.72,Banco de horas positivo
7621,1083,2025-02-10,3.51,0.0,Hora extra paga
7622,1083,2022-09-14,1.08,0.0,Hora extra paga
7623,1083,2019-08-16,6.51,0.0,Compensação
7624,1083,2020-04-23,3.77,3.77,Banco de horas positivo
7625,1083,2023-09-07,8.8,8.8,Banco de horas positivo
7626,1083,2022-12-10,3.15,3.15,Banco de horas positivo
7627,1083,2022-10-13,2.45,2.45,Banco de horas positivo
7628,1083,2019-11-15,1.79,0.0,Hora extra paga
7629,1083,2018-07-24,2.67,0.0,Hora extra paga
7630,1083,2024-08-21,7.21,0.0,Hora extra paga
7631,1083,2018-10-04,5.31,5.31,Banco de horas positivo
7632,1083,2024-05-02,8.51,0.0,Hora extra paga
7633,1083,2019-11-19,6.05,6.05,Banco de horas positivo
7634,1083,2018-07-29,0.12,0.0,Hora extra paga
7635,1083,2021-01-29,1.61,0.0,Hora extra paga
7636,1083,2025-05-24,1.12,1.12,Banco de horas positivo
7637,1083,2019-09-25,4.94,0.0,Hora extra paga
7638,1083,2023-07-03,4.54,0.0,Compensação
7639,1083,2019-01-09,5.87,5.87,Banco de horas positivo
7640,1083,2025-07-07,1.12,0.0,Hora extra paga
7641,1084,2025-08-19,5.32,0.0,Hora extra paga
7642,1085,2022-01-08,7.84,0.0,Hora extra paga
7643,1085,2022-09-17,2.57,2.57,Banco de horas positivo
7644,1086,2024-10-13,1.62,1.62,Banco de horas positivo
7645,1086,2024-12-23,1.85,1.85,Banco de horas positivo
7646,1086,2025-01-09,2.6,0.0,Hora extra paga
7647,1086,2024-12-28,2.5,0.0,Hora extra paga
7648,1086,2024-11-06,1.56,0.0,Hora extra paga
7649,1086,2025-02-24,0.89,0.89,Banco de horas positivo
7650,1086,2025-11-27,2.4,0.0,Hora extra paga
7651,1088,2025-08-06,5.61,0.0,Hora extra paga
7652,1088,2025-01-16,5.08,0.0,Hora extra paga
7653,1090,2025-03-28,5.48,0.0,Hora extra paga
7654,1090,2023-01-22,4.63,4.63,Banco de horas positivo
7655,1091,2022-10-25,1.93,0.0,Hora extra paga
7656,1091,2024-12-02,2.93,0.0,Hora extra paga
7657,1091,2024-07-02,3.39,0.0,Hora extra paga
7658,1091,2019-02-19,5.84,0.0,Hora extra paga
7659,1091,2019-12-24,1.21,0.0,Hora extra paga
7660,1091,2021-01-26,3.63,0.0,Hora extra paga
7661,1091,2019-03-11,1.55,0.0,Compensação
7662,1091,2022-05-19,1.66,0.0,Compensação
7663,1091,2020-09-01,5.25,0.0,Hora extra paga
7664,1091,2022-05-31,2.95,2.95,Banco de horas positivo
7665,1091,2020-11-20,0.26,0.26,Banco de horas positivo
7666,1091,2023-04-06,0.98,0.0,Compensação
7667,1092,2025-01-24,1.76,1.76,Banco de horas positivo
7668,1092,2025-08-09,7.41,7.41,Banco de horas positivo
7669,1093,2025-02-03,1.85,0.0,Hora extra paga
7670,1093,2021-11-08,3.06,3.06,Banco de horas positivo
7671,1093,2025-01-12,3.92,3.92,Banco de horas positivo
7672,1093,2022-04-03,4.52,0.0,Compensação
7673,1093,2022-08-16,2.12,2.12,Banco de horas positivo
7674,1093,2022-12-31,5.2,5.2,Banco de horas positivo
7675,1093,2024-04-27,9.08,0.0,Hora extra paga
7676,1093,2023-10-16,7.27,7.27,Banco de horas positivo
7677,1093,2023-02-22,1.38,0.0,Hora extra paga
7678,1093,2021-10-19,5.35,0.0,Hora extra paga
7679,1093,2022-10-10,0.99,0.0,Compensação
7680,1094,2023-08-20,3.76,3.76,Banco de horas positivo
7681,1094,2022-01-13,7.98,0.0,Compensação
7682,1094,2023-09-27,2.11,0.0,Hora extra paga
7683,1094,2023-01-27,5.64,0.0,Hora extra paga
7684,1094,2022-10-24,2.8,0.0,Hora extra paga
7685,1094,2025-02-12,4.67,0.0,Hora extra paga
7686,1094,2024-06-28,1.03,1.03,Banco de horas positivo
7687,1094,2020-11-14,2.77,0.0,Hora extra paga
7688,1094,2021-12-10,5.37,0.0,Hora extra paga
7689,1094,2023-12-18,5.61,0.0,Hora extra paga
7690,1094,2022-08-27,1.01,0.0,Hora extra paga
7691,1094,2024-03-07,6.88,0.0,Hora extra paga
7692,1094,2024-10-22,3.62,3.62,Banco de horas positivo
7693,1094,2023-01-22,6.43,6.43,Banco de horas positivo
7694,1094,2020-07-18,1.97,0.0,Compensação
7695,1095,2022-02-27,7.42,0.0,Hora extra paga
7696,1095,2025-08-24,5.68,0.0,Hora extra paga
7697,1095,2023-01-24,10.83,10.83,Banco de horas positivo
7698,1095,2022-10-11,4.8,0.0,Compensação
7699,1095,2023-07-10,8.17,8.17,Banco de horas positivo
7700,1095,2023-03-15,1.28,1.28,Banco de horas positivo
7701,1095,2022-03-01,2.94,2.94,Banco de horas positivo
7702,1095,2025-09-15,4.95,4.95,Banco de horas positivo
7703,1095,2025-04-14,9.7,0.0,Hora extra paga
7704,1095,2023-02-23,7.25,7.25,Banco de horas positivo
7705,1095,2021-08-27,4.38,4.38,Banco de horas positivo
7706,1095,2023-05-23,4.77,4.77,Banco de horas positivo
7707,1096,2020-09-02,4.24,4.24,Banco de horas positivo
7708,1096,2020-04-19,1.93,0.0,Hora extra paga
7709,1096,2021-08-20,1.97,0.0,Hora extra paga
7710,1096,2021-10-26,7.91,7.91,Banco de horas positivo
7711,1096,2020-11-13,0.38,0.0,Hora extra paga
7712,1096,2020-05-23,3.73,3.73,Banco de horas positivo
7713,1096,2021-01-30,1.76,1.76,Banco de horas positivo
7714,1096,2021-10-15,5.68,5.68,Banco de horas positivo
7715,1096,2019-11-25,8.44,0.0,Compensação
7716,1096,2021-08-21,1.5,0.0,Hora extra paga
7717,1096,2021-03-03,2.29,0.0,Hora extra paga
7718,1096,2021-12-17,4.45,0.0,Hora extra paga
7719,1097,2024-11-14,5.64,0.0,Hora extra paga
7720,1097,2024-06-19,5.41,0.0,Hora extra paga
7721,1097,2023-12-20,1.66,0.0,Compensação
7722,1097,2022-07-01,2.46,0.0,Hora extra paga
7723,1097,2023-10-08,4.5,0.0,Hora extra paga
7724,1097,2024-08-25,6.78,6.78,Banco de horas positivo
7725,1098,2025-02-15,1.6,1.6,Banco de horas positivo
7726,1098,2024-06-04,3.83,0.0,Hora extra paga
7727,1098,2022-01-06,3.65,0.0,Hora extra paga
7728,1098,2025-03-15,3.45,0.0,Hora extra paga
7729,1098,2025-05-29,3.1,0.0,Hora extra paga
7730,1098,2025-07-12,9.62,0.0,Hora extra paga
7731,1098,2023-05-08,2.3,0.0,Hora extra paga
7732,1098,2023-07-22,3.33,3.33,Banco de horas positivo
7733,1098,2021-04-24,3.8,0.0,Compensação
7734,1099,2020-10-24,2.54,2.54,Banco de horas positivo
7735,1099,2023-06-07,1.88,1.88,Banco de horas positivo
7736,1099,2025-11-15,6.67,6.67,Banco de horas positivo
7737,1100,2023-08-14,4.71,0.0,Compensação
7738,1100,2024-02-21,2.29,2.29,Banco de horas positivo
7739,1100,2021-05-04,4.71,0.0,Hora extra paga
7740,1100,2024-05-10,6.44,0.0,Hora extra paga
7741,1100,2022-09-11,4.19,4.19,Banco de horas positivo
7742,1100,2021-08-26,1.69,1.69,Banco de horas positivo
7743,1100,2023-01-14,2.4,2.4,Banco de horas positivo
7744,1100,2023-02-28,0.9,0.0,Hora extra paga
7745,1100,2020-04-04,7.7,7.7,Banco de horas positivo
7746,1100,2020-10-07,4.89,4.89,Banco de horas positivo
7747,1101,2023-12-26,2.02,0.0,Hora extra paga
7748,1101,2024-04-10,3.53,0.0,Hora extra paga
7749,1102,2025-06-21,4.9,0.0,Hora extra paga
7750,1102,2024-05-18,3.77,3.77,Banco de horas positivo
7751,1102,2025-05-04,4.44,0.0,Hora extra paga
7752,1102,2025-05-26,1.87,0.0,Hora extra paga
7753,1102,2025-07-27,5.23,0.0,Hora extra paga
7754,1102,2025-12-18,4.84,4.84,Banco de horas positivo
7755,1104,2025-10-15,2.11,2.11,Banco de horas positivo
7756,1104,2025-02-09,2.56,0.0,Hora extra paga
7757,1104,2024-05-31,6.95,6.95,Banco de horas positivo
7758,1105,2025-12-02,3.46,3.46,Banco de horas positivo
7759,1105,2023-01-19,2.46,2.46,Banco de horas positivo
7760,1105,2023-05-13,1.56,0.0,Hora extra paga
7761,1105,2024-09-23,3.63,3.63,Banco de horas positivo
7762,1106,2025-02-14,3.41,3.41,Banco de horas positivo
7763,1106,2023-08-09,4.5,0.0,Hora extra paga
7764,1106,2025-01-16,8.08,0.0,Hora extra paga
7765,1106,2024-07-31,1.67,0.0,Compensação
7766,1107,2024-08-20,1.19,0.0,Hora extra paga
7767,1107,2024-06-23,3.5,3.5,Banco de horas positivo
7768,1108,2025-05-31,4.8,4.8,Banco de horas positivo
7769,1108,2025-08-05,3.16,0.0,Compensação
7770,1108,2024-05-10,5.05,0.0,Hora extra paga
7771,1108,2025-09-10,5.51,5.51,Banco de horas positivo
7772,1108,2021-08-05,2.76,2.76,Banco de horas positivo
7773,1108,2021-05-17,4.22,0.0,Hora extra paga
7774,1108,2024-10-24,1.19,0.0,Hora extra paga
7775,1108,2020-11-25,4.87,0.0,Hora extra paga
7776,1109,2021-11-02,8.79,0.0,Compensação
7777,1109,2021-01-17,12.0,12.0,Banco de horas positivo
7778,1109,2025-09-29,1.28,0.0,Hora extra paga
7779,1109,2024-11-04,1.34,0.0,Hora extra paga
7780,1109,2023-04-20,1.39,0.0,Hora extra paga
7781,1109,2021-01-11,3.23,3.23,Banco de horas positivo
7782,1109,2020-10-27,7.24,0.0,Hora extra paga
7783,1109,2023-07-27,1.58,0.0,Hora extra paga
7784,1109,2025-04-13,5.05,0.0,Hora extra paga
7785,1110,2021-02-05,7.68,0.0,Hora extra paga
7786,1110,2019-10-12,2.08,0.0,Hora extra paga
7787,1110,2023-12-17,6.77,0.0,Compensação
7788,1110,2024-04-30,6.47,0.0,Hora extra paga
7789,1110,2024-02-13,1.82,0.0,Hora extra paga
7790,1110,2020-06-20,5.85,0.0,Hora extra paga
7791,1110,2024-09-28,5.97,0.0,Hora extra paga
7792,1110,2024-03-25,6.43,0.0,Hora extra paga
7793,1110,2021-08-21,5.47,0.0,Hora extra paga
7794,1111,2024-02-09,2.4,0.0,Hora extra paga
7795,1111,2024-12-24,1.62,1.62,Banco de horas positivo
7796,1111,2025-02-28,4.14,0.0,Hora extra paga
7797,1112,2025-09-28,3.64,0.0,Hora extra paga
7798,1112,2025-09-08,4.33,4.33,Banco de horas positivo
7799,1112,2025-09-19,2.84,2.84,Banco de horas positivo
7800,1112,2024-06-19,1.22,0.0,Hora extra paga
7801,1112,2025-09-06,10.28,0.0,Compensação
7802,1112,2025-09-21,4.99,0.0,Compensação
7803,1112,2025-07-27,8.03,0.0,Hora extra paga
7804,1113,2024-02-10,2.53,0.0,Hora extra paga
7805,1113,2024-01-08,8.07,8.07,Banco de horas positivo
7806,1113,2024-04-25,1.68,0.0,Hora extra paga
7807,1114,2025-11-15,3.08,3.08,Banco de horas positivo
7808,1114,2025-08-28,5.68,5.68,Banco de horas positivo
7809,1114,2025-12-24,0.52,0.0,Hora extra paga
7810,1114,2025-11-02,2.1,2.1,Banco de horas positivo
7811,1114,2025-12-04,0.43,0.0,Hora extra paga
7812,1114,2025-10-19,2.85,2.85,Banco de horas positivo
7813,1114,2025-01-22,11.16,11.16,Banco de horas positivo
7814,1114,2025-07-31,4.09,0.0,Hora extra paga
7815,1115,2025-07-25,1.22,0.0,Hora extra paga
7816,1115,2023-08-14,4.31,4.31,Banco de horas positivo
7817,1115,2021-04-03,3.89,0.0,Hora extra paga
7818,1115,2022-11-15,2.08,0.0,Hora extra paga
7819,1115,2021-11-12,3.42,0.0,Hora extra paga
7820,1115,2022-07-27,5.45,5.45,Banco de horas positivo
7821,1115,2022-08-12,0.97,0.97,Banco de horas positivo
7822,1115,2024-02-17,12.0,0.0,Compensação
7823,1115,2022-02-25,6.78,6.78,Banco de horas positivo
7824,1115,2021-06-17,1.85,0.0,Hora extra paga
7825,1115,2024-02-13,9.31,0.0,Hora extra paga
7826,1115,2025-09-17,2.29,0.0,Hora extra paga
7827,1115,2022-08-06,5.27,5.27,Banco de horas positivo
7828,1115,2024-08-05,1.74,0.0,Hora extra paga
7829,1115,2025-09-29,3.12,0.0,Hora extra paga
7830,1116,2023-11-27,3.53,0.0,Hora extra paga
7831,1116,2023-06-25,3.72,0.0,Hora extra paga
7832,1116,2024-02-18,2.83,2.83,Banco de horas positivo
7833,1116,2023-10-10,2.37,0.0,Compensação
7834,1116,2024-11-26,7.82,7.82,Banco de horas positivo
7835,1116,2024-09-10,2.14,2.14,Banco de horas positivo
7836,1116,2025-04-21,2.66,2.66,Banco de horas positivo
7837,1116,2023-09-30,2.13,0.0,Hora extra paga
7838,1116,2025-12-13,1.62,1.62,Banco de horas positivo
7839,1116,2025-05-10,4.24,4.24,Banco de horas positivo
7840,1118,2025-05-26,5.81,0.0,Hora extra paga
7841,1118,2025-07-01,3.29,0.0,Hora extra paga
7842,1118,2025-06-16,3.95,0.0,Hora extra paga
7843,1118,2025-11-05,1.12,1.12,Banco de horas positivo
7844,1119,2019-03-24,1.07,0.0,Hora extra paga
7845,1119,2019-06-12,10.08,0.0,Hora extra paga
7846,1119,2019-03-02,3.6,3.6,Banco de horas positivo
7847,1119,2019-11-11,3.23,3.23,Banco de horas positivo
7848,1119,2022-05-13,7.11,7.11,Banco de horas positivo
7849,1119,2022-06-14,0.63,0.63,Banco de horas positivo
7850,1119,2019-09-03,1.93,1.93,Banco de horas positivo
7851,1119,2024-05-06,3.66,3.66,Banco de horas positivo
7852,1119,2023-08-03,1.44,0.0,Hora extra paga
7853,1119,2020-10-05,9.57,0.0,Hora extra paga
7854,1119,2019-11-14,0.87,0.87,Banco de horas positivo
7855,1119,2022-07-15,4.21,0.0,Hora extra paga
7856,1119,2021-08-29,1.17,1.17,Banco de horas positivo
7857,1119,2019-06-30,2.82,0.0,Hora extra paga
7858,1119,2022-04-21,9.24,0.0,Hora extra paga
7859,1119,2025-06-10,1.1,0.0,Hora extra paga
7860,1119,2019-11-28,0.93,0.0,Hora extra paga
7861,1119,2021-07-22,5.25,5.25,Banco de horas positivo
7862,1119,2022-06-26,2.95,0.0,Hora extra paga
7863,1120,2019-08-26,5.24,5.24,Banco de horas positivo
7864,1120,2019-01-30,1.63,0.0,Hora extra paga
7865,1120,2020-02-18,8.95,8.95,Banco de horas positivo
7866,1120,2021-11-18,3.0,0.0,Hora extra paga
7867,1120,2023-07-16,4.01,4.01,Banco de horas positivo
7868,1120,2022-03-18,2.67,0.0,Hora extra paga
7869,1120,2021-10-07,0.7,0.7,Banco de horas positivo
7870,1120,2020-10-15,4.93,0.0,Hora extra paga
7871,1121,2019-12-13,8.45,8.45,Banco de horas positivo
7872,1121,2025-05-15,4.99,0.0,Hora extra paga
7873,1121,2024-05-03,6.94,0.0,Hora extra paga
7874,1121,2023-07-07,6.03,0.0,Hora extra paga
7875,1121,2019-09-23,1.43,1.43,Banco de horas positivo
7876,1121,2018-08-12,1.56,0.0,Hora extra paga
7877,1122,2025-02-24,4.13,4.13,Banco de horas positivo
7878,1122,2025-03-18,1.42,0.0,Hora extra paga
7879,1122,2025-01-03,2.79,2.79,Banco de horas positivo
7880,1122,2024-09-17,0.5,0.0,Hora extra paga
7881,1122,2025-04-19,1.95,0.0,Compensação
7882,1122,2024-05-30,3.41,3.41,Banco de horas positivo
7883,1122,2025-10-29,4.7,0.0,Hora extra paga
7884,1123,2025-09-16,3.59,3.59,Banco de horas positivo
7885,1123,2024-02-05,3.13,3.13,Banco de horas positivo
7886,1123,2023-08-12,1.32,1.32,Banco de horas positivo
7887,1123,2022-11-04,11.88,0.0,Hora extra paga
7888,1124,2025-04-03,4.07,4.07,Banco de horas positivo
7889,1124,2025-07-01,1.06,0.0,Hora extra paga
7890,1124,2024-10-31,6.1,6.1,Banco de horas positivo
7891,1124,2025-01-01,2.2,2.2,Banco de horas positivo
7892,1124,2021-11-07,0.13,0.0,Hora extra paga
7893,1124,2022-10-03,4.47,0.0,Hora extra paga
7894,1124,2021-02-26,3.23,3.23,Banco de horas positivo
7895,1124,2022-12-09,2.63,0.0,Hora extra paga
7896,1124,2024-07-28,4.03,0.0,Hora extra paga
7897,1124,2025-01-25,2.22,2.22,Banco de horas positivo
7898,1124,2024-09-24,8.17,8.17,Banco de horas positivo
7899,1125,2020-01-10,5.69,5.69,Banco de horas positivo
7900,1125,2018-12-14,4.0,0.0,Hora extra paga
7901,1125,2024-02-23,3.1,3.1,Banco de horas positivo
7902,1125,2020-05-18,1.67,1.67,Banco de horas positivo
7903,1125,2020-12-12,3.74,3.74,Banco de horas positivo
7904,1125,2022-02-08,5.46,0.0,Compensação
7905,1125,2020-12-06,0.41,0.41,Banco de horas positivo
7906,1125,2018-09-04,7.28,0.0,Hora extra paga
7907,1125,2024-09-21,4.02,0.0,Hora extra paga
7908,1125,2023-10-06,6.25,0.0,Hora extra paga
7909,1125,2023-02-11,3.12,0.0,Compensação
7910,1125,2023-02-17,6.68,0.0,Hora extra paga
7911,1125,2025-02-25,4.74,0.0,Hora extra paga
7912,1125,2019-06-24,0.29,0.0,Hora extra paga
7913,1125,2025-04-23,1.76,0.0,Compensação
7914,1125,2021-04-04,5.56,0.0,Hora extra paga
7915,1125,2024-08-05,0.25,0.25,Banco de horas positivo
7916,1125,2025-04-15,1.89,0.0,Hora extra paga
7917,1126,2023-07-13,1.08,0.0,Hora extra paga
7918,1126,2022-10-04,4.16,4.16,Banco de horas positivo
7919,1127,2025-08-31,4.48,0.0,Hora extra paga
7920,1128,2025-11-02,2.57,0.0,Hora extra paga
7921,1129,2019-11-10,3.03,0.0,Hora extra paga
7922,1129,2023-08-17,1.4,0.0,Compensação
7923,1129,2023-12-27,2.67,0.0,Compensação
7924,1129,2025-06-19,7.79,0.0,Hora extra paga
7925,1129,2020-12-14,3.19,0.0,Hora extra paga
7926,1129,2019-07-11,3.54,3.54,Banco de horas positivo
7927,1129,2020-06-06,2.61,0.0,Hora extra paga
7928,1129,2024-10-15,11.25,0.0,Hora extra paga
7929,1129,2023-07-25,0.91,0.91,Banco de horas positivo
7930,1129,2022-03-27,7.73,0.0,Hora extra paga
7931,1129,2019-07-05,8.98,0.0,Hora extra paga
7932,1129,2024-07-04,6.71,6.71,Banco de horas positivo
7933,1129,2024-01-22,2.82,2.82,Banco de horas positivo
7934,1129,2024-01-24,0.97,0.97,Banco de horas positivo
7935,1129,2020-08-08,5.14,0.0,Hora extra paga
7936,1129,2025-05-18,1.82,0.0,Hora extra paga
7937,1129,2024-04-21,0.18,0.0,Hora extra paga
7938,1129,2025-11-21,2.82,0.0,Hora extra paga
7939,1129,2023-03-19,0.65,0.0,Hora extra paga
7940,1129,2024-11-11,10.31,0.0,Hora extra paga
7941,1129,2021-03-11,2.66,2.66,Banco de horas positivo
7942,1129,2022-09-25,5.48,0.0,Hora extra paga
7943,1129,2019-07-21,2.44,0.0,Hora extra paga
7944,1130,2023-09-28,4.94,0.0,Hora extra paga
7945,1130,2023-01-18,5.5,0.0,Hora extra paga
7946,1130,2023-09-18,2.76,2.76,Banco de horas positivo
7947,1130,2025-10-09,3.77,0.0,Hora extra paga
7948,1130,2023-02-27,8.91,0.0,Hora extra paga
7949,1131,2019-11-08,2.05,0.0,Compensação
7950,1131,2021-07-04,2.39,2.39,Banco de horas positivo
7951,1131,2019-12-22,5.97,5.97,Banco de horas positivo
7952,1131,2020-05-28,0.76,0.0,Hora extra paga
7953,1131,2020-02-23,2.29,0.0,Hora extra paga
7954,1131,2019-09-20,2.13,0.0,Hora extra paga
7955,1132,2024-10-16,1.79,1.79,Banco de horas positivo
7956,1132,2025-08-07,1.01,0.0,Hora extra paga
7957,1132,2025-12-25,1.39,1.39,Banco de horas positivo
7958,1133,2021-05-27,5.63,0.0,Hora extra paga
7959,1133,2024-05-26,1.53,0.0,Hora extra paga
7960,1133,2021-11-25,0.22,0.0,Hora extra paga
7961,1133,2020-03-05,12.0,0.0,Hora extra paga
7962,1133,2019-09-15,11.08,0.0,Hora extra paga
7963,1133,2019-12-04,3.49,0.0,Hora extra paga
7964,1133,2022-06-01,6.01,6.01,Banco de horas positivo
7965,1133,2022-05-19,1.26,1.26,Banco de horas positivo
7966,1133,2022-05-31,1.95,1.95,Banco de horas positivo
7967,1133,2020-09-25,3.6,0.0,Hora extra paga
7968,1133,2023-03-27,6.94,0.0,Hora extra paga
7969,1133,2020-08-01,3.36,0.0,Compensação
7970,1133,2020-01-17,6.28,0.0,Hora extra paga
7971,1133,2022-06-01,1.65,0.0,Hora extra paga
7972,1133,2021-08-05,0.81,0.81,Banco de horas positivo
7973,1134,2025-03-24,4.31,4.31,Banco de horas positivo
7974,1135,2022-01-02,3.28,0.0,Hora extra paga
7975,1135,2024-03-04,0.95,0.0,Compensação
7976,1135,2020-06-09,0.07,0.07,Banco de horas positivo
7977,1135,2025-12-05,5.77,5.77,Banco de horas positivo
7978,1135,2021-06-26,1.0,1.0,Banco de horas positivo
7979,1135,2019-12-24,0.43,0.0,Hora extra paga
7980,1135,2021-02-12,1.44,1.44,Banco de horas positivo
7981,1135,2023-03-20,0.68,0.0,Compensação
7982,1135,2020-04-08,2.92,0.0,Hora extra paga
7983,1135,2021-09-12,3.17,0.0,Hora extra paga
7984,1135,2025-04-04,7.7,0.0,Hora extra paga
7985,1135,2024-11-26,2.2,2.2,Banco de horas positivo
7986,1135,2021-08-23,4.05,0.0,Hora extra paga
7987,1135,2021-10-30,5.33,5.33,Banco de horas positivo
7988,1135,2024-08-17,4.98,0.0,Hora extra paga
7989,1135,2019-12-05,6.83,0.0,Hora extra paga
7990,1135,2021-08-08,2.51,0.0,Hora extra paga
7991,1135,2022-10-26,1.5,1.5,Banco de horas positivo
7992,1135,2021-07-15,2.0,0.0,Hora extra paga
7993,1135,2022-10-08,6.05,0.0,Hora extra paga
7994,1135,2022-12-15,5.68,5.68,Banco de horas positivo
7995,1135,2022-07-23,4.91,0.0,Hora extra paga
7996,1136,2022-04-02,1.3,1.3,Banco de horas positivo
7997,1137,2022-03-12,1.07,0.0,Hora extra paga
7998,1137,2023-09-03,5.19,0.0,Compensação
7999,1137,2024-01-02,3.13,0.0,Hora extra paga
8000,1137,2020-08-03,5.45,0.0,Hora extra paga
8001,1137,2024-12-16,3.89,0.0,Hora extra paga
8002,1137,2022-02-08,2.36,0.0,Hora extra paga
8003,1137,2023-05-10,1.44,0.0,Hora extra paga
8004,1137,2023-01-03,3.34,0.0,Hora extra paga
8005,1137,2020-09-24,0.43,0.0,Hora extra paga
8006,1137,2023-01-29,2.7,0.0,Compensação
8007,1137,2024-10-16,2.51,2.51,Banco de horas positivo
8008,1138,2025-02-17,8.94,0.0,Hora extra paga
8009,1138,2024-10-18,5.03,5.03,Banco de horas positivo
8010,1138,2023-12-29,3.9,0.0,Hora extra paga
8011,1139,2023-08-11,1.78,1.78,Banco de horas positivo
8012,1139,2024-02-11,2.2,0.0,Hora extra paga
8013,1139,2022-09-18,2.38,0.0,Hora extra paga
8014,1139,2022-05-17,7.34,0.0,Hora extra paga
8015,1139,2024-12-25,1.86,0.0,Compensação
8016,1140,2022-11-08,2.76,0.0,Compensação
8017,1140,2022-05-04,2.56,2.56,Banco de horas positivo
8018,1140,2020-12-18,2.78,0.0,Hora extra paga
8019,1140,2024-11-23,4.36,4.36,Banco de horas positivo
8020,1141,2025-04-09,1.71,1.71,Banco de horas positivo
8021,1141,2024-06-08,1.7,0.0,Hora extra paga
8022,1141,2021-06-05,1.21,1.21,Banco de horas positivo
8023,1141,2025-06-08,3.13,3.13,Banco de horas positivo
8024,1141,2023-09-02,1.85,0.0,Hora extra paga
8025,1141,2024-07-22,4.66,4.66,Banco de horas positivo
8026,1141,2021-03-20,7.98,7.98,Banco de horas positivo
8027,1141,2024-11-19,3.05,0.0,Hora extra paga
8028,1141,2024-02-25,2.27,2.27,Banco de horas positivo
8029,1141,2025-10-23,4.19,4.19,Banco de horas positivo
8030,1141,2025-05-28,6.47,0.0,Hora extra paga
8031,1141,2023-01-11,3.41,0.0,Compensação
8032,1141,2021-07-12,5.87,0.0,Hora extra paga
8033,1141,2023-09-26,1.28,0.0,Hora extra paga
8034,1142,2022-12-21,4.71,0.0,Hora extra paga
8035,1142,2022-02-27,5.08,0.0,Hora extra paga
8036,1142,2024-03-08,1.34,0.0,Hora extra paga
8037,1142,2021-03-04,5.7,0.0,Hora extra paga
8038,1142,2023-04-19,2.69,0.0,Compensação
8039,1142,2024-03-27,5.79,0.0,Hora extra paga
8040,1142,2024-08-04,1.92,0.0,Hora extra paga
8041,1142,2022-06-14,5.51,0.0,Hora extra paga
8042,1142,2023-02-28,3.58,3.58,Banco de horas positivo
8043,1142,2020-09-15,7.93,0.0,Hora extra paga
8044,1142,2021-02-11,5.28,0.0,Hora extra paga
8045,1142,2024-04-06,3.27,3.27,Banco de horas positivo
8046,1142,2025-12-31,1.11,1.11,Banco de horas positivo
8047,1142,2020-04-22,10.04,10.04,Banco de horas positivo
8048,1142,2024-02-26,10.21,10.21,Banco de horas positivo
8049,1142,2024-03-05,5.17,5.17,Banco de horas positivo
8050,1142,2021-03-06,2.32,2.32,Banco de horas positivo
8051,1143,2025-09-23,1.05,1.05,Banco de horas positivo
8052,1143,2025-10-09,6.33,0.0,Hora extra paga
8053,1143,2022-03-06,6.43,0.0,Hora extra paga
8054,1143,2023-06-11,2.93,0.0,Hora extra paga
8055,1143,2024-03-05,2.34,0.0,Compensação
8056,1143,2023-02-07,3.24,3.24,Banco de horas positivo
8057,1143,2023-03-01,0.44,0.0,Hora extra paga
8058,1144,2025-05-31,3.3,0.0,Hora extra paga
8059,1144,2022-11-14,2.8,0.0,Hora extra paga
8060,1144,2025-12-21,5.76,0.0,Compensação
8061,1144,2022-07-28,6.01,0.0,Compensação
8062,1144,2021-04-05,4.78,0.0,Hora extra paga
8063,1144,2025-03-22,2.2,2.2,Banco de horas positivo
8064,1144,2025-12-10,6.56,6.56,Banco de horas positivo
8065,1144,2019-10-13,2.69,0.0,Hora extra paga
8066,1144,2022-12-08,5.99,0.0,Hora extra paga
8067,1145,2021-10-09,3.24,0.0,Hora extra paga
8068,1145,2024-04-07,2.2,0.0,Hora extra paga
8069,1145,2024-02-28,3.11,3.11,Banco de horas positivo
8070,1145,2021-07-10,4.89,0.0,Hora extra paga
8071,1145,2021-10-16,7.57,0.0,Compensação
8072,1145,2023-02-08,3.91,0.0,Hora extra paga
8073,1145,2021-07-28,5.7,0.0,Hora extra paga
8074,1145,2024-10-20,5.04,0.0,Hora extra paga
8075,1145,2022-11-20,9.54,9.54,Banco de horas positivo
8076,1145,2021-07-30,4.56,0.0,Hora extra paga
8077,1146,2025-11-25,3.16,0.0,Hora extra paga
8078,1146,2024-10-05,5.54,0.0,Hora extra paga
8079,1147,2020-04-06,1.16,1.16,Banco de horas positivo
8080,1147,2020-03-22,1.36,0.0,Hora extra paga
8081,1147,2019-02-18,3.7,0.0,Hora extra paga
8082,1147,2021-07-02,3.63,0.0,Compensação
8083,1147,2020-01-09,3.83,0.0,Hora extra paga
8084,1147,2018-07-30,2.91,2.91,Banco de horas positivo
8085,1147,2022-09-28,1.84,0.0,Hora extra paga
8086,1148,2023-09-27,2.31,2.31,Banco de horas positivo
8087,1148,2025-09-24,1.84,0.0,Hora extra paga
8088,1148,2025-05-28,0.94,0.0,Hora extra paga
8089,1148,2023-03-08,3.43,0.0,Hora extra paga
8090,1148,2023-05-05,2.24,0.0,Hora extra paga
8091,1148,2022-10-19,1.49,0.0,Hora extra paga
8092,1148,2025-05-15,2.38,0.0,Hora extra paga
8093,1148,2022-06-24,4.17,0.0,Hora extra paga
8094,1148,2023-07-08,1.86,1.86,Banco de horas positivo
8095,1148,2025-08-23,3.37,3.37,Banco de horas positivo
8096,1149,2025-01-27,1.9,0.0,Hora extra paga
8097,1149,2025-02-19,6.65,0.0,Hora extra paga
8098,1149,2023-10-30,1.98,0.0,Hora extra paga
8099,1150,2019-12-03,4.4,0.0,Compensação
8100,1150,2020-03-14,2.48,0.0,Hora extra paga
8101,1150,2020-08-02,5.46,0.0,Hora extra paga
8102,1150,2020-05-21,9.87,0.0,Hora extra paga
8103,1150,2020-08-17,0.74,0.0,Hora extra paga
8104,1151,2025-10-24,1.26,1.26,Banco de horas positivo
8105,1151,2024-01-27,10.18,0.0,Compensação
8106,1151,2022-09-20,5.04,5.04,Banco de horas positivo
8107,1151,2019-10-31,2.47,0.0,Hora extra paga
8108,1151,2024-07-31,5.7,5.7,Banco de horas positivo
8109,1151,2025-08-01,8.74,8.74,Banco de horas positivo
8110,1151,2025-08-27,4.44,4.44,Banco de horas positivo
8111,1151,2019-09-25,9.73,0.0,Compensação
8112,1151,2021-04-17,4.85,4.85,Banco de horas positivo
8113,1151,2023-12-27,2.46,0.0,Hora extra paga
8114,1151,2023-03-15,6.91,0.0,Hora extra paga
8115,1151,2021-05-11,6.68,0.0,Hora extra paga
8116,1151,2023-05-21,5.17,0.0,Compensação
8117,1151,2020-08-10,3.02,0.0,Hora extra paga
8118,1151,2023-11-18,9.59,0.0,Hora extra paga
8119,1151,2022-10-06,3.38,0.0,Hora extra paga
8120,1151,2024-07-01,1.61,0.0,Hora extra paga
8121,1152,2025-04-18,8.94,0.0,Hora extra paga
8122,1152,2024-03-11,3.66,3.66,Banco de horas positivo
8123,1152,2024-03-08,3.97,3.97,Banco de horas positivo
8124,1152,2024-04-11,7.72,7.72,Banco de horas positivo
8125,1153,2024-04-30,4.41,0.0,Hora extra paga
8126,1153,2024-10-01,2.37,0.0,Hora extra paga
8127,1153,2023-02-24,3.27,0.0,Hora extra paga
8128,1153,2023-07-13,0.98,0.98,Banco de horas positivo
8129,1153,2022-09-20,4.79,4.79,Banco de horas positivo
8130,1153,2023-06-22,0.42,0.42,Banco de horas positivo
8131,1153,2025-10-19,1.12,0.0,Hora extra paga
8132,1153,2025-01-13,0.6,0.0,Hora extra paga
8133,1154,2024-10-08,4.19,4.19,Banco de horas positivo
8134,1154,2024-07-25,2.77,2.77,Banco de horas positivo
8135,1154,2023-03-16,2.55,0.0,Hora extra paga
8136,1154,2025-11-28,11.32,11.32,Banco de horas positivo
8137,1154,2025-12-06,4.7,4.7,Banco de horas positivo
8138,1154,2023-05-22,5.62,5.62,Banco de horas positivo
8139,1154,2025-07-05,4.87,0.0,Hora extra paga
8140,1154,2025-10-27,1.74,0.0,Hora extra paga
8141,1155,2021-01-16,5.38,5.38,Banco de horas positivo
8142,1155,2023-08-22,2.14,2.14,Banco de horas positivo
8143,1155,2024-11-03,4.16,4.16,Banco de horas positivo
8144,1155,2024-03-13,1.82,1.82,Banco de horas positivo
8145,1155,2023-12-08,1.21,0.0,Hora extra paga
8146,1155,2023-07-07,2.22,0.0,Compensação
8147,1155,2021-01-16,4.91,0.0,Compensação
8148,1155,2024-02-24,1.32,0.0,Hora extra paga
8149,1155,2021-09-30,1.02,0.0,Hora extra paga
8150,1155,2021-01-13,3.47,0.0,Hora extra paga
8151,1155,2024-08-12,0.9,0.0,Hora extra paga
8152,1156,2020-09-14,0.52,0.0,Hora extra paga
8153,1156,2020-06-04,2.78,2.78,Banco de horas positivo
8154,1156,2025-06-14,1.76,0.0,Compensação
8155,1156,2022-07-20,7.95,7.95,Banco de horas positivo
8156,1156,2021-11-17,0.59,0.59,Banco de horas positivo
8157,1156,2020-04-09,1.67,1.67,Banco de horas positivo
8158,1156,2020-06-01,1.26,0.0,Hora extra paga
8159,1156,2021-08-16,3.95,0.0,Hora extra paga
8160,1156,2021-01-05,4.05,0.0,Hora extra paga
8161,1156,2023-10-04,1.21,0.0,Hora extra paga
8162,1156,2023-08-19,2.95,0.0,Hora extra paga
8163,1156,2020-07-05,1.61,0.0,Hora extra paga
8164,1156,2020-06-19,4.16,4.16,Banco de horas positivo
8165,1156,2023-02-23,5.78,0.0,Hora extra paga
8166,1156,2025-05-30,5.1,0.0,Hora extra paga
8167,1156,2022-06-24,0.78,0.0,Compensação
8168,1156,2025-08-05,2.21,0.0,Hora extra paga
8169,1156,2023-03-08,4.06,4.06,Banco de horas positivo
8170,1156,2025-09-04,5.58,0.0,Hora extra paga
8171,1156,2019-11-30,1.06,1.06,Banco de horas positivo
8172,1156,2023-03-26,2.25,2.25,Banco de horas positivo
8173,1156,2021-03-19,2.72,2.72,Banco de horas positivo
8174,1156,2023-11-12,3.56,0.0,Compensação
8175,1156,2022-02-02,2.21,2.21,Banco de horas positivo
8176,1157,2023-02-11,2.85,0.0,Hora extra paga
8177,1157,2025-10-04,1.68,1.68,Banco de horas positivo
8178,1157,2022-09-27,2.95,0.0,Hora extra paga
8179,1157,2022-09-11,2.36,0.0,Hora extra paga
8180,1157,2025-05-26,1.18,0.0,Hora extra paga
8181,1157,2025-09-30,0.68,0.68,Banco de horas positivo
8182,1157,2024-04-30,9.25,0.0,Compensação
8183,1158,2023-10-13,0.08,0.08,Banco de horas positivo
8184,1158,2024-02-25,3.14,0.0,Hora extra paga
8185,1158,2024-05-16,11.4,0.0,Hora extra paga
8186,1159,2021-10-31,3.96,0.0,Hora extra paga
8187,1159,2021-10-19,4.94,4.94,Banco de horas positivo
8188,1160,2021-05-27,5.94,5.94,Banco de horas positivo
8189,1160,2021-04-08,1.58,1.58,Banco de horas positivo
8190,1160,2019-10-29,3.63,0.0,Compensação
8191,1160,2023-02-20,2.79,0.0,Compensação
8192,1160,2022-02-26,1.78,0.0,Hora extra paga
8193,1160,2024-11-23,2.39,0.0,Hora extra paga
8194,1161,2025-04-09,5.12,0.0,Compensação
8195,1161,2021-07-05,0.63,0.63,Banco de horas positivo
8196,1161,2024-02-20,4.84,0.0,Compensação
8197,1161,2024-02-23,0.83,0.0,Hora extra paga
8198,1161,2022-12-31,1.25,1.25,Banco de horas positivo
8199,1161,2023-07-05,0.48,0.0,Hora extra paga
8200,1161,2025-06-16,0.7,0.7,Banco de horas positivo
8201,1162,2022-08-06,1.52,0.0,Hora extra paga
8202,1162,2022-10-18,6.35,6.35,Banco de horas positivo
8203,1162,2024-11-10,3.43,3.43,Banco de horas positivo
8204,1163,2023-06-18,4.34,0.0,Hora extra paga
8205,1163,2023-11-30,2.24,0.0,Hora extra paga
8206,1163,2024-03-30,2.84,0.0,Compensação
8207,1163,2023-08-04,1.89,0.0,Hora extra paga
8208,1163,2025-08-18,3.21,3.21,Banco de horas positivo
8209,1163,2023-07-02,8.06,8.06,Banco de horas positivo
8210,1163,2024-10-06,1.62,0.0,Hora extra paga
8211,1163,2025-05-01,6.64,6.64,Banco de horas positivo
8212,1164,2025-08-16,3.81,0.0,Hora extra paga
8213,1164,2023-09-28,8.22,8.22,Banco de horas positivo
8214,1164,2025-11-03,2.74,0.0,Hora extra paga
8215,1164,2025-04-07,2.47,0.0,Hora extra paga
8216,1164,2025-02-20,3.07,0.0,Hora extra paga
8217,1164,2024-06-26,2.22,0.0,Hora extra paga
8218,1164,2025-07-30,3.67,3.67,Banco de horas positivo
8219,1164,2024-03-20,6.71,6.71,Banco de horas positivo
8220,1165,2025-10-30,12.0,0.0,Hora extra paga
8221,1165,2024-02-15,2.72,0.0,Hora extra paga
8222,1165,2024-12-16,4.43,0.0,Hora extra paga
8223,1165,2025-04-28,6.18,0.0,Hora extra paga
8224,1165,2024-10-08,4.66,0.0,Hora extra paga
8225,1165,2024-11-19,12.0,12.0,Banco de horas positivo
8226,1165,2023-05-04,0.84,0.84,Banco de horas positivo
8227,1165,2024-11-18,3.45,3.45,Banco de horas positivo
8228,1165,2023-08-10,3.08,3.08,Banco de horas positivo
8229,1166,2022-02-19,4.43,0.0,Hora extra paga
8230,1166,2022-07-30,4.61,4.61,Banco de horas positivo
8231,1166,2023-12-23,5.38,0.0,Hora extra paga
8232,1167,2024-07-17,1.93,0.0,Hora extra paga
8233,1167,2020-05-11,4.6,0.0,Hora extra paga
8234,1167,2024-05-27,1.77,0.0,Hora extra paga
8235,1167,2022-12-06,3.98,0.0,Hora extra paga
8236,1167,2020-06-24,1.39,0.0,Hora extra paga
8237,1168,2022-09-08,4.21,4.21,Banco de horas positivo
8238,1169,2025-07-23,6.95,6.95,Banco de horas positivo
8239,1169,2024-09-08,0.91,0.91,Banco de horas positivo
8240,1169,2025-12-24,7.63,0.0,Hora extra paga
8241,1169,2025-04-29,0.61,0.61,Banco de horas positivo
8242,1169,2024-07-11,2.65,2.65,Banco de horas positivo
8243,1169,2024-11-04,4.9,0.0,Hora extra paga
8244,1170,2023-06-01,12.0,0.0,Hora extra paga
8245,1170,2024-09-03,7.61,7.61,Banco de horas positivo
8246,1170,2025-06-14,3.15,0.0,Hora extra paga
8247,1170,2024-04-01,3.17,3.17,Banco de horas positivo
8248,1170,2019-04-16,11.37,11.37,Banco de horas positivo
8249,1170,2021-08-24,6.27,0.0,Hora extra paga
8250,1170,2023-07-30,12.0,0.0,Hora extra paga
8251,1170,2025-01-07,3.07,0.0,Hora extra paga
8252,1171,2025-09-10,0.91,0.0,Hora extra paga
8253,1171,2025-06-12,3.52,3.52,Banco de horas positivo
8254,1172,2024-12-17,5.2,0.0,Hora extra paga
8255,1172,2023-05-26,5.58,5.58,Banco de horas positivo
8256,1172,2025-04-24,10.9,0.0,Hora extra paga
8257,1172,2024-06-07,6.05,0.0,Compensação
8258,1172,2023-05-05,2.1,0.0,Hora extra paga
8259,1172,2025-04-30,7.68,0.0,Hora extra paga
8260,1172,2025-04-29,5.2,0.0,Compensação
8261,1172,2024-06-11,6.89,6.89,Banco de horas positivo
8262,1173,2023-10-15,3.55,3.55,Banco de horas positivo
8263,1173,2021-05-27,4.63,0.0,Hora extra paga
8264,1173,2023-06-08,1.04,1.04,Banco de horas positivo
8265,1173,2021-08-08,9.92,9.92,Banco de horas positivo
8266,1173,2022-01-29,12.0,12.0,Banco de horas positivo
8267,1173,2025-06-14,2.25,0.0,Hora extra paga
8268,1173,2024-05-01,1.75,0.0,Hora extra paga
8269,1173,2024-12-12,4.35,0.0,Hora extra paga
8270,1173,2021-11-05,4.2,4.2,Banco de horas positivo
8271,1173,2024-12-25,5.41,0.0,Hora extra paga
8272,1173,2024-11-26,0.89,0.89,Banco de horas positivo
8273,1173,2023-10-05,3.66,0.0,Hora extra paga
8274,1174,2024-04-13,6.92,6.92,Banco de horas positivo
8275,1174,2022-11-02,4.95,0.0,Hora extra paga
8276,1174,2023-06-21,1.88,0.0,Hora extra paga
8277,1174,2022-11-08,0.08,0.0,Hora extra paga
8278,1174,2024-01-03,3.74,3.74,Banco de horas positivo
8279,1174,2023-01-14,7.49,0.0,Hora extra paga
8280,1175,2024-05-26,2.07,2.07,Banco de horas positivo
8281,1175,2021-09-28,7.79,0.0,Hora extra paga
8282,1175,2022-01-01,3.2,0.0,Compensação
8283,1175,2021-05-29,4.07,4.07,Banco de horas positivo
8284,1175,2025-08-05,1.59,1.59,Banco de horas positivo
8285,1175,2025-03-26,4.87,4.87,Banco de horas positivo
8286,1175,2022-05-29,2.41,2.41,Banco de horas positivo
8287,1175,2024-08-29,2.33,0.0,Hora extra paga
8288,1175,2021-03-29,1.45,0.0,Hora extra paga
8289,1176,2021-02-23,2.01,0.0,Compensação
8290,1176,2022-05-23,4.28,4.28,Banco de horas positivo
8291,1176,2021-02-07,1.49,0.0,Hora extra paga
8292,1176,2020-06-22,1.76,1.76,Banco de horas positivo
8293,1176,2023-10-03,4.57,0.0,Hora extra paga
8294,1176,2021-10-25,2.35,0.0,Hora extra paga
8295,1176,2022-03-31,1.67,0.0,Hora extra paga
8296,1176,2021-03-25,6.41,0.0,Hora extra paga
8297,1176,2024-03-16,2.73,2.73,Banco de horas positivo
8298,1176,2021-06-19,3.14,0.0,Hora extra paga
8299,1176,2024-08-24,2.41,0.0,Compensação
8300,1176,2022-12-04,5.16,0.0,Hora extra paga
8301,1177,2025-07-19,0.68,0.0,Hora extra paga
8302,1177,2024-06-18,1.95,0.0,Hora extra paga
8303,1177,2025-01-07,3.26,3.26,Banco de horas positivo
8304,1177,2024-09-25,4.63,0.0,Hora extra paga
8305,1177,2025-05-17,0.78,0.0,Hora extra paga
8306,1177,2025-02-05,2.11,0.0,Hora extra paga
8307,1177,2024-06-14,5.16,0.0,Hora extra paga
8308,1178,2022-11-05,11.42,0.0,Hora extra paga
8309,1179,2020-09-17,3.17,0.0,Hora extra paga
8310,1179,2025-11-24,0.09,0.0,Hora extra paga
8311,1179,2021-07-19,1.07,0.0,Hora extra paga
8312,1179,2023-11-09,8.34,8.34,Banco de horas positivo
8313,1179,2019-12-03,6.6,0.0,Hora extra paga
8314,1179,2020-01-04,2.37,0.0,Compensação
8315,1179,2025-06-08,2.1,0.0,Hora extra paga
8316,1179,2024-04-12,2.91,0.0,Hora extra paga
8317,1179,2019-12-09,1.19,1.19,Banco de horas positivo
8318,1179,2020-12-11,4.21,0.0,Hora extra paga
8319,1179,2024-08-26,8.84,8.84,Banco de horas positivo
8320,1179,2023-05-14,1.1,0.0,Hora extra paga
8321,1179,2024-12-25,4.22,0.0,Hora extra paga
8322,1179,2022-10-07,1.76,1.76,Banco de horas positivo
8323,1179,2023-01-23,0.58,0.58,Banco de horas positivo
8324,1179,2022-05-06,1.61,0.0,Hora extra paga
8325,1180,2023-01-30,9.7,9.7,Banco de horas positivo
8326,1180,2021-07-21,3.53,0.0,Hora extra paga
8327,1180,2020-07-04,1.15,1.15,Banco de horas positivo
8328,1180,2023-08-05,0.68,0.68,Banco de horas positivo
8329,1180,2023-03-22,1.06,0.0,Hora extra paga
8330,1180,2023-03-05,3.19,0.0,Hora extra paga
8331,1180,2023-03-20,1.54,0.0,Hora extra paga
8332,1180,2023-09-17,2.59,0.0,Compensação
8333,1180,2022-07-17,6.86,0.0,Compensação
8334,1180,2025-10-11,4.06,0.0,Hora extra paga
8335,1180,2021-01-11,3.73,3.73,Banco de horas positivo
8336,1181,2020-09-20,6.71,0.0,Hora extra paga
8337,1181,2025-07-30,4.97,4.97,Banco de horas positivo
8338,1181,2019-07-05,1.15,1.15,Banco de horas positivo
8339,1181,2025-08-14,3.18,0.0,Hora extra paga
8340,1181,2020-09-05,3.79,0.0,Hora extra paga
8341,1181,2025-06-21,10.19,0.0,Compensação
8342,1181,2023-09-10,3.1,0.0,Hora extra paga
8343,1181,2023-03-24,5.74,0.0,Hora extra paga
8344,1181,2023-04-04,3.2,0.0,Hora extra paga
8345,1181,2025-04-06,2.31,2.31,Banco de horas positivo
8346,1181,2021-09-11,8.75,0.0,Hora extra paga
8347,1181,2022-07-03,6.82,6.82,Banco de horas positivo
8348,1182,2023-07-02,2.08,0.0,Hora extra paga
8349,1182,2024-01-11,3.85,3.85,Banco de horas positivo
8350,1183,2025-05-26,9.05,9.05,Banco de horas positivo
8351,1183,2025-06-03,3.09,0.0,Hora extra paga
8352,1183,2024-09-21,5.3,0.0,Compensação
8353,1183,2024-10-02,2.54,0.0,Hora extra paga
8354,1183,2025-12-16,3.52,0.0,Hora extra paga
8355,1184,2025-08-11,6.87,0.0,Compensação
8356,1184,2025-01-01,2.44,0.0,Hora extra paga
8357,1184,2023-03-28,1.48,0.0,Hora extra paga
8358,1184,2021-12-29,2.36,0.0,Hora extra paga
8359,1184,2021-11-06,0.43,0.0,Compensação
8360,1184,2023-12-04,2.17,0.0,Hora extra paga
8361,1184,2024-08-12,3.65,0.0,Compensação
8362,1184,2023-12-07,9.23,0.0,Hora extra paga
8363,1184,2021-06-14,2.93,2.93,Banco de horas positivo
8364,1185,2024-08-10,3.77,0.0,Compensação
8365,1185,2025-02-23,6.72,6.72,Banco de horas positivo
8366,1186,2025-07-10,9.69,0.0,Hora extra paga
8367,1186,2025-06-12,1.49,1.49,Banco de horas positivo
8368,1187,2021-11-09,3.16,3.16,Banco de horas positivo
8369,1187,2023-02-08,4.63,0.0,Hora extra paga
8370,1187,2024-01-30,2.83,2.83,Banco de horas positivo
8371,1187,2022-05-14,2.51,0.0,Hora extra paga
8372,1187,2024-02-23,4.33,0.0,Hora extra paga
8373,1187,2022-07-28,6.72,6.72,Banco de horas positivo
8374,1187,2023-07-12,12.0,12.0,Banco de horas positivo
8375,1187,2024-10-29,10.35,0.0,Compensação
8376,1187,2024-02-29,3.99,3.99,Banco de horas positivo
8377,1187,2021-12-17,4.53,0.0,Hora extra paga
8378,1187,2024-04-19,3.53,3.53,Banco de horas positivo
8379,1187,2021-11-06,3.88,0.0,Hora extra paga
8380,1187,2023-06-14,3.77,3.77,Banco de horas positivo
8381,1188,2024-07-22,5.49,0.0,Hora extra paga
8382,1188,2021-04-02,2.57,0.0,Hora extra paga
8383,1188,2024-04-01,2.28,0.0,Hora extra paga
8384,1188,2024-01-29,3.68,0.0,Hora extra paga
8385,1188,2019-09-14,2.03,2.03,Banco de horas positivo
8386,1188,2020-12-28,4.98,4.98,Banco de horas positivo
8387,1188,2021-09-23,2.05,2.05,Banco de horas positivo
8388,1188,2023-06-27,6.39,0.0,Hora extra paga
8389,1188,2020-03-24,1.03,1.03,Banco de horas positivo
8390,1188,2023-08-18,6.73,0.0,Hora extra paga
8391,1188,2025-03-05,7.39,0.0,Hora extra paga
8392,1188,2023-08-14,1.56,1.56,Banco de horas positivo
8393,1188,2019-10-30,0.88,0.88,Banco de horas positivo
8394,1188,2020-04-26,4.32,0.0,Compensação
8395,1188,2023-09-21,2.35,2.35,Banco de horas positivo
8396,1188,2021-10-03,1.95,0.0,Hora extra paga
8397,1190,2018-09-04,4.89,0.0,Hora extra paga
8398,1190,2019-05-22,3.42,0.0,Hora extra paga
8399,1190,2023-07-30,2.88,2.88,Banco de horas positivo
8400,1190,2021-03-18,3.83,3.83,Banco de horas positivo
8401,1190,2025-09-30,12.0,12.0,Banco de horas positivo
8402,1190,2019-08-22,5.63,5.63,Banco de horas positivo
8403,1190,2023-05-17,1.6,0.0,Hora extra paga
8404,1190,2024-03-14,0.63,0.0,Hora extra paga
8405,1190,2019-09-06,3.13,0.0,Hora extra paga
8406,1190,2022-03-04,5.05,0.0,Compensação
8407,1190,2023-05-17,3.43,3.43,Banco de horas positivo
8408,1190,2019-03-27,5.16,0.0,Hora extra paga
8409,1190,2022-07-08,5.75,0.0,Hora extra paga
8410,1190,2024-07-13,4.1,4.1,Banco de horas positivo
8411,1190,2023-07-25,2.42,0.0,Hora extra paga
8412,1190,2025-01-16,7.19,0.0,Hora extra paga
8413,1191,2024-02-04,1.88,1.88,Banco de horas positivo
8414,1191,2024-07-13,4.3,0.0,Compensação
8415,1191,2024-03-10,4.96,0.0,Hora extra paga
8416,1191,2024-04-04,3.26,0.0,Hora extra paga
8417,1192,2022-07-17,7.35,0.0,Hora extra paga
8418,1192,2023-01-23,2.98,2.98,Banco de horas positivo
8419,1192,2020-07-07,3.44,0.0,Compensação
8420,1192,2022-01-07,1.94,0.0,Hora extra paga
8421,1192,2022-06-04,8.92,0.0,Hora extra paga
8422,1192,2023-05-02,3.46,0.0,Hora extra paga
8423,1192,2023-02-14,0.79,0.0,Hora extra paga
8424,1192,2024-08-19,5.51,5.51,Banco de horas positivo
8425,1192,2022-08-25,4.73,0.0,Hora extra paga
8426,1192,2020-04-22,7.39,7.39,Banco de horas positivo
8427,1192,2023-11-19,5.95,5.95,Banco de horas positivo
8428,1192,2022-08-21,1.79,1.79,Banco de horas positivo
8429,1192,2023-10-09,5.53,0.0,Hora extra paga
8430,1192,2022-01-26,2.42,2.42,Banco de horas positivo
8431,1192,2020-10-05,5.66,0.0,Hora extra paga
8432,1192,2023-04-06,2.13,2.13,Banco de horas positivo
8433,1192,2024-12-01,3.2,0.0,Compensação
8434,1194,2025-06-28,2.56,0.0,Hora extra paga
8435,1195,2018-12-18,3.86,0.0,Hora extra paga
8436,1195,2021-12-07,2.66,0.0,Hora extra paga
8437,1195,2023-07-08,6.66,0.0,Hora extra paga
8438,1195,2019-09-26,5.53,5.53,Banco de horas positivo
8439,1195,2024-10-10,7.8,0.0,Hora extra paga
8440,1195,2019-04-02,6.23,6.23,Banco de horas positivo
8441,1195,2025-07-25,2.54,0.0,Hora extra paga
8442,1195,2024-03-28,4.51,0.0,Hora extra paga
8443,1196,2024-03-28,1.66,1.66,Banco de horas positivo
8444,1196,2023-11-22,4.17,0.0,Compensação
8445,1196,2023-08-24,3.7,0.0,Hora extra paga
8446,1196,2022-11-23,1.19,1.19,Banco de horas positivo
8447,1196,2023-02-07,1.55,0.0,Hora extra paga
8448,1196,2024-10-31,1.66,0.0,Hora extra paga
8449,1196,2025-12-01,3.83,0.0,Compensação
8450,1196,2022-05-08,6.79,0.0,Hora extra paga
8451,1196,2025-06-01,4.85,0.0,Hora extra paga
8452,1196,2024-09-10,8.52,0.0,Hora extra paga
8453,1198,2022-12-16,2.1,0.0,Compensação
8454,1198,2020-10-29,10.99,10.99,Banco de horas positivo
8455,1198,2023-03-28,2.32,0.0,Hora extra paga
8456,1198,2022-02-14,4.56,0.0,Compensação
8457,1198,2022-10-10,2.1,0.0,Hora extra paga
8458,1198,2019-10-20,4.73,0.0,Hora extra paga
8459,1198,2021-01-20,1.63,0.0,Hora extra paga
8460,1198,2020-08-08,6.23,6.23,Banco de horas positivo
8461,1198,2022-01-13,3.92,0.0,Hora extra paga
8462,1198,2023-12-21,1.89,1.89,Banco de horas positivo
8463,1198,2021-05-18,1.26,0.0,Compensação
8464,1198,2023-07-31,1.01,1.01,Banco de horas positivo
8465,1198,2022-11-10,2.64,0.0,Hora extra paga
8466,1198,2018-07-01,3.38,3.38,Banco de horas positivo
8467,1198,2022-08-13,2.28,0.0,Compensação
8468,1198,2023-09-04,8.06,8.06,Banco de horas positivo
8469,1198,2018-12-21,4.44,0.0,Hora extra paga
8470,1199,2024-06-29,3.92,3.92,Banco de horas positivo
8471,1200,2024-05-23,3.96,3.96,Banco de horas positivo
8472,1200,2024-07-20,1.77,1.77,Banco de horas positivo
8473,1200,2025-12-17,1.45,1.45,Banco de horas positivo
